card_id	german	tatoeba_attribution
x20000	ich	CC-BY 2.0 (France) Attribution: tatoeba.org #1110539 (Scott) & #1164021 (Sudajaengi)
x20001	sie	CC-BY 2.0 (France) Attribution: tatoeba.org #7998622 (raggione) & #1791489 (Pfirsichbaeumchen)
x20002	der	CC-BY 2.0 (France) Attribution: tatoeba.org #523175 (CK) & #8788687 (Pfirsichbaeumchen)
x20003	du	CC-BY 2.0 (France) Attribution: tatoeba.org #2218387 (CK) & #10081924 (wolfgangth)
x20004	es	CC-BY 2.0 (France) Attribution: tatoeba.org #2528426 (CK) & #8641076 (Melang)
x20005	wir	CC-BY 2.0 (France) Attribution: tatoeba.org #3519549 (CK) & #5689480 (dasbeispielholz)
x20006	er	CC-BY 2.0 (France) Attribution: tatoeba.org #290850 (CK) & #446621 (al_ex_an_der)
x20007	in	CC-BY 2.0 (France) Attribution: tatoeba.org #295557 (CK) & #5823556 (dasbeispielholz)
x20008	mit	CC-BY 2.0 (France) Attribution: tatoeba.org #2548895 (CK) & #6626130 (Felixjp)
x20009	werden	CC-BY 2.0 (France) Attribution: tatoeba.org #2548030 (CK) & #10117742 (wolfgangth)
x20010	auf	CC-BY 2.0 (France) Attribution: tatoeba.org #33978 (CS) & #1885330 (Tamy)
x20011	mich	CC-BY 2.0 (France) Attribution: tatoeba.org #2649241 (CK) & #2657199 (Pfirsichbaeumchen)
x20012	so	CC-BY 2.0 (France) Attribution: tatoeba.org #3591675 (CK) & #5656470 (Vortarulo)
x20013	an	CC-BY 2.0 (France) Attribution: tatoeba.org #50921 (CM) & #651847 (Pfirsichbaeumchen)
x20014	von	CC-BY 2.0 (France) Attribution: tatoeba.org #7198261 (CK) & #6626103 (Felixjp)
x20015	für	CC-BY 2.0 (France) Attribution: tatoeba.org #1790780 (Spamster) & #1790805 (Pfirsichbaeumchen)
x20016	wissen	CC-BY 2.0 (France) Attribution: tatoeba.org #1828658 (Amastan) & #7722999 (raggione)
x20017	ihr	CC-BY 2.0 (France) Attribution: tatoeba.org #7051127 (Hybrid) & #7273879 (Pfirsichbaeumchen)
x20018	sehen	CC-BY 2.0 (France) Attribution: tatoeba.org #2648981 (CK) & #6641204 (Felixjp)
x20019	mein	CC-BY 2.0 (France) Attribution: tatoeba.org #1898105 (CK) & #1903401 (Pfirsichbaeumchen)
x20020	nur	CC-BY 2.0 (France) Attribution: tatoeba.org #3519549 (CK) & #5689480 (dasbeispielholz)
x20021	da	CC-BY 2.0 (France) Attribution: tatoeba.org #2149075 (irrationale) & #7413229 (Yorwba)
x20022	dir	CC-BY 2.0 (France) Attribution: tatoeba.org #2245080 (CK) & #1816294 (pne)
x20023	tun	CC-BY 2.0 (France) Attribution: tatoeba.org #308719 (CK) & #8860761 (wolfgangth)
x20024	sich	CC-BY 2.0 (France) Attribution: tatoeba.org #887067 (CK) & #1557404 (Espi)
x20025	uns	CC-BY 2.0 (France) Attribution: tatoeba.org #2892983 (CK) & #7709072 (driini)
x20026	einer	CC-BY 2.0 (France) Attribution: tatoeba.org #3168214 (CK) & #6626114 (Felixjp)
x20027	geben	CC-BY 2.0 (France) Attribution: tatoeba.org #2548323 (CK) & #719726 (Manfredo)
x20028	ihn	CC-BY 2.0 (France) Attribution: tatoeba.org #2647629 (CK) & #2194852 (Vortarulo)
x20029	aus	CC-BY 2.0 (France) Attribution: tatoeba.org #1358589 (CK) & #3177608 (a_coder)
x20030	um	CC-BY 2.0 (France) Attribution: tatoeba.org #1935232 (Spamster) & #1935339 (Pfirsichbaeumchen)
x20031	alle	CC-BY 2.0 (France) Attribution: tatoeba.org #300380 (CK) & #7931471 (raggione)
x20032	bei	CC-BY 2.0 (France) Attribution: tatoeba.org #3822692 (CK) & #6625978 (Felixjp)
x20033	nach	CC-BY 2.0 (France) Attribution: tatoeba.org #4356536 (CK) & #10284445 (Yorwba)
x20034	sollen	CC-BY 2.0 (France) Attribution: tatoeba.org #3354951 (CK) & #4302199 (raggione)
x20035	man	CC-BY 2.0 (France) Attribution: tatoeba.org #12575894 (CK) & #12576886 (Waldelfe)
x20036	also	CC-BY 2.0 (France) Attribution: tatoeba.org #10515866 (sundown) & #1360339 (al_ex_an_der)
x20037	dein	CC-BY 2.0 (France) Attribution: tatoeba.org #10024760 (CK) & #13030078 (Naina)
x20038	hören	CC-BY 2.0 (France) Attribution: tatoeba.org #320075 (CK) & #1341172 (Zaghawa)
x20039	los	CC-BY 2.0 (France) Attribution: tatoeba.org #8982056 (sundown) & #1985532 (Alois)
x20040	sehr	CC-BY 2.0 (France) Attribution: tatoeba.org #4665761 (CK) & #9981122 (wolfgangth)
x20041	unser	CC-BY 2.0 (France) Attribution: tatoeba.org #5473715 (CK) & #5473949 (Pfirsichbaeumchen)
x20042	leben	CC-BY 2.0 (France) Attribution: tatoeba.org #306386 (lilygilder) & #347439 (lilygilder)
x20043	mögen	CC-BY 2.0 (France) Attribution: tatoeba.org #5068206 (CK) & #5068695 (raggione)
x20044	euch	CC-BY 2.0 (France) Attribution: tatoeba.org #3728978 (CM) & #6628542 (raggione)
x20045	über	CC-BY 2.0 (France) Attribution: tatoeba.org #3636218 (CK) & #3934966 (Trinkschokolade)
x20046	anderer	CC-BY 2.0 (France) Attribution: tatoeba.org #5441789 (CK) & #5442981 (brauchinet)
x20047	nehmen	CC-BY 2.0 (France) Attribution: tatoeba.org #3345288 (CK) & #7709074 (driini)
x20048	Zeit	CC-BY 2.0 (France) Attribution: tatoeba.org #41699 (CK) & #1314641 (Pfirsichbaeumchen)
x20049	stehen	CC-BY 2.0 (France) Attribution: tatoeba.org #5214670 (CK) & #5214700 (Pfirsichbaeumchen)
x20050	kennen	CC-BY 2.0 (France) Attribution: tatoeba.org #297417 (CK) & #353546 (MUIRIEL)
x20051	keiner	CC-BY 2.0 (France) Attribution: tatoeba.org #7980097 (CK) & #7980173 (Pfirsichbaeumchen)
x20052	na	CC-BY 2.0 (France) Attribution: tatoeba.org #410596 (CK) & #765175 (User4473)
x20053	zurück	CC-BY 2.0 (France) Attribution: tatoeba.org #3722735 (CM) & #11235939 (Pfirsichbaeumchen)
x20054	halten	CC-BY 2.0 (France) Attribution: tatoeba.org #307764 (CK) & #367885 (lilygilder)
x20055	Vater	CC-BY 2.0 (France) Attribution: tatoeba.org #668099 (bluepie88) & #1681429 (Esperantostern)
x20056	klar	CC-BY 2.0 (France) Attribution: tatoeba.org #7990081 (CK) & #1437803 (Espi)
x20057	gehören	CC-BY 2.0 (France) Attribution: tatoeba.org #3529327 (CK) & #4926529 (Pfirsichbaeumchen)
x20058	gerade	CC-BY 2.0 (France) Attribution: tatoeba.org #40144 (CK) & #3182253 (Manfredo)
x20059	durch	CC-BY 2.0 (France) Attribution: tatoeba.org #12185216 (Miktsoanit) & #12183870 (mhr)
x20060	Mutter	CC-BY 2.0 (France) Attribution: tatoeba.org #2645569 (CK) & #10082052 (wolfgangth)
x20061	raus	CC-BY 2.0 (France) Attribution: tatoeba.org #3312204 (CK) & #4995586 (zoona)
x20062	töten	CC-BY 2.0 (France) Attribution: tatoeba.org #1111435 (Scott) & #2270938 (Vortarulo)
x20063	ohne	CC-BY 2.0 (France) Attribution: tatoeba.org #2314844 (CK) & #8661857 (Melang)
x20064	beide	CC-BY 2.0 (France) Attribution: tatoeba.org #2930608 (astyng) & #3344663 (Pfirsichbaeumchen)
x20065	lange	CC-BY 2.0 (France) Attribution: tatoeba.org #914030 (Jane_Austen) & #1521284 (Pfirsichbaeumchen)
x20066	spielen	CC-BY 2.0 (France) Attribution: tatoeba.org #1624893 (marcelostockle) & #6644769 (Felixjp)
x20067	weiter	CC-BY 2.0 (France) Attribution: tatoeba.org #3518545 (CK) & #6928060 (raggione)
x20068	laufen	CC-BY 2.0 (France) Attribution: tatoeba.org #2111521 (CK) & #4941750 (Hans_Adler)
x20069	Ordnung	CC-BY 2.0 (France) Attribution: tatoeba.org #2111845 (CK) & #923969 (Espi)
x20070	davon	CC-BY 2.0 (France) Attribution: tatoeba.org #9355792 (CK) & #10014007 (wolfgangth)
x20071	Mädchen	CC-BY 2.0 (France) Attribution: tatoeba.org #885221 (MarijnKp) & #907776 (Esperantostern)
x20072	hin	CC-BY 2.0 (France) Attribution: tatoeba.org #5947830 (Hybrid) & #5969822 (raggione)
x20073	Welt	CC-BY 2.0 (France) Attribution: tatoeba.org #3314971 (CK) & #3842926 (Zaghawa)
x20074	Herr	CC-BY 2.0 (France) Attribution: tatoeba.org #914039 (Jane_Austen) & #1458268 (Espi)
x20075	Mensch	CC-BY 2.0 (France) Attribution: tatoeba.org #2248201 (CK) & #4944421 (Manfredo)
x20076	unter	CC-BY 2.0 (France) Attribution: tatoeba.org #39623 (CK) & #989736 (Esperantostern)
x20077	liegen	CC-BY 2.0 (France) Attribution: tatoeba.org #2835691 (CK) & #3874518 (Giulio)
x20078	lieben	CC-BY 2.0 (France) Attribution: tatoeba.org #11157231 (sundown) & #4639116 (Tamy)
x20079	Moment	CC-BY 2.0 (France) Attribution: tatoeba.org #2679027 (Hybrid) & #2682504 (Pfirsichbaeumchen)
x20080	stellen	CC-BY 2.0 (France) Attribution: tatoeba.org #3390738 (CK) & #3391071 (brauchinet)
x20081	gegen	CC-BY 2.0 (France) Attribution: tatoeba.org #42111 (CK) & #2097623 (Tamy)
x20082	Sohn	CC-BY 2.0 (France) Attribution: tatoeba.org #1943921 (Spamster) & #7795801 (bonny37)
x20083	setzen	CC-BY 2.0 (France) Attribution: tatoeba.org #415594 (CM) & #415596 (Pfirsichbaeumchen)
x20084	Bruder	CC-BY 2.0 (France) Attribution: tatoeba.org #2547695 (CK) & #6644697 (Felixjp)
x20085	sofort	CC-BY 2.0 (France) Attribution: tatoeba.org #2138298 (Hybrid) & #2179726 (Pfirsichbaeumchen)
x20086	entschuldigen	CC-BY 2.0 (France) Attribution: tatoeba.org #3826569 (CK) & #3928536 (Tamy)
x20087	nächster	CC-BY 2.0 (France) Attribution: tatoeba.org #3168160 (CK) & #12579612 (Waldelfe)
x20088	letzter	CC-BY 2.0 (France) Attribution: tatoeba.org #9721234 (CK) & #9721704 (Pfirsichbaeumchen)
x20089	einmal	CC-BY 2.0 (France) Attribution: tatoeba.org #265742 (CK) & #343506 (MUIRIEL)
x20090	halt	CC-BY 2.0 (France) Attribution: tatoeba.org #10624175 (CK) & #10624622 (Pfirsichbaeumchen)
x20091	verdammen	CC-BY 2.0 (France) Attribution: tatoeba.org #1334 (AlanF_US) & #136 (MUIRIEL)
x20092	kriegen	CC-BY 2.0 (France) Attribution: tatoeba.org #2547752 (CK) & #6643639 (Felixjp)
x20093	darüber	CC-BY 2.0 (France) Attribution: tatoeba.org #7917299 (Hybrid) & #8648589 (Melang)
x20094	dazu	CC-BY 2.0 (France) Attribution: tatoeba.org #2644638 (CK) & #6645245 (Felixjp)
x20095	daran	CC-BY 2.0 (France) Attribution: tatoeba.org #3727513 (CM) & #5430898 (Zaghawa)
x20096	schreiben	CC-BY 2.0 (France) Attribution: tatoeba.org #1586723 (Gulliver) & #1585717 (Esperantostern)
x20097	Baby	CC-BY 2.0 (France) Attribution: tatoeba.org #1439119 (quickfitter) & #1045075 (Esperantostern)
x20098	Name	CC-BY 2.0 (France) Attribution: tatoeba.org #263221 (CK) & #3321615 (Zaghawa)
x20099	Glück	CC-BY 2.0 (France) Attribution: tatoeba.org #69674 (CK) & #342192 (lilygilder)
x20100	all	CC-BY 2.0 (France) Attribution: tatoeba.org #61586 (CK) & #1494161 (riotlake)
x20101	darauf	CC-BY 2.0 (France) Attribution: tatoeba.org #2645587 (CK) & #6645246 (Felixjp)
x20102	Ende	CC-BY 2.0 (France) Attribution: tatoeba.org #442006 (CK) & #846884 (jakov)
x20103	bald	CC-BY 2.0 (France) Attribution: tatoeba.org #508295 (CM) & #508432 (Huluk)
x20104	bedeuten	CC-BY 2.0 (France) Attribution: tatoeba.org #3286853 (CK) & #3894677 (Zaghawa)
x20105	Kerl	CC-BY 2.0 (France) Attribution: tatoeba.org #25349 (CM) & #404212 (xtofu80)
x20106	Schwester	CC-BY 2.0 (France) Attribution: tatoeba.org #5025979 (don_ramon) & #4042414 (Pfirsichbaeumchen)
x20107	kümmern	CC-BY 2.0 (France) Attribution: tatoeba.org #2194561 (Hybrid) & #7285743 (Pfirsichbaeumchen)
x20108	Schatz	CC-BY 2.0 (France) Attribution: tatoeba.org #2185162 (Hybrid) & #2185303 (Pfirsichbaeumchen)
x20109	Waffe	CC-BY 2.0 (France) Attribution: tatoeba.org #12209408 (CK) & #12668715 (Waldelfe)
x20110	legen	CC-BY 2.0 (France) Attribution: tatoeba.org #9465188 (CK) & #9465335 (Pfirsichbaeumchen)
x20111	Polizei	CC-BY 2.0 (France) Attribution: tatoeba.org #5090001 (CK) & #10056756 (wolfgangth)
x20112	Tochter	CC-BY 2.0 (France) Attribution: tatoeba.org #1943922 (Spamster) & #3597321 (Zaghawa)
x20113	lesen	CC-BY 2.0 (France) Attribution: tatoeba.org #12098368 (sundown) & #7726738 (brauchinet)
x20114	bestimmen	CC-BY 2.0 (France) Attribution: tatoeba.org #2133893 (Hybrid) & #10520379 (Pfirsichbaeumchen)
x20115	scheinen	CC-BY 2.0 (France) Attribution: tatoeba.org #1448112 (CM) & #1448217 (al_ex_an_der)
x20116	runter	CC-BY 2.0 (France) Attribution: tatoeba.org #2270394 (CK) & #6644929 (Felixjp)
x20117	sitzen	CC-BY 2.0 (France) Attribution: tatoeba.org #3222947 (CK) & #8264181 (sadjad)
x20118	dran	CC-BY 2.0 (France) Attribution: tatoeba.org #1771105 (Amastan) & #1771669 (Pfirsichbaeumchen)
x20119	lachen	CC-BY 2.0 (France) Attribution: tatoeba.org #3123007 (CK) & #3843404 (Zaghawa)
x20120	darum	CC-BY 2.0 (France) Attribution: tatoeba.org #2892264 (CK) & #1297762 (al_ex_an_der)
x20121	umbringen	CC-BY 2.0 (France) Attribution: tatoeba.org #1956007 (Spamster) & #1987997 (Pfirsichbaeumchen)
x20122	Teufel	CC-BY 2.0 (France) Attribution: tatoeba.org #27518 (CK) & #460152 (landano)
x20123	kurz	CC-BY 2.0 (France) Attribution: tatoeba.org #270532 (CK) & #424256 (MUIRIEL)
x20124	woher	CC-BY 2.0 (France) Attribution: tatoeba.org #3096411 (CK) & #5331281 (Sudajaengi)
x20125	lang	CC-BY 2.0 (France) Attribution: tatoeba.org #250338 (CK) & #603529 (kolonjano)
x20126	Art	CC-BY 2.0 (France) Attribution: tatoeba.org #43189 (CM) & #628062 (BraveSentry)
x20127	Mama	CC-BY 2.0 (France) Attribution: tatoeba.org #1887880 (CK) & #1888598 (Pfirsichbaeumchen)
x20128	hoch	CC-BY 2.0 (France) Attribution: tatoeba.org #301757 (CK) & #1878545 (samueldora)
x20129	freuen	CC-BY 2.0 (France) Attribution: tatoeba.org #5551411 (CK) & #5552017 (Pfirsichbaeumchen)
x20130	erwarten	CC-BY 2.0 (France) Attribution: tatoeba.org #1433037 (CK) & #1433033 (Manfredo)
x20131	bitten	CC-BY 2.0 (France) Attribution: tatoeba.org #9495885 (CK) & #9496371 (Pfirsichbaeumchen)
x20132	heiraten	CC-BY 2.0 (France) Attribution: tatoeba.org #1887283 (CK) & #3042427 (freddy1)
x20133	fällen	CC-BY 2.0 (France) Attribution: tatoeba.org #3502165 (CK) & #3506273 (Pfirsichbaeumchen)
x20134	Schau	CC-BY 2.0 (France) Attribution: tatoeba.org #22070 (CK) & #7277124 (Yorwba)
x20135	Land	CC-BY 2.0 (France) Attribution: tatoeba.org #2548883 (CK) & #12544774 (Waldelfe)
x20136	Teil	CC-BY 2.0 (France) Attribution: tatoeba.org #1550035 (Spamster) & #1550070 (Pfirsichbaeumchen)
x20137	niemals	CC-BY 2.0 (France) Attribution: tatoeba.org #2954455 (CK) & #6905062 (raggione)
x20138	Ort	CC-BY 2.0 (France) Attribution: tatoeba.org #3311027 (CK) & #3497363 (Zaghawa)
x20139	benutzen	CC-BY 2.0 (France) Attribution: tatoeba.org #251094 (CK) & #1540521 (Zaghawa)
x20140	Plan	CC-BY 2.0 (France) Attribution: tatoeba.org #3446886 (CK) & #1208765 (Espi)
x20141	wiedersehen	CC-BY 2.0 (France) Attribution: tatoeba.org #3826873 (CK) & #8826358 (wolfgangth)
x20142	Hund	CC-BY 2.0 (France) Attribution: tatoeba.org #3009014 (CM) & #3052258 (brauchinet)
x20143	Entschuldigung	CC-BY 2.0 (France) Attribution: tatoeba.org #2291574 (CK) & #3091821 (Manfredo)
x20144	euer	CC-BY 2.0 (France) Attribution: tatoeba.org #5797542 (Eccles17) & #5797705 (Pfirsichbaeumchen)
x20145	Nummer	CC-BY 2.0 (France) Attribution: tatoeba.org #9074748 (CK) & #11993844 (mhr)
x20146	Film	CC-BY 2.0 (France) Attribution: tatoeba.org #2320 (Eldad) & #1155 (MUIRIEL)
x20147	beginnen	CC-BY 2.0 (France) Attribution: tatoeba.org #703347 (papabear) & #403648 (MUIRIEL)
x20148	drauf	CC-BY 2.0 (France) Attribution: tatoeba.org #1845486 (CK) & #1846533 (Pfirsichbaeumchen)
x20149	Papa	CC-BY 2.0 (France) Attribution: tatoeba.org #6054185 (Sethlang) & #6111182 (BlundaInte)
x20150	irgendwie	CC-BY 2.0 (France) Attribution: tatoeba.org #1961407 (CK) & #2664402 (Pfirsichbaeumchen)
x20151	aussehen	CC-BY 2.0 (France) Attribution: tatoeba.org #2269483 (Hybrid) & #2271676 (Pfirsichbaeumchen)
x20152	Platz	CC-BY 2.0 (France) Attribution: tatoeba.org #11060131 (sundown) & #11059782 (Pfirsichbaeumchen)
x20153	Telefon	CC-BY 2.0 (France) Attribution: tatoeba.org #3151352 (CK) & #3497406 (Zaghawa)
x20154	Junge	CC-BY 2.0 (France) Attribution: tatoeba.org #293103 (CK) & #757130 (Pfirsichbaeumchen)
x20155	verstecken	CC-BY 2.0 (France) Attribution: tatoeba.org #11848151 (CK) & #12406932 (Waldelfe)
x20156	verletzen	CC-BY 2.0 (France) Attribution: tatoeba.org #2033208 (CK) & #2759107 (raggione)
x20157	dauern	CC-BY 2.0 (France) Attribution: tatoeba.org #2891538 (CK) & #4052378 (Pfirsichbaeumchen)
x20158	Dame	CC-BY 2.0 (France) Attribution: tatoeba.org #383705 (CM) & #1524664 (Pfirsichbaeumchen)
x20159	Dollar	CC-BY 2.0 (France) Attribution: tatoeba.org #294102 (CK) & #363417 (Wolf)
x20160	vorstellen	CC-BY 2.0 (France) Attribution: tatoeba.org #6678520 (CK) & #1523749 (Pfirsichbaeumchen)
x20161	leicht	CC-BY 2.0 (France) Attribution: tatoeba.org #2267463 (_undertoad) & #715878 (kolonjano)
x20162	Ruf	CC-BY 2.0 (France) Attribution: tatoeba.org #303085 (CK) & #343070 (MUIRIEL)
x20163	Million	CC-BY 2.0 (France) Attribution: tatoeba.org #12134271 (CK) & #13374513 (Waldelfe)
x20164	Hölle	CC-BY 2.0 (France) Attribution: tatoeba.org #2195466 (Hybrid) & #2195472 (Tamy)
x20165	Kumpel	CC-BY 2.0 (France) Attribution: tatoeba.org #11011800 (shekitten) & #2164873 (Esperantostern)
x20166	Doktor	CC-BY 2.0 (France) Attribution: tatoeba.org #974169 (CM) & #982094 (Esperantostern)
x20167	fehlen	CC-BY 2.0 (France) Attribution: tatoeba.org #72683 (CK) & #501354 (al_ex_an_der)
x20168	Idiot	CC-BY 2.0 (France) Attribution: tatoeba.org #984523 (CM) & #984522 (al_ex_an_der)
x20169	Feuer	CC-BY 2.0 (France) Attribution: tatoeba.org #3155783 (CK) & #5244012 (Sudajaengi)
x20170	ehren	CC-BY 2.0 (France) Attribution: tatoeba.org #11172786 (CK) & #7879298 (manese)
x20171	Party	CC-BY 2.0 (France) Attribution: tatoeba.org #9248594 (CK) & #12098908 (Naina)
x20172	erschießen	CC-BY 2.0 (France) Attribution: tatoeba.org #1890929 (CK) & #2238209 (freddy1)
x20173	irgendwo	CC-BY 2.0 (France) Attribution: tatoeba.org #2891593 (CK) & #12601066 (Waldelfe)
x20174	schwören	CC-BY 2.0 (France) Attribution: tatoeba.org #15951 (Eldad) & #11870399 (Naina)
x20175	Bein	CC-BY 2.0 (France) Attribution: tatoeba.org #3737992 (CK) & #12389200 (mayabe)
x20176	Anwalt	CC-BY 2.0 (France) Attribution: tatoeba.org #286784 (CK) & #1557216 (nemoli)
x20177	Agent	CC-BY 2.0 (France) Attribution: tatoeba.org #2247919 (CK) & #13221794 (Vortarulo)
x20178	tanzen	CC-BY 2.0 (France) Attribution: tatoeba.org #332338 (vincelens) & #2068472 (Tamy)
x20179	böse	CC-BY 2.0 (France) Attribution: tatoeba.org #1669959 (Spamster) & #1687827 (Pfirsichbaeumchen)
x20180	wovon	CC-BY 2.0 (France) Attribution: tatoeba.org #4017443 (CK) & #4046084 (Pfirsichbaeumchen)
x20181	nochmal	CC-BY 2.0 (France) Attribution: tatoeba.org #31472 (CK) & #540963 (MUIRIEL)
x20182	beeilen	CC-BY 2.0 (France) Attribution: tatoeba.org #2713735 (CK) & #10006077 (wolfgangth)
x20183	Klasse	CC-BY 2.0 (France) Attribution: tatoeba.org #2617269 (Prophete) & #3473207 (Zaghawa)
x20184	hauen	CC-BY 2.0 (France) Attribution: tatoeba.org #668530 (Eldad) & #2657962 (Pfirsichbaeumchen)
x20185	Brief	CC-BY 2.0 (France) Attribution: tatoeba.org #514904 (Gabuliellu) & #2396924 (freddy1)
x20186	überleben	CC-BY 2.0 (France) Attribution: tatoeba.org #11949906 (Fenrir) & #12667460 (Waldelfe)
x20187	General	CC-BY 2.0 (France) Attribution: tatoeba.org #681626 (Source_VOA) & #764998 (al_ex_an_der)
x20188	Boss	CC-BY 2.0 (France) Attribution: tatoeba.org #10367601 (CK) & #12654411 (Waldelfe)
x20189	großartig	CC-BY 2.0 (France) Attribution: tatoeba.org #2954465 (CK) & #5251242 (Pfirsichbaeumchen)
x20190	beschützen	CC-BY 2.0 (France) Attribution: tatoeba.org #1954704 (CK) & #1967502 (Pfirsichbaeumchen)
x20191	Information	CC-BY 2.0 (France) Attribution: tatoeba.org #23041 (CK) & #1701790 (al_ex_an_der)
x20192	Mund	CC-BY 2.0 (France) Attribution: tatoeba.org #9684647 (DJ_Saidez) & #10071443 (wolfgangth)
x20193	erwischen	CC-BY 2.0 (France) Attribution: tatoeba.org #777622 (CM) & #829420 (Esperantostern)
x20194	Zeug	CC-BY 2.0 (France) Attribution: tatoeba.org #4788028 (CK) & #7500308 (Yorwba)
x20195	kennenlernen	CC-BY 2.0 (France) Attribution: tatoeba.org #1912023 (Spamster) & #1918918 (Pfirsichbaeumchen)
x20196	Mörder	CC-BY 2.0 (France) Attribution: tatoeba.org #755155 (sctld) & #1757408 (Vortarulo)
x20197	Geschenk	CC-BY 2.0 (France) Attribution: tatoeba.org #887136 (CK) & #910642 (MUIRIEL)
x20198	verheiraten	CC-BY 2.0 (France) Attribution: tatoeba.org #3360210 (CK) & #3628558 (Zaghawa)
x20199	hinten	CC-BY 2.0 (France) Attribution: tatoeba.org #40463 (CK) & #576309 (cost)
x20200	schnappen	CC-BY 2.0 (France) Attribution: tatoeba.org #419075 (CK) & #1576045 (Zaghawa)
x20201	Soldat	CC-BY 2.0 (France) Attribution: tatoeba.org #2163147 (Source_VOA) & #2205783 (Pfirsichbaeumchen)
x20202	Mord	CC-BY 2.0 (France) Attribution: tatoeba.org #244939 (CK) & #11077543 (merikilpikonna)
x20203	Klappe	CC-BY 2.0 (France) Attribution: tatoeba.org #293248 (CK) & #2265507 (Pfirsichbaeumchen)
x20204	heraus	CC-BY 2.0 (France) Attribution: tatoeba.org #308041 (CK) & #838111 (Espi)
x20205	Seele	CC-BY 2.0 (France) Attribution: tatoeba.org #1624924 (marcelostockle) & #2932546 (Pfirsichbaeumchen)
x20206	Leben	CC-BY 2.0 (France) Attribution: tatoeba.org #5374861 (CK) & #10067640 (wolfgangth)
x20207	bellen	CC-BY 2.0 (France) Attribution: tatoeba.org #8859117 (sundown) & #2107688 (Vortarulo)
x20208	riechen	CC-BY 2.0 (France) Attribution: tatoeba.org #22686 (CK) & #2048807 (Manfredo)
x20209	verlieben	CC-BY 2.0 (France) Attribution: tatoeba.org #305594 (CK) & #8538075 (Yorwba)
x20210	voller	CC-BY 2.0 (France) Attribution: tatoeba.org #44197 (CK) & #360620 (Wolf)
x20211	antun	CC-BY 2.0 (France) Attribution: tatoeba.org #3907478 (CK) & #6624980 (Felixjp)
x20212	Tasche	CC-BY 2.0 (France) Attribution: tatoeba.org #55621 (CK) & #5711387 (Pfirsichbaeumchen)
x20213	Ärger	CC-BY 2.0 (France) Attribution: tatoeba.org #1647844 (Spamster) & #1693233 (Pfirsichbaeumchen)
x20214	zurückkommen	CC-BY 2.0 (France) Attribution: tatoeba.org #1841643 (CK) & #8267496 (driini)
x20215	verfolgen	CC-BY 2.0 (France) Attribution: tatoeba.org #307195 (CM) & #405666 (xtofu80)
x20216	schulden	CC-BY 2.0 (France) Attribution: tatoeba.org #1895697 (CK) & #1907499 (Pfirsichbaeumchen)
x20217	erlauben	CC-BY 2.0 (France) Attribution: tatoeba.org #3731863 (CM) & #6611616 (Felixjp)
x20218	atmen	CC-BY 2.0 (France) Attribution: tatoeba.org #9440102 (CK) & #12864623 (Waldelfe)
x20219	fort	CC-BY 2.0 (France) Attribution: tatoeba.org #24249 (CK) & #785534 (Esperantostern)
x20220	Geist	CC-BY 2.0 (France) Attribution: tatoeba.org #11040564 (CK) & #13460057 (Vortarulo)
x20221	handeln	CC-BY 2.0 (France) Attribution: tatoeba.org #3312224 (CK) & #10017935 (Melang)
x20222	Rum	CC-BY 2.0 (France) Attribution: tatoeba.org #8822995 (CK) & #10061345 (wolfgangth)
x20223	Hochzeit	CC-BY 2.0 (France) Attribution: tatoeba.org #781135 (CM) & #781864 (Chris)
x20224	Bier	CC-BY 2.0 (France) Attribution: tatoeba.org #3151561 (CK) & #10071481 (wolfgangth)
x20225	Anfang	CC-BY 2.0 (France) Attribution: tatoeba.org #1598350 (Spamster) & #1598357 (Pfirsichbaeumchen)
x20226	herkommen	CC-BY 2.0 (France) Attribution: tatoeba.org #3513458 (CK) & #3608884 (Jan_Schreiber)
x20227	enden	CC-BY 2.0 (France) Attribution: tatoeba.org #4012926 (CK) & #5245269 (christian42)
x20228	jagen	CC-BY 2.0 (France) Attribution: tatoeba.org #5851880 (CK) & #6644160 (Felixjp)
x20229	Arm	CC-BY 2.0 (France) Attribution: tatoeba.org #1369200 (sacredceltic) & #2182917 (Pfirsichbaeumchen)
x20230	Partner	CC-BY 2.0 (France) Attribution: tatoeba.org #1891164 (CK) & #1892440 (Tamy)
x20231	herum	CC-BY 2.0 (France) Attribution: tatoeba.org #262377 (CK) & #12629645 (mayabe)
x20232	wozu	CC-BY 2.0 (France) Attribution: tatoeba.org #1956129 (CK) & #1956553 (Pfirsichbaeumchen)
x20233	Schuh	CC-BY 2.0 (France) Attribution: tatoeba.org #1081427 (keira_n) & #1085194 (Esperantostern)
x20234	ermorden	CC-BY 2.0 (France) Attribution: tatoeba.org #307108 (CK) & #351638 (MUIRIEL)
x20235	jedenfalls	CC-BY 2.0 (France) Attribution: tatoeba.org #36982 (CM) & #10086454 (Yorwba)
x20236	rüber	CC-BY 2.0 (France) Attribution: tatoeba.org #5146859 (AlanF_US) & #5609092 (raggione)
x20237	Gast	CC-BY 2.0 (France) Attribution: tatoeba.org #11252500 (sundown) & #8089539 (Luiaard)
x20238	Wein	CC-BY 2.0 (France) Attribution: tatoeba.org #3151463 (CK) & #12365659 (mayabe)
x20239	stöhnen	CC-BY 2.0 (France) Attribution: tatoeba.org #2860787 (CK) & #2128419 (al_ex_an_der)
x20240	irgendetwas	CC-BY 2.0 (France) Attribution: tatoeba.org #6890508 (CK) & #10008066 (Melang)
x20241	wofür	CC-BY 2.0 (France) Attribution: tatoeba.org #9926408 (sundown) & #907762 (Esperantostern)
x20242	Beispiel	CC-BY 2.0 (France) Attribution: tatoeba.org #395402 (CK) & #1343468 (Esperantostern)
x20243	Bank	CC-BY 2.0 (France) Attribution: tatoeba.org #2648759 (CK) & #10671696 (Pfirsichbaeumchen)
x20244	Volk	CC-BY 2.0 (France) Attribution: tatoeba.org #307510 (CK) & #726131 (Esperantostern)
x20245	Flugzeug	CC-BY 2.0 (France) Attribution: tatoeba.org #318097 (CM) & #651896 (Pfirsichbaeumchen)
x20246	dasselbe	CC-BY 2.0 (France) Attribution: tatoeba.org #11537788 (sundown) & #10631204 (Pfirsichbaeumchen)
x20247	Weise	CC-BY 2.0 (France) Attribution: tatoeba.org #2649166 (CK) & #2852594 (raggione)
x20248	zwingen	CC-BY 2.0 (France) Attribution: tatoeba.org #1951633 (CK) & #1953721 (Pfirsichbaeumchen)
x20249	darin	CC-BY 2.0 (France) Attribution: tatoeba.org #7714908 (CK) & #6645271 (Felixjp)
x20250	gebären	CC-BY 2.0 (France) Attribution: tatoeba.org #507507 (CK) & #1486311 (Espi)
x20251	Vorsicht	CC-BY 2.0 (France) Attribution: tatoeba.org #2246050 (CK) & #2247293 (Pfirsichbaeumchen)
x20252	trennen	CC-BY 2.0 (France) Attribution: tatoeba.org #40339 (Swift) & #455458 (al_ex_an_der)
x20253	normal	CC-BY 2.0 (France) Attribution: tatoeba.org #1663257 (Spamster) & #1697627 (Pfirsichbaeumchen)
x20254	feuern	CC-BY 2.0 (France) Attribution: tatoeba.org #3331017 (CK) & #3409992 (Plusquamperfekt)
x20255	bar	CC-BY 2.0 (France) Attribution: tatoeba.org #8979298 (Ergulis) & #7361553 (raggione)
x20256	Bulle	CC-BY 2.0 (France) Attribution: tatoeba.org #8825923 (danepo) & #8826253 (Pfirsichbaeumchen)
x20257	Hunger	CC-BY 2.0 (France) Attribution: tatoeba.org #1475877 (CK) & #1031153 (MUIRIEL)
x20258	Geburtstag	CC-BY 2.0 (France) Attribution: tatoeba.org #2713639 (CK) & #12503931 (mayabe)
x20259	angreifen	CC-BY 2.0 (France) Attribution: tatoeba.org #2241165 (CK) & #8302345 (Luiaard)
x20260	Frieden	CC-BY 2.0 (France) Attribution: tatoeba.org #11921957 (ddnktr) & #12455908 (Waldelfe)
x20261	drücken	CC-BY 2.0 (France) Attribution: tatoeba.org #1652072 (Spamster) & #1652078 (al_ex_an_der)
x20262	Firma	CC-BY 2.0 (France) Attribution: tatoeba.org #60000 (CM) & #660980 (Vortarulo)
x20263	derjenige	CC-BY 2.0 (France) Attribution: tatoeba.org #2547670 (CK) & #6626018 (Felixjp)
x20264	entspannen	CC-BY 2.0 (France) Attribution: tatoeba.org #2175264 (CM) & #3949875 (pne)
x20265	trauen	CC-BY 2.0 (France) Attribution: tatoeba.org #3905065 (CH) & #1777730 (Pfirsichbaeumchen)
x20266	ergeben	CC-BY 2.0 (France) Attribution: tatoeba.org #2246291 (Hybrid) & #10178898 (Yorwba)
x20267	Anruf	CC-BY 2.0 (France) Attribution: tatoeba.org #2387284 (CK) & #2232518 (Vortarulo)
x20268	mitbringen	CC-BY 2.0 (France) Attribution: tatoeba.org #24068 (CK) & #1731484 (Pfirsichbaeumchen)
x20269	Befehl	CC-BY 2.0 (France) Attribution: tatoeba.org #3726318 (CM) & #12016192 (Pfirsichbaeumchen)
x20270	Sekunde	CC-BY 2.0 (France) Attribution: tatoeba.org #4013374 (CK) & #8862714 (wolfgangth)
x20271	Regierung	CC-BY 2.0 (France) Attribution: tatoeba.org #802177 (Source_VOA) & #1040898 (al_ex_an_der)
x20272	Show	CC-BY 2.0 (France) Attribution: tatoeba.org #9686262 (CK) & #13644135 (Naina)
x20273	Güte	CC-BY 2.0 (France) Attribution: tatoeba.org #54417 (CK) & #963282 (Sudajaengi)
x20274	geraten	CC-BY 2.0 (France) Attribution: tatoeba.org #323522 (CK) & #1525639 (al_ex_an_der)
x20275	befinden	CC-BY 2.0 (France) Attribution: tatoeba.org #2548883 (CK) & #12544779 (Waldelfe)
x20276	Weihnachten	CC-BY 2.0 (France) Attribution: tatoeba.org #7198363 (CK) & #7665283 (wolfgangth)
x20277	Armee	CC-BY 2.0 (France) Attribution: tatoeba.org #2646768 (CK) & #3022103 (Esperantostern)
x20278	Zeitung	CC-BY 2.0 (France) Attribution: tatoeba.org #6398059 (mojeanin) & #1306608 (Pfirsichbaeumchen)
x20279	Drink	CC-BY 2.0 (France) Attribution: tatoeba.org #2390863 (CK) & #10021394 (wolfgangth)
x20280	lauten	CC-BY 2.0 (France) Attribution: tatoeba.org #1650244 (Spamster) & #3119041 (dinkel_girl)
x20281	Maschine	CC-BY 2.0 (France) Attribution: tatoeba.org #48819 (mamat) & #365905 (Wolf)
x20282	Schicksal	CC-BY 2.0 (France) Attribution: tatoeba.org #5737467 (CM) & #8453262 (Tamy)
x20283	ran	CC-BY 2.0 (France) Attribution: tatoeba.org #953245 (CK) & #10101473 (Yorwba)
x20284	schmecken	CC-BY 2.0 (France) Attribution: tatoeba.org #4430565 (Zaher) & #4482542 (raggione)
x20285	schneiden	CC-BY 2.0 (France) Attribution: tatoeba.org #10520328 (sundown) & #7743089 (brauchinet)
x20286	rauchen	CC-BY 2.0 (France) Attribution: tatoeba.org #997102 (CK) & #591819 (Manfredo)
x20287	namens	CC-BY 2.0 (France) Attribution: tatoeba.org #802558 (Source_VOA) & #1495172 (Zaghawa)
x20288	Lied	CC-BY 2.0 (France) Attribution: tatoeba.org #2649120 (CK) & #2888572 (raggione)
x20289	auftauchen	CC-BY 2.0 (France) Attribution: tatoeba.org #18037 (CK) & #948113 (Manfredo)
x20290	Blick	CC-BY 2.0 (France) Attribution: tatoeba.org #1125647 (CM) & #12425430 (mayabe)
x20291	vergeben	CC-BY 2.0 (France) Attribution: tatoeba.org #1663842 (Spamster) & #1687854 (Pfirsichbaeumchen)
x20292	Präsident	CC-BY 2.0 (France) Attribution: tatoeba.org #265389 (CK) & #2747732 (raggione)
x20293	danken	CC-BY 2.0 (France) Attribution: tatoeba.org #2013598 (CK) & #2081896 (Tamy)
x20294	leise	CC-BY 2.0 (France) Attribution: tatoeba.org #890756 (Scott) & #7060150 (quicksanddiver)
x20295	abhauen	CC-BY 2.0 (France) Attribution: tatoeba.org #2360589 (CK) & #6644032 (Felixjp)
x20296	klauen	CC-BY 2.0 (France) Attribution: tatoeba.org #1652295 (Spamster) & #12388787 (mayabe)
x20297	kapieren	CC-BY 2.0 (France) Attribution: tatoeba.org #1233613 (Eldad) & #7196244 (Luiaard)
x20298	entweder	CC-BY 2.0 (France) Attribution: tatoeba.org #17726 (CK) & #3984713 (Kuraimegami)
x20299	Gruppe	CC-BY 2.0 (France) Attribution: tatoeba.org #1553459 (CK) & #1688269 (Pfirsichbaeumchen)
x20300	Mädel	CC-BY 2.0 (France) Attribution: tatoeba.org #2210696 (Hybrid) & #8227492 (MisterTrouser)
x20301	erscheinen	CC-BY 2.0 (France) Attribution: tatoeba.org #264583 (CK) & #1482148 (Zaghawa)
x20302	Glückwunsch	CC-BY 2.0 (France) Attribution: tatoeba.org #321781 (Scott) & #623530 (virgil)
x20303	Königin	CC-BY 2.0 (France) Attribution: tatoeba.org #25611 (CK) & #787427 (Hans_Adler)
x20304	Mark	CC-BY 2.0 (France) Attribution: tatoeba.org #10534284 (Hybrid) & #10534942 (Pfirsichbaeumchen)
x20305	Kunde	CC-BY 2.0 (France) Attribution: tatoeba.org #259912 (CK) & #825045 (Pfirsichbaeumchen)
x20306	mitkommen	CC-BY 2.0 (France) Attribution: tatoeba.org #1895812 (CK) & #1907302 (Pfirsichbaeumchen)
x20307	Bord	CC-BY 2.0 (France) Attribution: tatoeba.org #10949743 (CK) & #10949774 (Pfirsichbaeumchen)
x20308	entkommen	CC-BY 2.0 (France) Attribution: tatoeba.org #2203660 (CK) & #2204267 (Pfirsichbaeumchen)
x20309	Adresse	CC-BY 2.0 (France) Attribution: tatoeba.org #1845501 (CK) & #1851671 (Pfirsichbaeumchen)
x20310	anziehen	CC-BY 2.0 (France) Attribution: tatoeba.org #419660 (CK) & #421605 (MUIRIEL)
x20311	unterhalten	CC-BY 2.0 (France) Attribution: tatoeba.org #2645216 (CK) & #3428836 (Pfirsichbaeumchen)
x20312	Monster	CC-BY 2.0 (France) Attribution: tatoeba.org #11574518 (sundown) & #3523038 (Pfirsichbaeumchen)
x20313	irren	CC-BY 2.0 (France) Attribution: tatoeba.org #1777421 (Spamster) & #1777637 (Pfirsichbaeumchen)
x20314	Mission	CC-BY 2.0 (France) Attribution: tatoeba.org #3312452 (CK) & #3529914 (Pfirsichbaeumchen)
x20315	worauf	CC-BY 2.0 (France) Attribution: tatoeba.org #3824605 (CK) & #5430806 (Zaghawa)
x20316	Achtung	CC-BY 2.0 (France) Attribution: tatoeba.org #263114 (CK) & #6443172 (Pfirsichbaeumchen)
x20317	Position	CC-BY 2.0 (France) Attribution: tatoeba.org #4597409 (Hybrid) & #6321499 (Pfirsichbaeumchen)
x20318	streiten	CC-BY 2.0 (France) Attribution: tatoeba.org #2111505 (CK) & #10821865 (manese)
x20319	Wochenende	CC-BY 2.0 (France) Attribution: tatoeba.org #11542200 (sundown) & #11485742 (Pfirsichbaeumchen)
x20320	reinkommen	CC-BY 2.0 (France) Attribution: tatoeba.org #281900 (CK) & #421847 (MUIRIEL)
x20321	richten	CC-BY 2.0 (France) Attribution: tatoeba.org #10012241 (Nylez) & #10012685 (Pfirsichbaeumchen)
x20322	decken	CC-BY 2.0 (France) Attribution: tatoeba.org #9028422 (Hybrid) & #10256721 (Pfirsichbaeumchen)
x20323	zuvor	CC-BY 2.0 (France) Attribution: tatoeba.org #4499848 (CK) & #2328020 (al_ex_an_der)
x20324	hingehen	CC-BY 2.0 (France) Attribution: tatoeba.org #70007 (CM) & #1717167 (Hans07)
x20325	Hälfte	CC-BY 2.0 (France) Attribution: tatoeba.org #282751 (CK) & #3175866 (Manfredo)
x20326	rauskommen	CC-BY 2.0 (France) Attribution: tatoeba.org #3387696 (CK) & #6645208 (Felixjp)
x20327	entführen	CC-BY 2.0 (France) Attribution: tatoeba.org #10100716 (ddnktr) & #12525066 (Yorwba)
x20328	wiederholen	CC-BY 2.0 (France) Attribution: tatoeba.org #1845510 (CK) & #1846302 (Tamy)
x20329	befreien	CC-BY 2.0 (France) Attribution: tatoeba.org #29645 (CM) & #1190232 (Sudajaengi)
x20330	Brauch	CC-BY 2.0 (France) Attribution: tatoeba.org #10545423 (CK) & #12454838 (Waldelfe)
x20331	vorne	CC-BY 2.0 (France) Attribution: tatoeba.org #9621460 (CK) & #9622852 (Pfirsichbaeumchen)
x20332	Unsinn	CC-BY 2.0 (France) Attribution: tatoeba.org #1521868 (erikspen) & #2136733 (Esperantostern)
x20333	davor	CC-BY 2.0 (France) Attribution: tatoeba.org #5746691 (CM) & #8697928 (dasbeispielholz)
x20334	Papier	CC-BY 2.0 (France) Attribution: tatoeba.org #263355 (CK) & #6051799 (raggione)
x20335	Prinzessin	CC-BY 2.0 (France) Attribution: tatoeba.org #3498699 (Hybrid) & #3498702 (Pfirsichbaeumchen)
x20336	Planet	CC-BY 2.0 (France) Attribution: tatoeba.org #681736 (Source_VOA) & #759010 (Pfirsichbaeumchen)
x20337	zurückkehren	CC-BY 2.0 (France) Attribution: tatoeba.org #579629 (CM) & #580494 (jakov)
x20338	verfluchen	CC-BY 2.0 (France) Attribution: tatoeba.org #10268946 (shekitten) & #10294421 (Pfirsichbaeumchen)
x20339	Farbe	CC-BY 2.0 (France) Attribution: tatoeba.org #450046 (CM) & #1484017 (Zaghawa)
x20340	lassen	CC-BY 2.0 (France) Attribution: tatoeba.org #38828 (CK) & #2983848 (Zaghawa)
x20341	denken	CC-BY 2.0 (France) Attribution: tatoeba.org #5254466 (AlanF_US) & #6645627 (Felixjp)
x20342	etwas	CC-BY 2.0 (France) Attribution: tatoeba.org #42563 (CM) & #2172503 (Tamy)
x20343	wirklich	CC-BY 2.0 (France) Attribution: tatoeba.org #2712788 (CK) & #3529358 (Pfirsichbaeumchen)
x20344	weg	CC-BY 2.0 (France) Attribution: tatoeba.org #9188549 (CK) & #11737431 (Pfirsichbaeumchen)
x20345	ganz	CC-BY 2.0 (France) Attribution: tatoeba.org #11858036 (CK) & #11858491 (Pfirsichbaeumchen)
x20346	reden	CC-BY 2.0 (France) Attribution: tatoeba.org #1920694 (Spamster) & #1920734 (Pfirsichbaeumchen)
x20347	sicher	CC-BY 2.0 (France) Attribution: tatoeba.org #304548 (CM) & #1632999 (Sudajaengi)
x20348	genau	CC-BY 2.0 (France) Attribution: tatoeba.org #1676730 (Spamster) & #1678714 (Pfirsichbaeumchen)
x20349	passieren	CC-BY 2.0 (France) Attribution: tatoeba.org #6359660 (Hybrid) & #13282229 (Waldelfe)
x20350	jeder	CC-BY 2.0 (France) Attribution: tatoeba.org #11013418 (CK) & #11013509 (brauchinet)
x20351	sterben	CC-BY 2.0 (France) Attribution: tatoeba.org #768684 (Zifre) & #2305083 (Pfirsichbaeumchen)
x20352	selbst	CC-BY 2.0 (France) Attribution: tatoeba.org #2199347 (Hybrid) & #9982339 (wolfgangth)
x20353	Sache	CC-BY 2.0 (France) Attribution: tatoeba.org #5217289 (CK) & #6644587 (Felixjp)
x20354	fallen	CC-BY 2.0 (France) Attribution: tatoeba.org #10083343 (CK) & #13390917 (Waldelfe)
x20355	wegen	CC-BY 2.0 (France) Attribution: tatoeba.org #26797 (CK) & #511430 (Espi)
x20356	Angst	CC-BY 2.0 (France) Attribution: tatoeba.org #1111459 (Scott) & #1111469 (Pfirsichbaeumchen)
x20357	schaffen	CC-BY 2.0 (France) Attribution: tatoeba.org #1159755 (CK) & #5244040 (Sudajaengi)
x20358	erst	CC-BY 2.0 (France) Attribution: tatoeba.org #10541818 (CK) & #11995271 (Pfirsichbaeumchen)
x20359	sonst	CC-BY 2.0 (France) Attribution: tatoeba.org #52085 (CM) & #12468513 (mayabe)
x20360	dabei	CC-BY 2.0 (France) Attribution: tatoeba.org #42877 (CM) & #2230560 (Tamy)
x20361	nennen	CC-BY 2.0 (France) Attribution: tatoeba.org #6898719 (CK) & #13536478 (Waldelfe)
x20362	egal	CC-BY 2.0 (France) Attribution: tatoeba.org #4666660 (CK) & #5025496 (UliDolbarge)
x20363	echt	CC-BY 2.0 (France) Attribution: tatoeba.org #7735398 (CK) & #8508949 (Luiaard)
x20364	rufen	CC-BY 2.0 (France) Attribution: tatoeba.org #4062800 (AlanF_US) & #13271463 (Waldelfe)
x20365	tragen	CC-BY 2.0 (France) Attribution: tatoeba.org #2361262 (CK) & #8496034 (Luiaard)
x20366	Ding	CC-BY 2.0 (France) Attribution: tatoeba.org #10085233 (CK) & #10027899 (wolfgangth)
x20367	Idee	CC-BY 2.0 (France) Attribution: tatoeba.org #43147 (CM) & #2300962 (Tamy)
x20368	Ahnung	CC-BY 2.0 (France) Attribution: tatoeba.org #6126637 (CK) & #2658762 (Pfirsichbaeumchen)
x20369	fast	CC-BY 2.0 (France) Attribution: tatoeba.org #8540442 (CK) & #12747239 (Waldelfe)
x20370	Geschichte	CC-BY 2.0 (France) Attribution: tatoeba.org #291388 (CK) & #491552 (Ullalia)
x20371	eigen	CC-BY 2.0 (France) Attribution: tatoeba.org #311484 (CK) & #353841 (lilygilder)
x20372	vorbei	CC-BY 2.0 (France) Attribution: tatoeba.org #953748 (CK) & #5921720 (raggione)
x20373	sogar	CC-BY 2.0 (France) Attribution: tatoeba.org #245802 (CM) & #725084 (Esperantostern)
x20374	Seite	CC-BY 2.0 (France) Attribution: tatoeba.org #27068 (CK) & #2146685 (Pfirsichbaeumchen)
x20375	endlich	CC-BY 2.0 (France) Attribution: tatoeba.org #38417 (CM) & #4413876 (raggione)
x20376	ändern	CC-BY 2.0 (France) Attribution: tatoeba.org #6866229 (CK) & #13510703 (Waldelfe)
x20377	Gesicht	CC-BY 2.0 (France) Attribution: tatoeba.org #8705964 (CK) & #8710026 (Yorwba)
x20378	Spiel	CC-BY 2.0 (France) Attribution: tatoeba.org #3824468 (CK) & #8646268 (Pfirsichbaeumchen)
x20379	schlimm	CC-BY 2.0 (France) Attribution: tatoeba.org #2276545 (CK) & #2322639 (Pfirsichbaeumchen)
x20380	singen	CC-BY 2.0 (France) Attribution: tatoeba.org #2361260 (CK) & #3710940 (Pfirsichbaeumchen)
x20381	außer	CC-BY 2.0 (France) Attribution: tatoeba.org #301960 (CK) & #654328 (Manfredo)
x20382	hängen	CC-BY 2.0 (France) Attribution: tatoeba.org #12180787 (sundown) & #8279455 (GuidoW)
x20383	Menge	CC-BY 2.0 (France) Attribution: tatoeba.org #50505 (CK) & #1892539 (Tamy)
x20384	Stück	CC-BY 2.0 (France) Attribution: tatoeba.org #254325 (CK) & #1445973 (Manfredo)
x20385	ansehen	CC-BY 2.0 (France) Attribution: tatoeba.org #12321427 (CK) & #12660922 (Waldelfe)
x20386	voll	CC-BY 2.0 (France) Attribution: tatoeba.org #4530071 (CK) & #1815780 (Pfirsichbaeumchen)
x20387	überall	CC-BY 2.0 (France) Attribution: tatoeba.org #6873400 (CK) & #915703 (Fingerhut)
x20388	direkt	CC-BY 2.0 (France) Attribution: tatoeba.org #250563 (CK) & #9256587 (Pfirsichbaeumchen)
x20389	bauen	CC-BY 2.0 (France) Attribution: tatoeba.org #8749377 (LeeSooHa) & #12313886 (Augustus)
x20390	Person	CC-BY 2.0 (France) Attribution: tatoeba.org #6257327 (CK) & #10081001 (wolfgangth)
x20391	lügen	CC-BY 2.0 (France) Attribution: tatoeba.org #633502 (bferrant) & #2533509 (Pfirsichbaeumchen)
x20392	Witz	CC-BY 2.0 (France) Attribution: tatoeba.org #6041590 (Hybrid) & #11139170 (Pfirsichbaeumchen)
x20393	erreichen	CC-BY 2.0 (France) Attribution: tatoeba.org #61607 (CK) & #612844 (Pfirsichbaeumchen)
x20394	total	CC-BY 2.0 (France) Attribution: tatoeba.org #8113244 (Hybrid) & #8646898 (Melang)
x20395	Körper	CC-BY 2.0 (France) Attribution: tatoeba.org #280232 (CM) & #2089262 (Zaghawa)
x20396	damals	CC-BY 2.0 (France) Attribution: tatoeba.org #874537 (darinmex) & #2821823 (Pfirsichbaeumchen)
x20397	stören	CC-BY 2.0 (France) Attribution: tatoeba.org #3924524 (Josh) & #10019557 (Pfirsichbaeumchen)
x20398	Pferd	CC-BY 2.0 (France) Attribution: tatoeba.org #8931393 (CK) & #12566683 (Waldelfe)
x20399	drüben	CC-BY 2.0 (France) Attribution: tatoeba.org #8216082 (CK) & #8220836 (MisterTrouser)
x20400	Team	CC-BY 2.0 (France) Attribution: tatoeba.org #1346553 (CK) & #1852631 (Zaghawa)
x20401	hart	CC-BY 2.0 (France) Attribution: tatoeba.org #41367 (Swift) & #1972403 (Tamy)
x20402	wenigstens	CC-BY 2.0 (France) Attribution: tatoeba.org #3428510 (CK) & #3707594 (Sicaria)
x20403	Tier	CC-BY 2.0 (France) Attribution: tatoeba.org #282392 (CM) & #362784 (Kerstin)
x20404	weinen	CC-BY 2.0 (France) Attribution: tatoeba.org #2768997 (Hybrid) & #2769122 (Pfirsichbaeumchen)
x20405	vorher	CC-BY 2.0 (France) Attribution: tatoeba.org #11066194 (sundown) & #5234115 (dispy)
x20406	merken	CC-BY 2.0 (France) Attribution: tatoeba.org #10059508 (DJ_Saidez) & #10060047 (Pfirsichbaeumchen)
x20407	beenden	CC-BY 2.0 (France) Attribution: tatoeba.org #2014691 (CK) & #4225645 (Pfirsichbaeumchen)
x20408	Traum	CC-BY 2.0 (France) Attribution: tatoeba.org #10982457 (sundown) & #444005 (Espi)
x20409	wählen	CC-BY 2.0 (France) Attribution: tatoeba.org #2163136 (Source_VOA) & #2205799 (Pfirsichbaeumchen)
x20410	teilen	CC-BY 2.0 (France) Attribution: tatoeba.org #284477 (CK) & #1673813 (Pfirsichbaeumchen)
x20411	Bescheid	CC-BY 2.0 (France) Attribution: tatoeba.org #2990908 (CM) & #5676066 (raggione)
x20412	Ziel	CC-BY 2.0 (France) Attribution: tatoeba.org #321899 (CK) & #1407038 (Zaghawa)
x20413	Schwein	CC-BY 2.0 (France) Attribution: tatoeba.org #1895562 (CK) & #3552401 (al_ex_an_der)
x20414	Unfall	CC-BY 2.0 (France) Attribution: tatoeba.org #321839 (CK) & #1074390 (Esperantostern)
x20415	offen	CC-BY 2.0 (France) Attribution: tatoeba.org #273941 (CK) & #369380 (xtofu80)
x20416	hoffentlich	CC-BY 2.0 (France) Attribution: tatoeba.org #1529431 (CK) & #2230105 (Vortarulo)
x20417	träumen	CC-BY 2.0 (France) Attribution: tatoeba.org #1700618 (Amastan) & #1709361 (Pfirsichbaeumchen)
x20418	Ohr	CC-BY 2.0 (France) Attribution: tatoeba.org #8574756 (sundown) & #2629556 (al_ex_an_der)
x20419	unbedingt	CC-BY 2.0 (France) Attribution: tatoeba.org #7197026 (CK) & #822559 (MUIRIEL)
x20420	Kamera	CC-BY 2.0 (France) Attribution: tatoeba.org #250293 (CK) & #1538125 (al_ex_an_der)
x20421	Kontakt	CC-BY 2.0 (France) Attribution: tatoeba.org #11932622 (CK) & #11932752 (Naina)
x20422	aufpassen	CC-BY 2.0 (France) Attribution: tatoeba.org #3312361 (CK) & #8808445 (skanne)
x20423	Gericht	CC-BY 2.0 (France) Attribution: tatoeba.org #2207433 (Hybrid) & #6147507 (Pfirsichbaeumchen)
x20424	Wald	CC-BY 2.0 (France) Attribution: tatoeba.org #2259495 (_undertoad) & #2351831 (Pfirsichbaeumchen)
x20425	Kirche	CC-BY 2.0 (France) Attribution: tatoeba.org #507914 (CK) & #508451 (Huluk)
x20426	schrecklich	CC-BY 2.0 (France) Attribution: tatoeba.org #8533364 (sundown) & #8950689 (Pfirsichbaeumchen)
x20427	Hose	CC-BY 2.0 (France) Attribution: tatoeba.org #60954 (CM) & #1973336 (Manfredo)
x20428	traurig	CC-BY 2.0 (France) Attribution: tatoeba.org #41755 (CK) & #1045290 (Sudajaengi)
x20429	ausgehen	CC-BY 2.0 (France) Attribution: tatoeba.org #72348 (CK) & #351757 (MUIRIEL)
x20430	probieren	CC-BY 2.0 (France) Attribution: tatoeba.org #2358964 (CK) & #6680973 (Manfredo)
x20431	schenken	CC-BY 2.0 (France) Attribution: tatoeba.org #9444474 (sundown) & #910881 (Sudajaengi)
x20432	Situation	CC-BY 2.0 (France) Attribution: tatoeba.org #6236243 (CK) & #6901411 (Pfirsichbaeumchen)
x20433	Besuch	CC-BY 2.0 (France) Attribution: tatoeba.org #436451 (lukaszpp) & #3062725 (Pfirsichbaeumchen)
x20434	Hals	CC-BY 2.0 (France) Attribution: tatoeba.org #2892163 (CK) & #7457583 (Pfirsichbaeumchen)
x20435	Interesse	CC-BY 2.0 (France) Attribution: tatoeba.org #300351 (CK) & #340913 (MUIRIEL)
x20436	Kleid	CC-BY 2.0 (France) Attribution: tatoeba.org #315799 (CS) & #5931880 (Zaghawa)
x20437	kontrollieren	CC-BY 2.0 (France) Attribution: tatoeba.org #1841223 (Spamster) & #1841302 (Pfirsichbaeumchen)
x20438	furchtbar	CC-BY 2.0 (France) Attribution: tatoeba.org #1949955 (drjuly) & #7905904 (Pfirsichbaeumchen)
x20439	Insel	CC-BY 2.0 (France) Attribution: tatoeba.org #1123693 (CK) & #1367932 (al_ex_an_der)
x20440	klappen	CC-BY 2.0 (France) Attribution: tatoeba.org #2892270 (CK) & #3044319 (Zaghawa)
x20441	pro	CC-BY 2.0 (France) Attribution: tatoeba.org #9966178 (DJ_Saidez) & #13664518 (Naina)
x20442	Ball	CC-BY 2.0 (France) Attribution: tatoeba.org #42563 (CM) & #2172503 (Tamy)
x20443	zuhören	CC-BY 2.0 (France) Attribution: tatoeba.org #10597661 (CK) & #12628316 (Waldelfe)
x20444	Ring	CC-BY 2.0 (France) Attribution: tatoeba.org #11605201 (sundown) & #8791722 (Pfirsichbaeumchen)
x20445	liefern	CC-BY 2.0 (France) Attribution: tatoeba.org #24200 (CK) & #1467179 (Manfredo)
x20446	Katze	CC-BY 2.0 (France) Attribution: tatoeba.org #259879 (CK) & #2140572 (Pfirsichbaeumchen)
x20447	Unternehmen	CC-BY 2.0 (France) Attribution: tatoeba.org #274871 (CK) & #626119 (Manfredo)
x20448	Brücke	CC-BY 2.0 (France) Attribution: tatoeba.org #48662 (CK) & #1702693 (al_ex_an_der)
x20449	Club	CC-BY 2.0 (France) Attribution: tatoeba.org #50529 (CK) & #665266 (Esperantostern)
x20450	Berg	CC-BY 2.0 (France) Attribution: tatoeba.org #272172 (CK) & #3067937 (Pfirsichbaeumchen)
x20451	beibringen	CC-BY 2.0 (France) Attribution: tatoeba.org #1739406 (Amastan) & #1743769 (Pfirsichbaeumchen)
x20452	reiten	CC-BY 2.0 (France) Attribution: tatoeba.org #268434 (CK) & #716410 (Manfredo)
x20453	erschrecken	CC-BY 2.0 (France) Attribution: tatoeba.org #2290419 (CK) & #2757094 (raggione)
x20454	Angriff	CC-BY 2.0 (France) Attribution: tatoeba.org #23409 (Swift) & #3412081 (Pfirsichbaeumchen)
x20455	Engel	CC-BY 2.0 (France) Attribution: tatoeba.org #5797542 (Eccles17) & #5797703 (Pfirsichbaeumchen)
x20456	wechseln	CC-BY 2.0 (France) Attribution: tatoeba.org #60231 (CK) & #437485 (MUIRIEL)
x20457	zulassen	CC-BY 2.0 (France) Attribution: tatoeba.org #18018 (CK) & #2201311 (Pfirsichbaeumchen)
x20458	Schuss	CC-BY 2.0 (France) Attribution: tatoeba.org #1334618 (CK) & #1414788 (PeterR)
x20459	irgendjemand	CC-BY 2.0 (France) Attribution: tatoeba.org #2996328 (CK) & #3613034 (raggione)
x20460	beantworten	CC-BY 2.0 (France) Attribution: tatoeba.org #3142685 (CK) & #3505439 (Zaghawa)
x20461	beten	CC-BY 2.0 (France) Attribution: tatoeba.org #4983587 (CK) & #6813450 (Pfirsichbaeumchen)
x20462	verschieden	CC-BY 2.0 (France) Attribution: tatoeba.org #10505993 (sundown) & #1428722 (Esperantostern)
x20463	Lüge	CC-BY 2.0 (France) Attribution: tatoeba.org #5001427 (CK) & #9236320 (Pfirsichbaeumchen)
x20464	fein	CC-BY 2.0 (France) Attribution: tatoeba.org #61166 (CM) & #3638152 (Tamy)
x20465	Flug	CC-BY 2.0 (France) Attribution: tatoeba.org #2541096 (CK) & #2695990 (Pfirsichbaeumchen)
x20466	anhalten	CC-BY 2.0 (France) Attribution: tatoeba.org #40052 (CK) & #1981328 (Esperantostern)
x20467	hinaus	CC-BY 2.0 (France) Attribution: tatoeba.org #2258437 (_undertoad) & #2369778 (Pfirsichbaeumchen)
x20468	verwandeln	CC-BY 2.0 (France) Attribution: tatoeba.org #282110 (CM) & #912409 (Sudajaengi)
x20469	ernsthaft	CC-BY 2.0 (France) Attribution: tatoeba.org #3820888 (CK) & #4948433 (Pfirsichbaeumchen)
x20470	Bombe	CC-BY 2.0 (France) Attribution: tatoeba.org #3201671 (CK) & #3665532 (Esperantostern)
x20471	sammeln	CC-BY 2.0 (France) Attribution: tatoeba.org #306378 (CK) & #986224 (Peanutfan)
x20472	ertragen	CC-BY 2.0 (France) Attribution: tatoeba.org #2713115 (CK) & #3089709 (al_ex_an_der)
x20473	Hintern	CC-BY 2.0 (France) Attribution: tatoeba.org #5745241 (CM) & #12021087 (Pfirsichbaeumchen)
x20474	Wahnsinn	CC-BY 2.0 (France) Attribution: tatoeba.org #1898169 (CK) & #1903353 (Pfirsichbaeumchen)
x20475	Vampir	CC-BY 2.0 (France) Attribution: tatoeba.org #2869060 (Hybrid) & #6139715 (Pfirsichbaeumchen)
x20476	Einheit	CC-BY 2.0 (France) Attribution: tatoeba.org #58046 (al_ex_an_der) & #509450 (xtofu80)
x20477	abschließen	CC-BY 2.0 (France) Attribution: tatoeba.org #1745134 (Amastan) & #1745844 (Pfirsichbaeumchen)
x20478	Steig	CC-BY 2.0 (France) Attribution: tatoeba.org #282363 (CM) & #405137 (xtofu80)
x20479	vorwärts	CC-BY 2.0 (France) Attribution: tatoeba.org #816074 (afeinberg) & #724433 (Esperantostern)
x20480	irgendeiner	CC-BY 2.0 (France) Attribution: tatoeba.org #36597 (CK) & #13618923 (Waldelfe)
x20481	benehmen	CC-BY 2.0 (France) Attribution: tatoeba.org #30450 (CK) & #366010 (tokyomews)
x20482	anscheinend	CC-BY 2.0 (France) Attribution: tatoeba.org #6710902 (CK) & #11388756 (mayabe)
x20483	begehen	CC-BY 2.0 (France) Attribution: tatoeba.org #318539 (CK) & #521678 (xtofu80)
x20484	verteidigen	CC-BY 2.0 (France) Attribution: tatoeba.org #5280282 (CK) & #5282535 (Pfirsichbaeumchen)
x20485	raten	CC-BY 2.0 (France) Attribution: tatoeba.org #54378 (CK) & #8215669 (Pfirsichbaeumchen)
x20486	Labor	CC-BY 2.0 (France) Attribution: tatoeba.org #298699 (CS) & #1067502 (stupiddog)
x20487	aufmachen	CC-BY 2.0 (France) Attribution: tatoeba.org #19165 (CK) & #8457136 (Luiaard)
x20488	Schwanz	CC-BY 2.0 (France) Attribution: tatoeba.org #6923963 (hadawayman) & #6924124 (Esperantostern)
x20489	Knast	CC-BY 2.0 (France) Attribution: tatoeba.org #2172859 (CM) & #2381373 (Zaghawa)
x20490	rausfinden	CC-BY 2.0 (France) Attribution: tatoeba.org #953725 (CK) & #1125557 (xtofu80)
x20491	daraus	CC-BY 2.0 (France) Attribution: tatoeba.org #2034089 (CK) & #2694322 (raggione)
x20492	Feind	CC-BY 2.0 (France) Attribution: tatoeba.org #237806 (CK) & #5491004 (Pfirsichbaeumchen)
x20493	anfassen	CC-BY 2.0 (France) Attribution: tatoeba.org #284594 (CK) & #1824409 (Tamy)
x20494	fürchten	CC-BY 2.0 (France) Attribution: tatoeba.org #9638149 (CK) & #9639672 (Pfirsichbaeumchen)
x20495	Mami	CC-BY 2.0 (France) Attribution: tatoeba.org #2254646 (CK) & #3296975 (pne)
x20496	Krankheit	CC-BY 2.0 (France) Attribution: tatoeba.org #3058319 (Hybrid) & #3059477 (Pfirsichbaeumchen)
x20497	Meile	CC-BY 2.0 (France) Attribution: tatoeba.org #1222976 (CK) & #11262980 (Pfirsichbaeumchen)
x20498	betrachten	CC-BY 2.0 (France) Attribution: tatoeba.org #2993312 (CK) & #2993550 (Pfirsichbaeumchen)
x20499	Star	CC-BY 2.0 (France) Attribution: tatoeba.org #378583 (MUIRIEL) & #378566 (MUIRIEL)
x20500	Lord	CC-BY 2.0 (France) Attribution: tatoeba.org #319452 (CK) & #682730 (Manfredo)
x20501	Sommer	CC-BY 2.0 (France) Attribution: tatoeba.org #9032844 (CK) & #1751530 (flitz)
x20502	Einsatz	CC-BY 2.0 (France) Attribution: tatoeba.org #31241 (CM) & #2262133 (Zaghawa)
x20503	weitermachen	CC-BY 2.0 (France) Attribution: tatoeba.org #5621842 (CK) & #13310067 (Waldelfe)
x20504	College	CC-BY 2.0 (France) Attribution: tatoeba.org #568944 (CM) & #2032244 (Espi)
x20505	jener	CC-BY 2.0 (France) Attribution: tatoeba.org #1421312 (CK) & #1811176 (Pfirsichbaeumchen)
x20506	Prinz	CC-BY 2.0 (France) Attribution: tatoeba.org #246623 (CK) & #1712696 (Alois)
x20507	schämen	CC-BY 2.0 (France) Attribution: tatoeba.org #264705 (CK) & #1560991 (Pfirsichbaeumchen)
x20508	drüber	CC-BY 2.0 (France) Attribution: tatoeba.org #290475 (CK) & #560109 (cost)
x20509	loswerden	CC-BY 2.0 (France) Attribution: tatoeba.org #3728782 (CM) & #10362217 (Vortarulo)
x20510	besiegen	CC-BY 2.0 (France) Attribution: tatoeba.org #7113384 (CM) & #11827519 (Pfirsichbaeumchen)
x20511	rauf	CC-BY 2.0 (France) Attribution: tatoeba.org #247905 (CM) & #1450358 (Esperantostern)
x20512	morgens	CC-BY 2.0 (France) Attribution: tatoeba.org #259471 (CK) & #1006000 (Sudajaengi)
x20513	vollkommen	CC-BY 2.0 (France) Attribution: tatoeba.org #50316 (CK) & #797919 (Manfredo)
x20514	versagen	CC-BY 2.0 (France) Attribution: tatoeba.org #3201181 (CK) & #3555381 (Pfirsichbaeumchen)
x20515	Wunsch	CC-BY 2.0 (France) Attribution: tatoeba.org #9516078 (CK) & #12816544 (Waldelfe)
x20516	Song	CC-BY 2.0 (France) Attribution: tatoeba.org #8819167 (shekitten) & #7972567 (manese)
x20517	zugeben	CC-BY 2.0 (France) Attribution: tatoeba.org #10697754 (CK) & #10698815 (Pfirsichbaeumchen)
x20518	spannend	CC-BY 2.0 (France) Attribution: tatoeba.org #1316445 (CK) & #1516840 (riotlake)
x20519	stoßen	CC-BY 2.0 (France) Attribution: tatoeba.org #292501 (CM) & #6849833 (raggione)
x20520	mindestens	CC-BY 2.0 (France) Attribution: tatoeba.org #252253 (CK) & #436050 (xtofu80)
x20521	Wesen	CC-BY 2.0 (France) Attribution: tatoeba.org #4538058 (Hybrid) & #4538273 (Esperantostern)
x20522	übersetzen	CC-BY 2.0 (France) Attribution: tatoeba.org #6067661 (mailohilohi) & #1839676 (Tamy)
x20523	Programm	CC-BY 2.0 (France) Attribution: tatoeba.org #5728936 (CM) & #12582362 (Naina)
x20524	Reihe	CC-BY 2.0 (France) Attribution: tatoeba.org #264352 (CK) & #6546702 (Espi)
x20525	verbrennen	CC-BY 2.0 (France) Attribution: tatoeba.org #11928057 (CK) & #12544922 (Waldelfe)
x20526	pfeifen	CC-BY 2.0 (France) Attribution: tatoeba.org #1883036 (Spamster) & #1888464 (Pfirsichbaeumchen)
x20527	bewahren	CC-BY 2.0 (France) Attribution: tatoeba.org #42035 (CK) & #2087488 (Tamy)
x20528	Strand	CC-BY 2.0 (France) Attribution: tatoeba.org #2486613 (CK) & #2486621 (Pfirsichbaeumchen)
x20529	Amerikaner	CC-BY 2.0 (France) Attribution: tatoeba.org #67487 (CK) & #3851193 (Pfirsichbaeumchen)
x20530	Jahrhundert	CC-BY 2.0 (France) Attribution: tatoeba.org #706899 (papabear) & #344651 (MUIRIEL)
x20531	durchmachen	CC-BY 2.0 (France) Attribution: tatoeba.org #10002758 (tsp_2) & #13361001 (Vortarulo)
x20532	Scherz	CC-BY 2.0 (France) Attribution: tatoeba.org #42846 (CK) & #2218727 (Tamy)
x20533	womit	CC-BY 2.0 (France) Attribution: tatoeba.org #906916 (CK) & #3082653 (Pfirsichbaeumchen)
x20534	begreifen	CC-BY 2.0 (France) Attribution: tatoeba.org #6657406 (CK) & #12650343 (Waldelfe)
x20535	Gewehr	CC-BY 2.0 (France) Attribution: tatoeba.org #289083 (CK) & #12425044 (mayabe)
x20536	Rache	CC-BY 2.0 (France) Attribution: tatoeba.org #1887882 (CK) & #1888604 (Pfirsichbaeumchen)
x20537	einsperren	CC-BY 2.0 (France) Attribution: tatoeba.org #4266782 (patgfisher) & #4266816 (Pfirsichbaeumchen)
x20538	empfinden	CC-BY 2.0 (France) Attribution: tatoeba.org #10963655 (CK) & #12650511 (Waldelfe)
x20539	Bürgermeister	CC-BY 2.0 (France) Attribution: tatoeba.org #290867 (Eldad) & #4395634 (Dokuyaku)
x20540	Signal	CC-BY 2.0 (France) Attribution: tatoeba.org #268855 (CK) & #810390 (Manfredo)
x20541	Fluss	CC-BY 2.0 (France) Attribution: tatoeba.org #273178 (CK) & #10369592 (Pfirsichbaeumchen)
x20542	woran	CC-BY 2.0 (France) Attribution: tatoeba.org #6052319 (Hybrid) & #6333161 (Pfirsichbaeumchen)
x20543	vergehen	CC-BY 2.0 (France) Attribution: tatoeba.org #763555 (darinmex) & #1591044 (Zaghawa)
x20544	Kuh	CC-BY 2.0 (France) Attribution: tatoeba.org #67077 (CK) & #12512769 (mayabe)
x20545	brauen	CC-BY 2.0 (France) Attribution: tatoeba.org #34847 (CK) & #538105 (xtofu80)
x20546	zusehen	CC-BY 2.0 (France) Attribution: tatoeba.org #69324 (CM) & #2064539 (Pfirsichbaeumchen)
x20547	übergeben	CC-BY 2.0 (France) Attribution: tatoeba.org #3962738 (JSakuragi) & #3965088 (raggione)
x20548	verschwenden	CC-BY 2.0 (France) Attribution: tatoeba.org #5643724 (CK) & #5787326 (dasbeispielholz)
x20549	durchsuchen	CC-BY 2.0 (France) Attribution: tatoeba.org #1963144 (CK) & #1963975 (Pfirsichbaeumchen)
x20550	Code	CC-BY 2.0 (France) Attribution: tatoeba.org #5745269 (CM) & #12451980 (Waldelfe)
x20551	wecken	CC-BY 2.0 (France) Attribution: tatoeba.org #2811623 (patgfisher) & #2811570 (al_ex_an_der)
x20552	rühren	CC-BY 2.0 (France) Attribution: tatoeba.org #8040702 (CK) & #8042418 (Pfirsichbaeumchen)
x20553	kehren	CC-BY 2.0 (France) Attribution: tatoeba.org #1963105 (CK) & #1964039 (Pfirsichbaeumchen)
x20554	zweimal	CC-BY 2.0 (France) Attribution: tatoeba.org #7156071 (Kiwi) & #1137 (MUIRIEL)
x20555	betreffen	CC-BY 2.0 (France) Attribution: tatoeba.org #1892278 (CK) & #1893484 (Pfirsichbaeumchen)
x20556	Medikament	CC-BY 2.0 (France) Attribution: tatoeba.org #886925 (CK) & #1553242 (Esperantostern)
x20557	Kunst	CC-BY 2.0 (France) Attribution: tatoeba.org #277567 (CK) & #1105858 (jast)
x20558	befehlen	CC-BY 2.0 (France) Attribution: tatoeba.org #1951685 (CK) & #1953616 (Pfirsichbaeumchen)
x20559	Geräusch	CC-BY 2.0 (France) Attribution: tatoeba.org #8375122 (CK) & #13659644 (Naina)
x20560	identifizieren	CC-BY 2.0 (France) Attribution: tatoeba.org #2277666 (loghaD) & #2491401 (Zaghawa)
x20561	Wache	CC-BY 2.0 (France) Attribution: tatoeba.org #3061073 (CK) & #3061078 (Pfirsichbaeumchen)
x20562	verloben	CC-BY 2.0 (France) Attribution: tatoeba.org #887151 (CK) & #1455818 (Kiwisplit)
x20563	lauter	CC-BY 2.0 (France) Attribution: tatoeba.org #1497594 (CK) & #9352596 (Pfirsichbaeumchen)
x20564	opfern	CC-BY 2.0 (France) Attribution: tatoeba.org #807468 (Source_VOA) & #2433601 (Pfirsichbaeumchen)
x20565	woanders	CC-BY 2.0 (France) Attribution: tatoeba.org #2713137 (CK) & #5260514 (Pfirsichbaeumchen)
x20566	folgend	CC-BY 2.0 (France) Attribution: tatoeba.org #23400 (al_ex_an_der) & #1722112 (al_ex_an_der)
x20567	ignorieren	CC-BY 2.0 (France) Attribution: tatoeba.org #1893916 (CK) & #1893979 (Pfirsichbaeumchen)
x20568	außerhalb	CC-BY 2.0 (France) Attribution: tatoeba.org #2032573 (CK) & #12258608 (mayabe)
x20569	begraben	CC-BY 2.0 (France) Attribution: tatoeba.org #61619 (CM) & #10357223 (Yorwba)
x20570	weggehen	CC-BY 2.0 (France) Attribution: tatoeba.org #1841685 (CK) & #1841982 (Pfirsichbaeumchen)
x20571	Motor	CC-BY 2.0 (France) Attribution: tatoeba.org #46856 (CK) & #989716 (jxan)
x20572	heulen	CC-BY 2.0 (France) Attribution: tatoeba.org #8473039 (CK) & #12585033 (Waldelfe)
x20573	hinein	CC-BY 2.0 (France) Attribution: tatoeba.org #259923 (CK) & #360855 (Wolf)
x20574	Aufmerksamkeit	CC-BY 2.0 (France) Attribution: tatoeba.org #43733 (CK) & #674010 (samueldora)
x20575	bereuen	CC-BY 2.0 (France) Attribution: tatoeba.org #5768917 (Hybrid) & #6161309 (Pfirsichbaeumchen)
x20576	trainieren	CC-BY 2.0 (France) Attribution: tatoeba.org #8808827 (sundown) & #1599598 (Zaghawa)
x20577	Vorschlag	CC-BY 2.0 (France) Attribution: tatoeba.org #291176 (CK) & #8809093 (wolfgangth)
x20578	Offizier	CC-BY 2.0 (France) Attribution: tatoeba.org #3735486 (CK) & #4750059 (bonny37)
x20579	Ton	CC-BY 2.0 (France) Attribution: tatoeba.org #3300625 (Hybrid) & #3183660 (Pfirsichbaeumchen)
x20580	Übersetzung	CC-BY 2.0 (France) Attribution: tatoeba.org #324255 (CK) & #899097 (Espi)
x20581	Schande	CC-BY 2.0 (France) Attribution: tatoeba.org #4937871 (CK) & #4939033 (brauchinet)
x20582	Blödsinn	CC-BY 2.0 (France) Attribution: tatoeba.org #1481674 (weihaiping) & #1482854 (al_ex_an_der)
x20583	Pfund	CC-BY 2.0 (France) Attribution: tatoeba.org #41973 (Zifre) & #533747 (Zaghawa)
x20584	Freitag	CC-BY 2.0 (France) Attribution: tatoeba.org #18468 (CK) & #689501 (Manfredo)
x20585	amüsieren	CC-BY 2.0 (France) Attribution: tatoeba.org #2288218 (CK) & #2989316 (Zaghawa)
x20586	Grab	CC-BY 2.0 (France) Attribution: tatoeba.org #7760485 (Hybrid) & #11227072 (Pfirsichbaeumchen)
x20587	verbergen	CC-BY 2.0 (France) Attribution: tatoeba.org #3733010 (CK) & #3759905 (Jens_Odo)
x20588	Anziehen	CC-BY 2.0 (France) Attribution: tatoeba.org #11215760 (sundown) & #2470695 (Pfirsichbaeumchen)
x20589	Leiche	CC-BY 2.0 (France) Attribution: tatoeba.org #18078 (CM) & #761206 (Esperantostern)
x20590	Theater	CC-BY 2.0 (France) Attribution: tatoeba.org #257171 (CK) & #1311174 (Esperantostern)
x20591	Truppe	CC-BY 2.0 (France) Attribution: tatoeba.org #29193 (CK) & #363272 (Wolf)
x20592	Affe	CC-BY 2.0 (France) Attribution: tatoeba.org #2842444 (mervert1) & #5995028 (Pfirsichbaeumchen)
x20593	aufbauen	CC-BY 2.0 (France) Attribution: tatoeba.org #61811 (CM) & #13431178 (Naina)
x20594	malen	CC-BY 2.0 (France) Attribution: tatoeba.org #681683 (Source_VOA) & #1191097 (Esperantostern)
x20595	beeindrucken	CC-BY 2.0 (France) Attribution: tatoeba.org #3001143 (Hybrid) & #3507921 (al_ex_an_der)
x20596	verabschieden	CC-BY 2.0 (France) Attribution: tatoeba.org #1243531 (CK) & #2843202 (Zaghawa)
x20597	drohen	CC-BY 2.0 (France) Attribution: tatoeba.org #3533908 (CK) & #3707746 (Pfirsichbaeumchen)
x20598	Selbstmord	CC-BY 2.0 (France) Attribution: tatoeba.org #45300 (CK) & #1935567 (Tamy)
x20599	erwachsen	CC-BY 2.0 (France) Attribution: tatoeba.org #3449077 (CK) & #3609106 (Jan_Schreiber)
x20600	anschauen	CC-BY 2.0 (France) Attribution: tatoeba.org #2322738 (CK) & #6644161 (Felixjp)
x20601	streichen	CC-BY 2.0 (France) Attribution: tatoeba.org #260353 (CK) & #660369 (al_ex_an_der)
x20602	verarschen	CC-BY 2.0 (France) Attribution: tatoeba.org #12066054 (CK) & #12543664 (Waldelfe)
x20603	verdächtigen	CC-BY 2.0 (France) Attribution: tatoeba.org #23128 (CK) & #1445489 (Esperantostern)
x20604	dreckig	CC-BY 2.0 (France) Attribution: tatoeba.org #250664 (CM) & #353844 (lilygilder)
x20605	Hexe	CC-BY 2.0 (France) Attribution: tatoeba.org #49030 (CM) & #775361 (Manfredo)
x20606	Gentleman	CC-BY 2.0 (France) Attribution: tatoeba.org #289305 (CK) & #401934 (MUIRIEL)
x20607	irgendein	CC-BY 2.0 (France) Attribution: tatoeba.org #12893457 (CK) & #12907866 (Waldelfe)
x20608	rausholen	CC-BY 2.0 (France) Attribution: tatoeba.org #3328528 (CK) & #13424003 (Vortarulo)
x20609	Sünde	CC-BY 2.0 (France) Attribution: tatoeba.org #7852971 (CK) & #7852969 (Pfirsichbaeumchen)
x20610	Verräter	CC-BY 2.0 (France) Attribution: tatoeba.org #1841503 (CK) & #10097590 (wolfgangth)
x20611	Panik	CC-BY 2.0 (France) Attribution: tatoeba.org #4171887 (Hybrid) & #5223004 (Pfirsichbaeumchen)
x20612	verrücken	CC-BY 2.0 (France) Attribution: tatoeba.org #3635985 (CK) & #11513181 (Pfirsichbaeumchen)
x20613	einander	CC-BY 2.0 (France) Attribution: tatoeba.org #44226 (CK) & #1567108 (kolonjano)
x20614	Hemd	CC-BY 2.0 (France) Attribution: tatoeba.org #5075273 (Hybrid) & #5076461 (dispy)
x20615	täuschen	CC-BY 2.0 (France) Attribution: tatoeba.org #21968 (CK) & #372282 (xtofu80)
x20616	weiterhin	CC-BY 2.0 (France) Attribution: tatoeba.org #305963 (CM) & #12266122 (Yorwba)
x20617	Artikel	CC-BY 2.0 (France) Attribution: tatoeba.org #6067661 (mailohilohi) & #1839676 (Tamy)
x20618	Trottel	CC-BY 2.0 (France) Attribution: tatoeba.org #1762636 (joyfie) & #1806525 (meloncurtains)
x20619	rechnen	CC-BY 2.0 (France) Attribution: tatoeba.org #11157080 (sundown) & #711990 (sigfrido)
x20620	erfreuen	CC-BY 2.0 (France) Attribution: tatoeba.org #45583 (CK) & #1958491 (Tamy)
x20621	zielen	CC-BY 2.0 (France) Attribution: tatoeba.org #2259961 (_undertoad) & #2344939 (Pfirsichbaeumchen)
x20622	Magie	CC-BY 2.0 (France) Attribution: tatoeba.org #2294003 (CK) & #3386599 (al_ex_an_der)
x20623	Priester	CC-BY 2.0 (France) Attribution: tatoeba.org #12517307 (CK) & #12621497 (Waldelfe)
x20624	Gegenteil	CC-BY 2.0 (France) Attribution: tatoeba.org #5852226 (CK) & #12026075 (Pfirsichbaeumchen)
x20625	Angelegenheit	CC-BY 2.0 (France) Attribution: tatoeba.org #254716 (CK) & #10077164 (wolfgangth)
x20626	immerhin	CC-BY 2.0 (France) Attribution: tatoeba.org #2264619 (_undertoad) & #2344881 (Pfirsichbaeumchen)
x20627	golden	CC-BY 2.0 (France) Attribution: tatoeba.org #260374 (CK) & #767016 (dima555)
x20628	Prozent	CC-BY 2.0 (France) Attribution: tatoeba.org #11490868 (CK) & #1624006 (al_ex_an_der)
x20629	Weg	CC-BY 2.0 (France) Attribution: tatoeba.org #313008 (CK) & #2297719 (freddy1)
x20630	auffallen	CC-BY 2.0 (France) Attribution: tatoeba.org #3826282 (CK) & #5742435 (raggione)
x20631	medizinisch	CC-BY 2.0 (France) Attribution: tatoeba.org #681913 (Source_VOA) & #755731 (al_ex_an_der)
x20632	Trick	CC-BY 2.0 (France) Attribution: tatoeba.org #2470704 (BoriQa) & #5805883 (dasbeispielholz)
x20633	rollen	CC-BY 2.0 (France) Attribution: tatoeba.org #7426382 (Hybrid) & #7429245 (Pfirsichbaeumchen)
x20634	Gerücht	CC-BY 2.0 (France) Attribution: tatoeba.org #60260 (CK) & #684871 (MUIRIEL)
x20635	Sonntag	CC-BY 2.0 (France) Attribution: tatoeba.org #281826 (CK) & #630339 (BraveSentry)
x20636	möglicherweise	CC-BY 2.0 (France) Attribution: tatoeba.org #2387201 (CK) & #2484802 (brauchinet)
x20637	räumen	CC-BY 2.0 (France) Attribution: tatoeba.org #306308 (CK) & #7202460 (DR_T)
x20638	abends	CC-BY 2.0 (France) Attribution: tatoeba.org #718369 (CM) & #718374 (Pfirsichbaeumchen)
x20639	ausgeben	CC-BY 2.0 (France) Attribution: tatoeba.org #27378 (CK) & #368289 (lilygilder)
x20640	Hoheit	CC-BY 2.0 (France) Attribution: tatoeba.org #51808 (Zifre) & #3985477 (Pfirsichbaeumchen)
x20641	Schönheit	CC-BY 2.0 (France) Attribution: tatoeba.org #393871 (blay_paul) & #946 (MUIRIEL)
x20642	erschaffen	CC-BY 2.0 (France) Attribution: tatoeba.org #269624 (CK) & #699973 (Manfredo)
x20643	anständig	CC-BY 2.0 (France) Attribution: tatoeba.org #32512 (CM) & #880691 (Esperantostern)
x20644	albern	CC-BY 2.0 (France) Attribution: tatoeba.org #7364452 (Hybrid) & #7364460 (Pfirsichbaeumchen)
x20645	nähern	CC-BY 2.0 (France) Attribution: tatoeba.org #4529241 (CK) & #12592226 (Yorwba)
x20646	Staat	CC-BY 2.0 (France) Attribution: tatoeba.org #1195312 (CK) & #1201406 (Espi)
x20647	sexy	CC-BY 2.0 (France) Attribution: tatoeba.org #618405 (TRANG) & #618412 (MUIRIEL)
x20648	Anführer	CC-BY 2.0 (France) Attribution: tatoeba.org #8887979 (CK) & #8887981 (Pfirsichbaeumchen)
x20649	amerikanisch	CC-BY 2.0 (France) Attribution: tatoeba.org #804220 (Source_VOA) & #894549 (Pfirsichbaeumchen)
x20650	Universum	CC-BY 2.0 (France) Attribution: tatoeba.org #862973 (papabear) & #13312736 (Waldelfe)
x20651	schmeißen	CC-BY 2.0 (France) Attribution: tatoeba.org #2271354 (CK) & #8501443 (Luiaard)
x20652	Beerdigung	CC-BY 2.0 (France) Attribution: tatoeba.org #2358720 (CK) & #8516728 (Luiaard)
x20653	lehren	CC-BY 2.0 (France) Attribution: tatoeba.org #1345493 (CK) & #1925959 (Espi)
x20654	Notfall	CC-BY 2.0 (France) Attribution: tatoeba.org #5735831 (CM) & #12405596 (Waldelfe)
x20655	Samstag	CC-BY 2.0 (France) Attribution: tatoeba.org #1529643 (erikspen) & #913900 (Esperantostern)
x20656	bilden	CC-BY 2.0 (France) Attribution: tatoeba.org #42489 (CK) & #2157833 (Tamy)
x20657	flüstern	CC-BY 2.0 (France) Attribution: tatoeba.org #7919474 (shekitten) & #7919644 (Pfirsichbaeumchen)
x20658	Gerechtigkeit	CC-BY 2.0 (France) Attribution: tatoeba.org #2247444 (CK) & #7451608 (Yorwba)
x20659	füllen	CC-BY 2.0 (France) Attribution: tatoeba.org #59497 (CK) & #632934 (Manfredo)
x20660	Marie	CC-BY 2.0 (France) Attribution: tatoeba.org #31973 (CK) & #437575 (MUIRIEL)
x20661	Fan	CC-BY 2.0 (France) Attribution: tatoeba.org #2649227 (CK) & #2830138 (raggione)
x20662	Chaos	CC-BY 2.0 (France) Attribution: tatoeba.org #5370760 (Hybrid) & #6166787 (Pfirsichbaeumchen)
x20663	betreten	CC-BY 2.0 (France) Attribution: tatoeba.org #44235 (CK) & #1761235 (Zaghawa)
x20664	sperren	CC-BY 2.0 (France) Attribution: tatoeba.org #239410 (CK) & #7328356 (Yorwba)
x20665	befürchten	CC-BY 2.0 (France) Attribution: tatoeba.org #24803 (CK) & #907832 (Sudajaengi)
x20666	Norden	CC-BY 2.0 (France) Attribution: tatoeba.org #681649 (Source_VOA) & #764890 (al_ex_an_der)
x20667	aussagen	CC-BY 2.0 (France) Attribution: tatoeba.org #11965068 (CK) & #12666402 (Waldelfe)
x20668	wegnehmen	CC-BY 2.0 (France) Attribution: tatoeba.org #1954552 (CK) & #1966015 (Pfirsichbaeumchen)
x20669	Huhn	CC-BY 2.0 (France) Attribution: tatoeba.org #10485547 (DJ_Saidez) & #10497848 (Yorwba)
x20670	Deckung	CC-BY 2.0 (France) Attribution: tatoeba.org #2111485 (CK) & #4942695 (Hans_Adler)
x20671	ruhen	CC-BY 2.0 (France) Attribution: tatoeba.org #12593715 (sundown) & #12596873 (Waldelfe)
x20672	Zunge	CC-BY 2.0 (France) Attribution: tatoeba.org #2226329 (CK) & #2680380 (Zaghawa)
x20673	explodieren	CC-BY 2.0 (France) Attribution: tatoeba.org #5391648 (Hybrid) & #13702713 (Vortarulo)
x20674	Herrgott	CC-BY 2.0 (France) Attribution: tatoeba.org #12217599 (sundown) & #12218106 (Pfirsichbaeumchen)
x20675	Anweisung	CC-BY 2.0 (France) Attribution: tatoeba.org #12184436 (sundown) & #10270222 (Yorwba)
x20676	versetzen	CC-BY 2.0 (France) Attribution: tatoeba.org #260637 (CM) & #450256 (Pfirsichbaeumchen)
x20677	Genie	CC-BY 2.0 (France) Attribution: tatoeba.org #1749087 (Spamster) & #1749126 (Pfirsichbaeumchen)
x20678	Feigling	CC-BY 2.0 (France) Attribution: tatoeba.org #324362 (CK) & #361958 (Wolf)
x20679	Montag	CC-BY 2.0 (France) Attribution: tatoeba.org #2953786 (CK) & #5303226 (Pfirsichbaeumchen)
x20680	Explosion	CC-BY 2.0 (France) Attribution: tatoeba.org #5304227 (CK) & #5316172 (Pfirsichbaeumchen)
x20681	spazieren	CC-BY 2.0 (France) Attribution: tatoeba.org #3293498 (CK) & #3305265 (dinkel_girl)
x20682	segnen	CC-BY 2.0 (France) Attribution: tatoeba.org #269618 (CM) & #361132 (Kerstin)
x20683	aktivieren	CC-BY 2.0 (France) Attribution: tatoeba.org #328356 (fcbond) & #532248 (samueldora)
x20684	Rate	CC-BY 2.0 (France) Attribution: tatoeba.org #2033375 (CK) & #2757078 (raggione)
x20685	Spion	CC-BY 2.0 (France) Attribution: tatoeba.org #2218040 (CK) & #7709184 (raggione)
x20686	vorbeikommen	CC-BY 2.0 (France) Attribution: tatoeba.org #2407734 (CK) & #10297198 (wannieh)
x20687	einschlafen	CC-BY 2.0 (France) Attribution: tatoeba.org #6354507 (CK) & #10168372 (wolfgangth)
x20688	loslassen	CC-BY 2.0 (France) Attribution: tatoeba.org #12024676 (mayabe) & #7016208 (list)
x20689	Westen	CC-BY 2.0 (France) Attribution: tatoeba.org #319708 (CK) & #7842487 (Pfirsichbaeumchen)
x20690	ausdrücken	CC-BY 2.0 (France) Attribution: tatoeba.org #5168374 (CK) & #8081600 (Pfirsichbaeumchen)
x20691	Scheck	CC-BY 2.0 (France) Attribution: tatoeba.org #58497 (CK) & #2818555 (Tamy)
x20692	bedauern	CC-BY 2.0 (France) Attribution: tatoeba.org #671625 (darinmex) & #700644 (Esperantostern)
x20693	erstaunlich	CC-BY 2.0 (France) Attribution: tatoeba.org #52015 (CK) & #1097743 (cumori)
x20694	eingehen	CC-BY 2.0 (France) Attribution: tatoeba.org #2267869 (_undertoad) & #2291707 (Pfirsichbaeumchen)
x20695	ausschalten	CC-BY 2.0 (France) Attribution: tatoeba.org #1741989 (Amastan) & #1743727 (Pfirsichbaeumchen)
x20696	blicken	CC-BY 2.0 (France) Attribution: tatoeba.org #689682 (ulyssemc1) & #693688 (Esperantostern)
x20697	filmen	CC-BY 2.0 (France) Attribution: tatoeba.org #1807619 (CM) & #4621025 (Tamy)
x20698	deutlich	CC-BY 2.0 (France) Attribution: tatoeba.org #39549 (CK) & #1555955 (Pfirsichbaeumchen)
x20699	Senator	CC-BY 2.0 (France) Attribution: tatoeba.org #43762 (CM) & #2384686 (Tamy)
x20700	ersetzen	CC-BY 2.0 (France) Attribution: tatoeba.org #679882 (ulyssemc1) & #1986815 (Zaghawa)
x20701	zurückbringen	CC-BY 2.0 (France) Attribution: tatoeba.org #9456565 (sundown) & #2575878 (Tamy)
x20702	Cent	CC-BY 2.0 (France) Attribution: tatoeba.org #73213 (CM) & #449655 (al_ex_an_der)
x20703	Ermittlung	CC-BY 2.0 (France) Attribution: tatoeba.org #1839470 (CK) & #1848831 (Pfirsichbaeumchen)
x20704	eröffnen	CC-BY 2.0 (France) Attribution: tatoeba.org #3773368 (Hybrid) & #10068034 (Pfirsichbaeumchen)
x20705	Krebs	CC-BY 2.0 (France) Attribution: tatoeba.org #5958259 (CK) & #5962869 (BlundaInte)
x20706	Maske	CC-BY 2.0 (France) Attribution: tatoeba.org #483681 (CK) & #13734575 (Waldelfe)
x20707	clever	CC-BY 2.0 (France) Attribution: tatoeba.org #311861 (CM) & #1187209 (Vortarulo)
x20708	Champagner	CC-BY 2.0 (France) Attribution: tatoeba.org #7794479 (shekitten) & #3321511 (al_ex_an_der)
x20709	weitergehen	CC-BY 2.0 (France) Attribution: tatoeba.org #2270059 (_undertoad) & #2289354 (Pfirsichbaeumchen)
x20710	verderben	CC-BY 2.0 (France) Attribution: tatoeba.org #5020066 (al_ex_an_der) & #5020069 (al_ex_an_der)
x20711	nachsehen	CC-BY 2.0 (France) Attribution: tatoeba.org #1552565 (Spamster) & #1600607 (Pfirsichbaeumchen)
x20712	fesseln	CC-BY 2.0 (France) Attribution: tatoeba.org #289948 (CK) & #2935272 (al_ex_an_der)
x20713	Pack	CC-BY 2.0 (France) Attribution: tatoeba.org #6957786 (Hybrid) & #8220452 (Pfirsichbaeumchen)
x20714	anstatt	CC-BY 2.0 (France) Attribution: tatoeba.org #26706 (CK) & #1811840 (pne)
x20715	Zelle	CC-BY 2.0 (France) Attribution: tatoeba.org #280232 (CM) & #2089262 (Zaghawa)
x20716	Pizza	CC-BY 2.0 (France) Attribution: tatoeba.org #6045763 (mailohilohi) & #8245040 (MisterTrouser)
x20717	versauen	CC-BY 2.0 (France) Attribution: tatoeba.org #8591065 (CK) & #8887815 (mramosch)
x20718	überwachen	CC-BY 2.0 (France) Attribution: tatoeba.org #283748 (CK) & #503708 (MUIRIEL)
x20719	Pilot	CC-BY 2.0 (France) Attribution: tatoeba.org #710505 (papabear) & #357143 (MUIRIEL)
x20720	Sendung	CC-BY 2.0 (France) Attribution: tatoeba.org #2321193 (CM) & #2596835 (Pfirsichbaeumchen)
x20721	praktisch	CC-BY 2.0 (France) Attribution: tatoeba.org #2400879 (CM) & #4259979 (Pfirsichbaeumchen)
x20722	Winter	CC-BY 2.0 (France) Attribution: tatoeba.org #1439808 (CK) & #1789947 (Pfirsichbaeumchen)
x20723	herrschen	CC-BY 2.0 (France) Attribution: tatoeba.org #10831763 (sundown) & #5462355 (raggione)
x20724	dahinter	CC-BY 2.0 (France) Attribution: tatoeba.org #5094804 (CK) & #10740691 (mks)
x20725	ahnen	CC-BY 2.0 (France) Attribution: tatoeba.org #7194610 (CK) & #2492212 (Pfirsichbaeumchen)
x20726	bestens	CC-BY 2.0 (France) Attribution: tatoeba.org #56082 (CK) & #1134665 (Esperantostern)
x20727	Unrecht	CC-BY 2.0 (France) Attribution: tatoeba.org #11825470 (sundown) & #2690095 (kolonjano)
x20728	Leck	CC-BY 2.0 (France) Attribution: tatoeba.org #2267903 (_undertoad) & #2291696 (Pfirsichbaeumchen)
x20729	sanft	CC-BY 2.0 (France) Attribution: tatoeba.org #682340 (Source_VOA) & #707057 (Pfirsichbaeumchen)
x20730	Süden	CC-BY 2.0 (France) Attribution: tatoeba.org #681649 (Source_VOA) & #764890 (al_ex_an_der)
x20731	gemein	CC-BY 2.0 (France) Attribution: tatoeba.org #68329 (CK) & #2268880 (freddy1)
x20732	Minister	CC-BY 2.0 (France) Attribution: tatoeba.org #301296 (CK) & #463976 (xtofu80)
x20733	Zahl	CC-BY 2.0 (France) Attribution: tatoeba.org #4763198 (garborg) & #6742063 (Pfirsichbaeumchen)
x20734	wehtun	CC-BY 2.0 (France) Attribution: tatoeba.org #760541 (vgigregg) & #6322153 (raggione)
x20735	typisch	CC-BY 2.0 (France) Attribution: tatoeba.org #42212 (CK) & #749634 (Manfredo)
x20736	Spitze	CC-BY 2.0 (France) Attribution: tatoeba.org #2259309 (_undertoad) & #2352132 (Pfirsichbaeumchen)
x20737	wundern	CC-BY 2.0 (France) Attribution: tatoeba.org #6003741 (CK) & #7888888 (Pfirsichbaeumchen)
x20738	Tatort	CC-BY 2.0 (France) Attribution: tatoeba.org #257283 (CK) & #1523161 (samueldora)
x20739	herstellen	CC-BY 2.0 (France) Attribution: tatoeba.org #11592650 (CK) & #11592822 (Pfirsichbaeumchen)
x20740	strecken	CC-BY 2.0 (France) Attribution: tatoeba.org #1259432 (CK) & #3012042 (Lars224)
x20741	vieles	CC-BY 2.0 (France) Attribution: tatoeba.org #1660716 (CK) & #3152054 (Pfirsichbaeumchen)
x20742	abhalten	CC-BY 2.0 (France) Attribution: tatoeba.org #2547704 (CK) & #6643638 (Felixjp)
x20743	wiederkommen	CC-BY 2.0 (France) Attribution: tatoeba.org #7212755 (CK) & #12460172 (Waldelfe)
x20744	bekämpfen	CC-BY 2.0 (France) Attribution: tatoeba.org #307676 (CK) & #1639033 (Esperantostern)
x20745	gegenseitig	CC-BY 2.0 (France) Attribution: tatoeba.org #2523935 (CK) & #2523204 (Zaghawa)
x20746	locken	CC-BY 2.0 (France) Attribution: tatoeba.org #2040233 (halfb1t) & #12892583 (Naina)
x20747	belügen	CC-BY 2.0 (France) Attribution: tatoeba.org #1895786 (CK) & #1907325 (Pfirsichbaeumchen)
x20748	befragen	CC-BY 2.0 (France) Attribution: tatoeba.org #5380445 (CK) & #5383814 (honeygod)
x20749	Klient	CC-BY 2.0 (France) Attribution: tatoeba.org #681899 (Source_VOA) & #755758 (Zaghawa)
x20750	Mantel	CC-BY 2.0 (France) Attribution: tatoeba.org #45365 (CK) & #1938025 (Tamy)
x20751	anlegen	CC-BY 2.0 (France) Attribution: tatoeba.org #320956 (CK) & #701250 (Manfredo)
x20752	bedrohen	CC-BY 2.0 (France) Attribution: tatoeba.org #11936264 (CK) & #12395890 (Pfirsichbaeumchen)
x20753	aufwachsen	CC-BY 2.0 (France) Attribution: tatoeba.org #7734998 (CK) & #13716108 (Waldelfe)
x20754	anhören	CC-BY 2.0 (France) Attribution: tatoeba.org #3048001 (CK) & #8804094 (wolfgangth)
x20755	herrlich	CC-BY 2.0 (France) Attribution: tatoeba.org #36072 (CK) & #1598028 (Pfirsichbaeumchen)
x20756	Affäre	CC-BY 2.0 (France) Attribution: tatoeba.org #1343426 (Chrikaru) & #1842215 (Aldain)
x20757	Dutzend	CC-BY 2.0 (France) Attribution: tatoeba.org #1113266 (CM) & #1133178 (Esperantostern)
x20758	Fingerabdruck	CC-BY 2.0 (France) Attribution: tatoeba.org #4135425 (CK) & #4140740 (Pfirsichbaeumchen)
x20759	Kommando	CC-BY 2.0 (France) Attribution: tatoeba.org #2111487 (CK) & #5480543 (RandomUsername)
x20760	Menschheit	CC-BY 2.0 (France) Attribution: tatoeba.org #1657703 (Spamster) & #1658520 (al_ex_an_der)
x20761	blasen	CC-BY 2.0 (France) Attribution: tatoeba.org #319679 (CM) & #1342725 (al_ex_an_der)
x20762	streng	CC-BY 2.0 (France) Attribution: tatoeba.org #319191 (CK) & #358110 (MUIRIEL)
x20763	kotzen	CC-BY 2.0 (France) Attribution: tatoeba.org #4907368 (DarkHollow) & #10106464 (wolfgangth)
x20764	weisen	CC-BY 2.0 (France) Attribution: tatoeba.org #3328114 (CK) & #3120738 (al_ex_an_der)
x20765	Wut	CC-BY 2.0 (France) Attribution: tatoeba.org #50097 (CM) & #2220320 (Pfirsichbaeumchen)
x20766	reingehen	CC-BY 2.0 (France) Attribution: tatoeba.org #5276172 (CK) & #6625831 (Felixjp)
x20767	Schlange	CC-BY 2.0 (France) Attribution: tatoeba.org #11966172 (sundown) & #10588843 (dirkz)
x20768	Bursche	CC-BY 2.0 (France) Attribution: tatoeba.org #2266029 (_undertoad) & #2322215 (Pfirsichbaeumchen)
x20769	verschaffen	CC-BY 2.0 (France) Attribution: tatoeba.org #1107822 (Scott) & #5312257 (Pfirsichbaeumchen)
x20770	anlügen	CC-BY 2.0 (France) Attribution: tatoeba.org #2276470 (CK) & #5244419 (christian42)
x20771	genial	CC-BY 2.0 (France) Attribution: tatoeba.org #2359406 (CK) & #2447320 (Lars224)
x20772	brüllen	CC-BY 2.0 (France) Attribution: tatoeba.org #25844 (CK) & #1035930 (al_ex_an_der)
x20773	Experiment	CC-BY 2.0 (France) Attribution: tatoeba.org #4712996 (DarkHollow) & #4713176 (bonny37)
x20774	flehen	CC-BY 2.0 (France) Attribution: tatoeba.org #3722326 (CM) & #12071366 (Pfirsichbaeumchen)
x20775	bewundern	CC-BY 2.0 (France) Attribution: tatoeba.org #6902498 (Hybrid) & #11394672 (Pfirsichbaeumchen)
x20776	Mittag	CC-BY 2.0 (France) Attribution: tatoeba.org #323705 (Eldad) & #797663 (MUIRIEL)
x20777	Kommandant	CC-BY 2.0 (France) Attribution: tatoeba.org #681592 (Source_VOA) & #769525 (Zaghawa)
x20778	betreiben	CC-BY 2.0 (France) Attribution: tatoeba.org #36774 (CK) & #13468415 (Naina)
x20779	ausruhen	CC-BY 2.0 (France) Attribution: tatoeba.org #1887450 (CK) & #2151676 (Lars224)
x20780	Dunkelheit	CC-BY 2.0 (France) Attribution: tatoeba.org #28425 (CK) & #2204427 (Pfirsichbaeumchen)
x20781	hiermit	CC-BY 2.0 (France) Attribution: tatoeba.org #1951627 (CK) & #1953719 (Pfirsichbaeumchen)
x20782	fähig	CC-BY 2.0 (France) Attribution: tatoeba.org #803000 (Source_VOA) & #2008143 (Manfredo)
x20783	Mittel	CC-BY 2.0 (France) Attribution: tatoeba.org #26656 (MUIRIEL) & #404877 (MUIRIEL)
x20784	aussprechen	CC-BY 2.0 (France) Attribution: tatoeba.org #387555 (Mouseneb) & #3343263 (raggione)
x20785	Fliege	CC-BY 2.0 (France) Attribution: tatoeba.org #278782 (CK) & #3178835 (Manfredo)
x20786	beschuldigen	CC-BY 2.0 (France) Attribution: tatoeba.org #2796665 (CK) & #469942 (Espi)
x20787	binden	CC-BY 2.0 (France) Attribution: tatoeba.org #6249781 (CK) & #12716532 (Waldelfe)
x20788	Truck	CC-BY 2.0 (France) Attribution: tatoeba.org #933125 (Scott) & #13432888 (Vortarulo)
x20789	dramatisch	CC-BY 2.0 (France) Attribution: tatoeba.org #281115 (CM) & #748670 (samueldora)
x20790	ablenken	CC-BY 2.0 (France) Attribution: tatoeba.org #2007532 (CK) & #5861912 (Pfirsichbaeumchen)
x20791	vorgehen	CC-BY 2.0 (France) Attribution: tatoeba.org #2892545 (CK) & #6641696 (Felixjp)
x20792	Führer	CC-BY 2.0 (France) Attribution: tatoeba.org #680989 (Source_VOA) & #759311 (Pfirsichbaeumchen)
x20793	Brille	CC-BY 2.0 (France) Attribution: tatoeba.org #2481038 (Hybrid) & #2481081 (Pfirsichbaeumchen)
x20794	gestehen	CC-BY 2.0 (France) Attribution: tatoeba.org #9160965 (CK) & #13510732 (Waldelfe)
x20795	bedanken	CC-BY 2.0 (France) Attribution: tatoeba.org #2033202 (CK) & #2759114 (raggione)
x20796	Ewigkeit	CC-BY 2.0 (France) Attribution: tatoeba.org #2984534 (Hybrid) & #2987870 (Pfirsichbaeumchen)
x20797	Krieger	CC-BY 2.0 (France) Attribution: tatoeba.org #410459 (FeuDRenais) & #7796192 (AmeliaLaurens)
x20798	rächen	CC-BY 2.0 (France) Attribution: tatoeba.org #1334794 (Scott) & #3760541 (Jens_Odo)
x20799	zurücklassen	CC-BY 2.0 (France) Attribution: tatoeba.org #9637017 (CK) & #12552842 (Waldelfe)
x20800	verlegen	CC-BY 2.0 (France) Attribution: tatoeba.org #2406289 (CK) & #2444724 (Pfirsichbaeumchen)
x20801	Stärke	CC-BY 2.0 (France) Attribution: tatoeba.org #8587613 (CK) & #8888066 (mramosch)
x20802	auslösen	CC-BY 2.0 (France) Attribution: tatoeba.org #3732231 (CK) & #5792928 (dasbeispielholz)
x20803	vergiften	CC-BY 2.0 (France) Attribution: tatoeba.org #5851497 (CK) & #8056641 (Luiaard)
x20804	vermasseln	CC-BY 2.0 (France) Attribution: tatoeba.org #9194653 (DJ_Saidez) & #9194678 (Pfirsichbaeumchen)
x20805	Mitternacht	CC-BY 2.0 (France) Attribution: tatoeba.org #9045667 (CK) & #9286286 (Pfirsichbaeumchen)
x20806	Klo	CC-BY 2.0 (France) Attribution: tatoeba.org #2304073 (CM) & #8993755 (Pfirsichbaeumchen)
x20807	heftig	CC-BY 2.0 (France) Attribution: tatoeba.org #259909 (CK) & #1642358 (al_ex_an_der)
x20808	Antrag	CC-BY 2.0 (France) Attribution: tatoeba.org #44702 (CM) & #882036 (xtofu80)
x20809	bewachen	CC-BY 2.0 (France) Attribution: tatoeba.org #320133 (CK) & #576288 (cost)
x20810	kontaktieren	CC-BY 2.0 (France) Attribution: tatoeba.org #2544953 (CK) & #2589388 (Pfirsichbaeumchen)
x20811	zurecht	CC-BY 2.0 (France) Attribution: tatoeba.org #41324 (CM) & #1966799 (Tamy)
x20812	Besitz	CC-BY 2.0 (France) Attribution: tatoeba.org #8902218 (CK) & #8904718 (Pfirsichbaeumchen)
x20813	zerbrechen	CC-BY 2.0 (France) Attribution: tatoeba.org #42042 (CK) & #2087514 (Tamy)
x20814	überfallen	CC-BY 2.0 (France) Attribution: tatoeba.org #8439999 (CK) & #8470480 (Luiaard)
x20815	Krone	CC-BY 2.0 (France) Attribution: tatoeba.org #880576 (CM) & #10274864 (Yorwba)
x20816	blond	CC-BY 2.0 (France) Attribution: tatoeba.org #300536 (CM) & #3044099 (Pfirsichbaeumchen)
x20817	ertönen	CC-BY 2.0 (France) Attribution: tatoeba.org #34361 (CK) & #675402 (Pfirsichbaeumchen)
x20818	arrangieren	CC-BY 2.0 (France) Attribution: tatoeba.org #4828592 (Hybrid) & #6175910 (Pfirsichbaeumchen)
x20819	hierbleiben	CC-BY 2.0 (France) Attribution: tatoeba.org #16094 (Swift) & #3507106 (al_ex_an_der)
x20820	knurren	CC-BY 2.0 (France) Attribution: tatoeba.org #7126583 (CM) & #12816235 (Yorwba)
x20821	Behandlung	CC-BY 2.0 (France) Attribution: tatoeba.org #36624 (CM) & #1006022 (Sudajaengi)
x20822	bergen	CC-BY 2.0 (France) Attribution: tatoeba.org #9934302 (CK) & #12402816 (Yorwba)
x20823	heutzutage	CC-BY 2.0 (France) Attribution: tatoeba.org #1039472 (GPHemsley) & #1030308 (Sudajaengi)
x20824	Rakete	CC-BY 2.0 (France) Attribution: tatoeba.org #11132261 (sundown) & #10770616 (Yorwba)
x20825	Kaiser	CC-BY 2.0 (France) Attribution: tatoeba.org #12101363 (CK) & #12615688 (Waldelfe)
x20826	Schädel	CC-BY 2.0 (France) Attribution: tatoeba.org #3423223 (Melina_C) & #3968306 (Pfirsichbaeumchen)
x20827	zurückgeben	CC-BY 2.0 (France) Attribution: tatoeba.org #7736703 (CK) & #12648779 (Waldelfe)
x20828	nieder	CC-BY 2.0 (France) Attribution: tatoeba.org #4198378 (CK) & #661365 (Esperantostern)
x20829	Staatsanwalt	CC-BY 2.0 (France) Attribution: tatoeba.org #1954708 (CK) & #1967524 (Pfirsichbaeumchen)
x20830	beherrschen	CC-BY 2.0 (France) Attribution: tatoeba.org #2265855 (_undertoad) & #2322506 (Pfirsichbaeumchen)
x20831	Seil	CC-BY 2.0 (France) Attribution: tatoeba.org #29441 (CK) & #1832982 (Zaghawa)
x20832	verlaufen	CC-BY 2.0 (France) Attribution: tatoeba.org #255821 (CK) & #494817 (MUIRIEL)
x20833	momentan	CC-BY 2.0 (France) Attribution: tatoeba.org #7962428 (shekitten) & #8244971 (MisterTrouser)
x20834	Indianer	CC-BY 2.0 (France) Attribution: tatoeba.org #805400 (Source_VOA) & #869225 (Pfirsichbaeumchen)
x20835	Vision	CC-BY 2.0 (France) Attribution: tatoeba.org #1841765 (Spamster) & #1846624 (Pfirsichbaeumchen)
x20836	losgehen	CC-BY 2.0 (France) Attribution: tatoeba.org #1874653 (CM) & #2796468 (Pfirsichbaeumchen)
x20837	Identität	CC-BY 2.0 (France) Attribution: tatoeba.org #44416 (CK) & #1895475 (Tamy)
x20838	April	CC-BY 2.0 (France) Attribution: tatoeba.org #72588 (Eldad) & #396848 (MikeMolto)
x20839	attraktiv	CC-BY 2.0 (France) Attribution: tatoeba.org #30357 (CK) & #2981342 (pne)
x20840	ergreifen	CC-BY 2.0 (France) Attribution: tatoeba.org #800269 (CM) & #3359874 (Pfirsichbaeumchen)
x20841	Verfügung	CC-BY 2.0 (France) Attribution: tatoeba.org #251074 (CK) & #1819929 (Tamy)
x20842	einziehen	CC-BY 2.0 (France) Attribution: tatoeba.org #2241606 (CK) & #3781066 (raggione)
x20843	Chip	CC-BY 2.0 (France) Attribution: tatoeba.org #4356514 (CK) & #4356770 (krtz)
x20844	weglaufen	CC-BY 2.0 (France) Attribution: tatoeba.org #5633144 (CK) & #5633373 (brauchinet)
x20845	lebend	CC-BY 2.0 (France) Attribution: tatoeba.org #282061 (CM) & #1590474 (Sudajaengi)
x20846	Fluch	CC-BY 2.0 (France) Attribution: tatoeba.org #1449619 (CK) & #2137277 (Vortarulo)
x20847	Anklage	CC-BY 2.0 (France) Attribution: tatoeba.org #5733725 (CM) & #12387559 (Pfirsichbaeumchen)
x20848	Tour	CC-BY 2.0 (France) Attribution: tatoeba.org #50502 (CK) & #1892524 (Tamy)
x20849	West	CC-BY 2.0 (France) Attribution: tatoeba.org #682002 (Source_VOA) & #752918 (al_ex_an_der)
x20850	Albtraum	CC-BY 2.0 (France) Attribution: tatoeba.org #28526 (CK) & #1796423 (Tamy)
x20851	Fett	CC-BY 2.0 (France) Attribution: tatoeba.org #3223321 (Hybrid) & #7041289 (Pfirsichbaeumchen)
x20852	zeichnen	CC-BY 2.0 (France) Attribution: tatoeba.org #401960 (FeuDRenais) & #2223634 (Vortarulo)
x20853	äußerst	CC-BY 2.0 (France) Attribution: tatoeba.org #10996893 (GiggyMantis) & #12402353 (Yorwba)
x20854	Verstärkung	CC-BY 2.0 (France) Attribution: tatoeba.org #12285480 (CK) & #12572517 (Waldelfe)
x20855	täglich	CC-BY 2.0 (France) Attribution: tatoeba.org #7069180 (Hybrid) & #10344893 (Pfirsichbaeumchen)
x20856	versorgen	CC-BY 2.0 (France) Attribution: tatoeba.org #259318 (CK) & #969353 (Manfredo)
x20857	Jagd	CC-BY 2.0 (France) Attribution: tatoeba.org #2240774 (CK) & #3084256 (Pfirsichbaeumchen)
x20858	national	CC-BY 2.0 (France) Attribution: tatoeba.org #51884 (CK) & #341675 (MUIRIEL)
x20859	Osten	CC-BY 2.0 (France) Attribution: tatoeba.org #7770291 (sharris123) & #7459354 (Pfirsichbaeumchen)
x20860	Revier	CC-BY 2.0 (France) Attribution: tatoeba.org #7446390 (Hybrid) & #7831191 (Pfirsichbaeumchen)
x20861	Sarg	CC-BY 2.0 (France) Attribution: tatoeba.org #9359669 (DJ_Saidez) & #12432644 (Yorwba)
x20862	sicherlich	CC-BY 2.0 (France) Attribution: tatoeba.org #2542345 (CK) & #13457425 (Waldelfe)
x20863	lehnen	CC-BY 2.0 (France) Attribution: tatoeba.org #10637088 (sundown) & #371757 (MUIRIEL)
x20864	gestatten	CC-BY 2.0 (France) Attribution: tatoeba.org #433651 (CK) & #787502 (Hans_Adler)
x20865	magisch	CC-BY 2.0 (France) Attribution: tatoeba.org #2679027 (Hybrid) & #2682504 (Pfirsichbaeumchen)
x20866	Probe	CC-BY 2.0 (France) Attribution: tatoeba.org #7492892 (CK) & #10566693 (Yorwba)
x20867	Lektion	CC-BY 2.0 (France) Attribution: tatoeba.org #2431189 (marcelostockle) & #2431191 (al_ex_an_der)
x20868	ausführen	CC-BY 2.0 (France) Attribution: tatoeba.org #1315291 (CK) & #2997792 (Manfredo)
x20869	beschweren	CC-BY 2.0 (France) Attribution: tatoeba.org #5184770 (CK) & #10027947 (wolfgangth)
x20870	Bedrohung	CC-BY 2.0 (France) Attribution: tatoeba.org #2549037 (CK) & #8884599 (ofalto)
x20871	brutal	CC-BY 2.0 (France) Attribution: tatoeba.org #916050 (CK) & #1696220 (Pfirsichbaeumchen)
x20872	gnädig	CC-BY 2.0 (France) Attribution: tatoeba.org #24761 (CK) & #877080 (Espi)
x20873	Training	CC-BY 2.0 (France) Attribution: tatoeba.org #26557 (CK) & #818975 (Zaghawa)
x20874	Dummkopf	CC-BY 2.0 (France) Attribution: tatoeba.org #12182378 (CK) & #12596454 (Waldelfe)
x20875	Klamotte	CC-BY 2.0 (France) Attribution: tatoeba.org #2910985 (astyng) & #12092113 (Naina)
x20876	durchgehen	CC-BY 2.0 (France) Attribution: tatoeba.org #310119 (CK) & #3434065 (Pfirsichbaeumchen)
x20877	Besitzer	CC-BY 2.0 (France) Attribution: tatoeba.org #12239882 (CK) & #12698480 (Waldelfe)
x20878	betragen	CC-BY 2.0 (France) Attribution: tatoeba.org #741535 (darinmex) & #797389 (Esperantostern)
x20879	drum	CC-BY 2.0 (France) Attribution: tatoeba.org #2077751 (Spamster) & #2077776 (Pfirsichbaeumchen)
x20880	mal	CC-BY 2.0 (France) Attribution: tatoeba.org #33273 (CK) & #1857052 (Tamy)
x20881	nun	CC-BY 2.0 (France) Attribution: tatoeba.org #3122418 (CK) & #3650800 (Esperantostern)
x20882	Gott	CC-BY 2.0 (France) Attribution: tatoeba.org #269673 (CM) & #361142 (Kerstin)
x20883	wohl	CC-BY 2.0 (France) Attribution: tatoeba.org #7517655 (CK) & #12391841 (Pfirsichbaeumchen)
x20884	Liebe	CC-BY 2.0 (France) Attribution: tatoeba.org #2674764 (carlosalberto) & #5445582 (Pfirsichbaeumchen)
x20885	ob	CC-BY 2.0 (France) Attribution: tatoeba.org #2270619 (_undertoad) & #2273476 (Pfirsichbaeumchen)
x20886	her	CC-BY 2.0 (France) Attribution: tatoeba.org #2315205 (CK) & #4070305 (Pfirsichbaeumchen)
x20887	gar	CC-BY 2.0 (France) Attribution: tatoeba.org #5850447 (CK) & #13281231 (Waldelfe)
x20888	recht	CC-BY 2.0 (France) Attribution: tatoeba.org #5738463 (CM) & #12026761 (Pfirsichbaeumchen)
x20889	dafür	CC-BY 2.0 (France) Attribution: tatoeba.org #10927926 (shekitten) & #10927936 (Pfirsichbaeumchen)
x20890	stimmen	CC-BY 2.0 (France) Attribution: tatoeba.org #1948395 (linguine) & #1948451 (Pfirsichbaeumchen)
x20891	fühlen	CC-BY 2.0 (France) Attribution: tatoeba.org #2026556 (CK) & #12910187 (Waldelfe)
x20892	rein	CC-BY 2.0 (France) Attribution: tatoeba.org #39003 (Swift) & #12540868 (mayabe)
x20893	Musik	CC-BY 2.0 (France) Attribution: tatoeba.org #8282391 (CK) & #11479507 (mayabe)
x20894	bevor	CC-BY 2.0 (France) Attribution: tatoeba.org #2641795 (CK) & #2793488 (Pfirsichbaeumchen)
x20895	Fall	CC-BY 2.0 (France) Attribution: tatoeba.org #11129445 (CK) & #12513110 (Waldelfe)
x20896	verschwinden	CC-BY 2.0 (France) Attribution: tatoeba.org #2264336 (sharptoothed) & #11877779 (Naina)
x20897	einzig	CC-BY 2.0 (France) Attribution: tatoeba.org #10463380 (CK) & #12663426 (Waldelfe)
x20898	ziehen	CC-BY 2.0 (France) Attribution: tatoeba.org #3395540 (CK) & #3407585 (Pfirsichbaeumchen)
x20899	sorgen	CC-BY 2.0 (France) Attribution: tatoeba.org #480109 (adjusting) & #12460789 (mayabe)
x20900	retten	CC-BY 2.0 (France) Attribution: tatoeba.org #3096375 (CK) & #3201520 (Trebalor)
x20901	Tod	CC-BY 2.0 (France) Attribution: tatoeba.org #1898186 (CK) & #1902371 (Pfirsichbaeumchen)
x20902	führen	CC-BY 2.0 (France) Attribution: tatoeba.org #33867 (Dejo) & #369898 (kriskelvin)
x20903	verlassen	CC-BY 2.0 (France) Attribution: tatoeba.org #889772 (CK) & #1601886 (Pfirsichbaeumchen)
x20904	versprechen	CC-BY 2.0 (France) Attribution: tatoeba.org #5201512 (Hybrid) & #6212924 (Pfirsichbaeumchen)
x20905	Grund	CC-BY 2.0 (France) Attribution: tatoeba.org #283095 (CM) & #12400277 (Pfirsichbaeumchen)
x20906	drin	CC-BY 2.0 (France) Attribution: tatoeba.org #4641714 (Hybrid) & #4683426 (Pfirsichbaeumchen)
x20907	ziemlich	CC-BY 2.0 (France) Attribution: tatoeba.org #8257619 (CK) & #12593021 (Waldelfe)
x20908	schlagen	CC-BY 2.0 (France) Attribution: tatoeba.org #690919 (ulyssemc1) & #693835 (Esperantostern)
x20909	reichen	CC-BY 2.0 (France) Attribution: tatoeba.org #316404 (CK) & #5692584 (Pfirsichbaeumchen)
x20910	je	CC-BY 2.0 (France) Attribution: tatoeba.org #9193111 (DJ_Saidez) & #12485730 (Waldelfe)
x20911	überhaupt	CC-BY 2.0 (France) Attribution: tatoeba.org #8980463 (CK) & #4847245 (Zaghawa)
x20912	stecken	CC-BY 2.0 (France) Attribution: tatoeba.org #3505161 (CK) & #3506104 (Pfirsichbaeumchen)
x20913	klingen	CC-BY 2.0 (France) Attribution: tatoeba.org #3305912 (Hybrid) & #6982438 (Pfirsichbaeumchen)
x20914	Ruhe	CC-BY 2.0 (France) Attribution: tatoeba.org #3241552 (CK) & #3243417 (Pfirsichbaeumchen)
x20915	etwa	CC-BY 2.0 (France) Attribution: tatoeba.org #257454 (CK) & #12016157 (Pfirsichbaeumchen)
x20916	Chance	CC-BY 2.0 (France) Attribution: tatoeba.org #2387109 (CK) & #3386103 (Pfirsichbaeumchen)
x20917	Wahrheit	CC-BY 2.0 (France) Attribution: tatoeba.org #5805845 (CK) & #5805870 (Pfirsichbaeumchen)
x20918	Spaß	CC-BY 2.0 (France) Attribution: tatoeba.org #324524 (CK) & #774965 (Esperantostern)
x20919	schauen	CC-BY 2.0 (France) Attribution: tatoeba.org #34030 (CK) & #1890096 (Tamy)
x20920	eben	CC-BY 2.0 (France) Attribution: tatoeba.org #255019 (CK) & #2375664 (Zaghawa)
x20921	vertrauen	CC-BY 2.0 (France) Attribution: tatoeba.org #11630203 (CK) & #12650581 (Waldelfe)
x20922	Krieg	CC-BY 2.0 (France) Attribution: tatoeba.org #2314018 (Gulliver) & #13251815 (Waldelfe)
x20923	Gefühl	CC-BY 2.0 (France) Attribution: tatoeba.org #3350170 (Hybrid) & #3351652 (Pfirsichbaeumchen)
x20924	fangen	CC-BY 2.0 (France) Attribution: tatoeba.org #1976411 (CK) & #1712457 (Pfirsichbaeumchen)
x20925	funktionieren	CC-BY 2.0 (France) Attribution: tatoeba.org #242944 (CK) & #757437 (Esperantostern)
x20926	geschehen	CC-BY 2.0 (France) Attribution: tatoeba.org #3133049 (CK) & #6783981 (Pfirsichbaeumchen)
x20927	bloß	CC-BY 2.0 (France) Attribution: tatoeba.org #2033774 (CK) & #12108858 (Naina)
x20928	schießen	CC-BY 2.0 (France) Attribution: tatoeba.org #1860428 (CK) & #4488053 (Pfirsichbaeumchen)
x20929	folgen	CC-BY 2.0 (France) Attribution: tatoeba.org #255217 (CK) & #830648 (Esperantostern)
x20930	Sorge	CC-BY 2.0 (France) Attribution: tatoeba.org #1852836 (CK) & #1853948 (Pfirsichbaeumchen)
x20931	Blut	CC-BY 2.0 (France) Attribution: tatoeba.org #1419007 (Spamster) & #1419013 (Pfirsichbaeumchen)
x20932	kämpfen	CC-BY 2.0 (France) Attribution: tatoeba.org #2275828 (CK) & #2511621 (Zaghawa)
x20933	kaum	CC-BY 2.0 (France) Attribution: tatoeba.org #2223747 (CK) & #3744137 (Esperantostern)
x20934	sondern	CC-BY 2.0 (France) Attribution: tatoeba.org #283054 (CM) & #1812464 (pne)
x20935	werfen	CC-BY 2.0 (France) Attribution: tatoeba.org #456113 (lukaszpp) & #1107226 (Haehnchenpaella)
x20936	brechen	CC-BY 2.0 (France) Attribution: tatoeba.org #1419610 (CK) & #1811223 (Pfirsichbaeumchen)
x20937	König	CC-BY 2.0 (France) Attribution: tatoeba.org #292954 (CK) & #2980436 (pne)
x20938	hierher	CC-BY 2.0 (France) Attribution: tatoeba.org #5850523 (CK) & #8651998 (Melang)
x20939	bewegen	CC-BY 2.0 (France) Attribution: tatoeba.org #1503047 (CK) & #1691578 (Pfirsichbaeumchen)
x20940	bereits	CC-BY 2.0 (France) Attribution: tatoeba.org #2540548 (CK) & #5823493 (dasbeispielholz)
x20941	behalten	CC-BY 2.0 (France) Attribution: tatoeba.org #495379 (adjusting) & #6777349 (raggione)
x20942	erkennen	CC-BY 2.0 (France) Attribution: tatoeba.org #1159312 (emmettricks) & #1856807 (Tamy)
x20943	zerstören	CC-BY 2.0 (France) Attribution: tatoeba.org #1030659 (Batko) & #1031158 (MUIRIEL)
x20944	deswegen	CC-BY 2.0 (France) Attribution: tatoeba.org #41425 (Swift) & #1981452 (Tamy)
x20945	völlig	CC-BY 2.0 (France) Attribution: tatoeba.org #2285962 (unrelatedwaffle) & #12910947 (Waldelfe)
x20946	herausfinden	CC-BY 2.0 (France) Attribution: tatoeba.org #3826612 (CK) & #3890141 (Tamy)
x20947	Luft	CC-BY 2.0 (France) Attribution: tatoeba.org #18249 (CK) & #1694721 (Pfirsichbaeumchen)
x20948	zwar	CC-BY 2.0 (France) Attribution: tatoeba.org #6622798 (CarpeLanam) & #6624258 (Pfirsichbaeumchen)
x20949	drehen	CC-BY 2.0 (France) Attribution: tatoeba.org #251872 (CK) & #12443739 (mayabe)
x20950	Onkel	CC-BY 2.0 (France) Attribution: tatoeba.org #63263 (CK) & #823379 (al_ex_an_der)
x20951	stehlen	CC-BY 2.0 (France) Attribution: tatoeba.org #12109745 (CK) & #12109750 (Pfirsichbaeumchen)
x20952	Sinn	CC-BY 2.0 (France) Attribution: tatoeba.org #2259118 (_undertoad) & #2357707 (Pfirsichbaeumchen)
x20953	treten	CC-BY 2.0 (France) Attribution: tatoeba.org #56394 (CK) & #784105 (al_ex_an_der)
x20954	Wahl	CC-BY 2.0 (France) Attribution: tatoeba.org #45657 (CK) & #1960842 (Tamy)
x20955	nachdem	CC-BY 2.0 (France) Attribution: tatoeba.org #314051 (CK) & #675023 (kroko)
x20956	Beweis	CC-BY 2.0 (France) Attribution: tatoeba.org #2288215 (CK) & #2968878 (al_ex_an_der)
x20957	genauso	CC-BY 2.0 (France) Attribution: tatoeba.org #6113649 (CK) & #12284893 (Pfirsichbaeumchen)
x20958	gucken	CC-BY 2.0 (France) Attribution: tatoeba.org #8473008 (CK) & #12651425 (Waldelfe)
x20959	Himmel	CC-BY 2.0 (France) Attribution: tatoeba.org #3286750 (Abcormal) & #1216410 (PeterR)
x20960	beruhigen	CC-BY 2.0 (France) Attribution: tatoeba.org #2288980 (CK) & #3851147 (Pfirsichbaeumchen)
x20961	eher	CC-BY 2.0 (France) Attribution: tatoeba.org #9786356 (CK) & #12405511 (Waldelfe)
x20962	nachdenken	CC-BY 2.0 (France) Attribution: tatoeba.org #9746732 (CK) & #12743004 (Waldelfe)
x20963	Gefängnis	CC-BY 2.0 (France) Attribution: tatoeba.org #282740 (kebukebu) & #437592 (MUIRIEL)
x20964	Opfer	CC-BY 2.0 (France) Attribution: tatoeba.org #3723146 (CM) & #13457430 (Waldelfe)
x20965	melden	CC-BY 2.0 (France) Attribution: tatoeba.org #265028 (CK) & #2705329 (Pfirsichbaeumchen)
x20966	Gedanke	CC-BY 2.0 (France) Attribution: tatoeba.org #3314220 (Hybrid) & #3316050 (Pfirsichbaeumchen)
x20967	regeln	CC-BY 2.0 (France) Attribution: tatoeba.org #2267929 (_undertoad) & #2291691 (Pfirsichbaeumchen)
x20968	verbringen	CC-BY 2.0 (France) Attribution: tatoeba.org #6909829 (CK) & #11736919 (Pfirsichbaeumchen)
x20969	beweisen	CC-BY 2.0 (France) Attribution: tatoeba.org #11269093 (ddnktr) & #11270174 (Pfirsichbaeumchen)
x20970	verzeihen	CC-BY 2.0 (France) Attribution: tatoeba.org #260521 (CK) & #1825967 (Tamy)
x20971	Stimme	CC-BY 2.0 (France) Attribution: tatoeba.org #8957657 (sundown) & #605568 (virgil)
x20972	still	CC-BY 2.0 (France) Attribution: tatoeba.org #3329417 (Hybrid) & #8787927 (Pfirsichbaeumchen)
x20973	derselbe	CC-BY 2.0 (France) Attribution: tatoeba.org #10579835 (sundown) & #9363368 (Pfirsichbaeumchen)
x20974	steigen	CC-BY 2.0 (France) Attribution: tatoeba.org #241236 (CK) & #1681264 (al_ex_an_der)
x20975	überlegen	CC-BY 2.0 (France) Attribution: tatoeba.org #8575562 (CK) & #13217801 (Waldelfe)
x20976	verlangen	CC-BY 2.0 (France) Attribution: tatoeba.org #4016162 (CK) & #6641567 (Felixjp)
x20977	unglaublich	CC-BY 2.0 (France) Attribution: tatoeba.org #10782235 (sundown) & #352026 (MUIRIEL)
x20978	aufhalten	CC-BY 2.0 (France) Attribution: tatoeba.org #10741404 (sundown) & #5881097 (Pfirsichbaeumchen)
x20979	Verzeihung	CC-BY 2.0 (France) Attribution: tatoeba.org #31112 (CK) & #1699029 (Pfirsichbaeumchen)
x20980	wunderschön	CC-BY 2.0 (France) Attribution: tatoeba.org #310745 (CM) & #7634372 (moskytoo)
x20981	zählen	CC-BY 2.0 (France) Attribution: tatoeba.org #2540693 (CK) & #12485931 (Waldelfe)
x20982	spüren	CC-BY 2.0 (France) Attribution: tatoeba.org #6877413 (CK) & #12653136 (Waldelfe)
x20983	Kampf	CC-BY 2.0 (France) Attribution: tatoeba.org #45744 (CM) & #4260066 (Pfirsichbaeumchen)
x20984	erhalten	CC-BY 2.0 (France) Attribution: tatoeba.org #283342 (CK) & #345017 (lilygilder)
x20985	Nähe	CC-BY 2.0 (France) Attribution: tatoeba.org #11149544 (CK) & #11151357 (Pfirsichbaeumchen)
x20986	rennen	CC-BY 2.0 (France) Attribution: tatoeba.org #6663489 (CK) & #12594817 (Waldelfe)
x20987	jemals	CC-BY 2.0 (France) Attribution: tatoeba.org #6039629 (Hybrid) & #11822236 (Naina)
x20988	Punkt	CC-BY 2.0 (France) Attribution: tatoeba.org #573592 (darinmex) & #1839227 (Zaghawa)
x20989	springen	CC-BY 2.0 (France) Attribution: tatoeba.org #47468 (CK) & #11803041 (Pfirsichbaeumchen)
x20990	Meister	CC-BY 2.0 (France) Attribution: tatoeba.org #1077736 (keira_n) & #3884432 (raggione)
x20991	fassen	CC-BY 2.0 (France) Attribution: tatoeba.org #4606480 (Hybrid) & #4606772 (Pfirsichbaeumchen)
x20992	wirken	CC-BY 2.0 (France) Attribution: tatoeba.org #9251082 (CK) & #11574783 (Pfirsichbaeumchen)
x20993	hassen	CC-BY 2.0 (France) Attribution: tatoeba.org #2014265 (CK) & #8132000 (Pfirsichbaeumchen)
x20994	treiben	CC-BY 2.0 (France) Attribution: tatoeba.org #680974 (Source_VOA) & #758221 (Pfirsichbaeumchen)
x20995	dagegen	CC-BY 2.0 (France) Attribution: tatoeba.org #1860479 (CK) & #3066536 (Pfirsichbaeumchen)
x20996	besorgen	CC-BY 2.0 (France) Attribution: tatoeba.org #2300724 (CK) & #5328433 (Pfirsichbaeumchen)
x20997	Polizist	CC-BY 2.0 (France) Attribution: tatoeba.org #238137 (CK) & #12552962 (Waldelfe)
x20998	verhaften	CC-BY 2.0 (France) Attribution: tatoeba.org #3645307 (karloelkebekio) & #3630410 (Zaghawa)
x20999	absolut	CC-BY 2.0 (France) Attribution: tatoeba.org #3378941 (CK) & #3383397 (Pfirsichbaeumchen)
x21000	Augenblick	CC-BY 2.0 (France) Attribution: tatoeba.org #5744907 (CM) & #8567119 (Pfirsichbaeumchen)
x21001	Verbindung	CC-BY 2.0 (France) Attribution: tatoeba.org #238720 (CM) & #484759 (xtofu80)
x21002	Bewegung	CC-BY 2.0 (France) Attribution: tatoeba.org #681521 (Source_VOA) & #772744 (al_ex_an_der)
x21003	Schritt	CC-BY 2.0 (France) Attribution: tatoeba.org #1112481 (Scott) & #1219195 (Sudajaengi)
x21004	annehmen	CC-BY 2.0 (France) Attribution: tatoeba.org #258482 (CK) & #496845 (xtofu80)
x21005	überraschen	CC-BY 2.0 (France) Attribution: tatoeba.org #1860523 (CK) & #2037225 (Tamy)
x21006	bieten	CC-BY 2.0 (France) Attribution: tatoeba.org #1954661 (CK) & #1967411 (Pfirsichbaeumchen)
x21007	leiden	CC-BY 2.0 (France) Attribution: tatoeba.org #11774463 (sundown) & #5939387 (Pfirsichbaeumchen)
x21008	Gesetz	CC-BY 2.0 (France) Attribution: tatoeba.org #9812294 (CK) & #1186049 (Sudajaengi)
x21009	Rolle	CC-BY 2.0 (France) Attribution: tatoeba.org #2199806 (CK) & #2200547 (Pfirsichbaeumchen)
x21010	lösen	CC-BY 2.0 (France) Attribution: tatoeba.org #43632 (CK) & #2367289 (Tamy)
x21011	beschäftigen	CC-BY 2.0 (France) Attribution: tatoeba.org #7972265 (CK) & #7972271 (Pfirsichbaeumchen)
x21012	aufgeben	CC-BY 2.0 (France) Attribution: tatoeba.org #594600 (Shishir) & #724869 (Esperantostern)
x21013	irgendwann	CC-BY 2.0 (France) Attribution: tatoeba.org #66353 (Eldad) & #1623905 (Pfirsichbaeumchen)
x21014	Kontrolle	CC-BY 2.0 (France) Attribution: tatoeba.org #1951436 (CK) & #2135833 (Tamy)
x21015	Überraschung	CC-BY 2.0 (France) Attribution: tatoeba.org #61901 (CK) & #2994549 (raggione)
x21016	Tante	CC-BY 2.0 (France) Attribution: tatoeba.org #280041 (CK) & #801508 (al_ex_an_der)
x21017	landen	CC-BY 2.0 (France) Attribution: tatoeba.org #1954499 (CK) & #1965910 (Pfirsichbaeumchen)
x21018	dahin	CC-BY 2.0 (France) Attribution: tatoeba.org #10773223 (CK) & #12673801 (Waldelfe)
x21019	wütend	CC-BY 2.0 (France) Attribution: tatoeba.org #5284325 (Hybrid) & #5285690 (Pfirsichbaeumchen)
x21020	schreien	CC-BY 2.0 (France) Attribution: tatoeba.org #682021 (Source_VOA) & #748812 (al_ex_an_der)
x21021	leisten	CC-BY 2.0 (France) Attribution: tatoeba.org #11851854 (CK) & #12564371 (Waldelfe)
x21022	zumindest	CC-BY 2.0 (France) Attribution: tatoeba.org #4496219 (CK) & #12589815 (Waldelfe)
x21023	Richtung	CC-BY 2.0 (France) Attribution: tatoeba.org #1595226 (Spamster) & #2630796 (Pfirsichbaeumchen)
x21024	Lage	CC-BY 2.0 (France) Attribution: tatoeba.org #2541871 (CK) & #3588596 (Zaghawa)
x21025	sowieso	CC-BY 2.0 (France) Attribution: tatoeba.org #2451995 (sharptoothed) & #2492211 (Pfirsichbaeumchen)
x21026	Erinnerung	CC-BY 2.0 (France) Attribution: tatoeba.org #47114 (CM) & #3280437 (Zaghawa)
x21027	Hoffnung	CC-BY 2.0 (France) Attribution: tatoeba.org #283954 (CK) & #679283 (Manfredo)
x21028	Liste	CC-BY 2.0 (France) Attribution: tatoeba.org #6080957 (Hybrid) & #6080963 (Pfirsichbaeumchen)
x21029	Wunder	CC-BY 2.0 (France) Attribution: tatoeba.org #241580 (CM) & #345407 (MUIRIEL)
x21030	Boot	CC-BY 2.0 (France) Attribution: tatoeba.org #33733 (CM) & #1874701 (Tamy)
x21031	seltsam	CC-BY 2.0 (France) Attribution: tatoeba.org #11842103 (sundown) & #12188492 (Pfirsichbaeumchen)
x21032	klingeln	CC-BY 2.0 (France) Attribution: tatoeba.org #388850 (CK) & #3082744 (Pfirsichbaeumchen)
x21033	Bericht	CC-BY 2.0 (France) Attribution: tatoeba.org #2389930 (CK) & #2392641 (brauchinet)
x21034	Nase	CC-BY 2.0 (France) Attribution: tatoeba.org #28094 (CK) & #1569312 (Pfirsichbaeumchen)
x21035	menschlich	CC-BY 2.0 (France) Attribution: tatoeba.org #322216 (CK) & #606331 (juwu)
x21036	erleben	CC-BY 2.0 (France) Attribution: tatoeba.org #6796348 (Hybrid) & #6932866 (Pfirsichbaeumchen)
x21037	aufnehmen	CC-BY 2.0 (France) Attribution: tatoeba.org #33651 (CM) & #435329 (xtofu80)
x21038	diesmal	CC-BY 2.0 (France) Attribution: tatoeba.org #4296841 (AlanF_US) & #11962207 (Pfirsichbaeumchen)
x21039	entdecken	CC-BY 2.0 (France) Attribution: tatoeba.org #11870503 (CK) & #12597308 (Waldelfe)
x21040	persönlich	CC-BY 2.0 (France) Attribution: tatoeba.org #9989155 (DJ_Saidez) & #9989159 (Pfirsichbaeumchen)
x21041	lächeln	CC-BY 2.0 (France) Attribution: tatoeba.org #10682277 (CK) & #12005390 (Pfirsichbaeumchen)
x21042	Gold	CC-BY 2.0 (France) Attribution: tatoeba.org #8895641 (CK) & #8898062 (mramosch)
x21043	nämlich	CC-BY 2.0 (France) Attribution: tatoeba.org #11875358 (shekitten) & #11875457 (brauchinet)
x21044	vermissen	CC-BY 2.0 (France) Attribution: tatoeba.org #3010263 (CK) & #924228 (Sudajaengi)
x21045	Gebäude	CC-BY 2.0 (France) Attribution: tatoeba.org #858925 (CM) & #2843212 (Zaghawa)
x21046	klopfen	CC-BY 2.0 (France) Attribution: tatoeba.org #2269325 (CK) & #2299475 (al_ex_an_der)
x21047	Professor	CC-BY 2.0 (France) Attribution: tatoeba.org #256938 (darinmex) & #4001021 (Vortarulo)
x21048	ewig	CC-BY 2.0 (France) Attribution: tatoeba.org #1376 (CK) & #178 (MUIRIEL)
x21049	hinterlassen	CC-BY 2.0 (France) Attribution: tatoeba.org #278636 (CK) & #1811307 (Tamy)
x21050	Geheimnis	CC-BY 2.0 (France) Attribution: tatoeba.org #9365805 (DJ_Saidez) & #13725723 (Waldelfe)
x21051	Lust	CC-BY 2.0 (France) Attribution: tatoeba.org #11317322 (sundown) & #9112954 (Pfirsichbaeumchen)
x21052	verhalten	CC-BY 2.0 (France) Attribution: tatoeba.org #41441 (Swift) & #1981540 (Tamy)
x21053	übrigens	CC-BY 2.0 (France) Attribution: tatoeba.org #38067 (Eldad) & #703455 (samueldora)
x21054	Heim	CC-BY 2.0 (France) Attribution: tatoeba.org #1702642 (Spamster) & #1703040 (al_ex_an_der)
x21055	miteinander	CC-BY 2.0 (France) Attribution: tatoeba.org #250761 (CK) & #655390 (al_ex_an_der)
x21056	Gesellschaft	CC-BY 2.0 (France) Attribution: tatoeba.org #305556 (CM) & #1601812 (Pfirsichbaeumchen)
x21057	Vergangenheit	CC-BY 2.0 (France) Attribution: tatoeba.org #249397 (CM) & #560534 (Espi)
x21058	schätzen	CC-BY 2.0 (France) Attribution: tatoeba.org #2953546 (CK) & #3249449 (Zaghawa)
x21059	verbinden	CC-BY 2.0 (France) Attribution: tatoeba.org #270899 (CK) & #484684 (xtofu80)
x21060	Stein	CC-BY 2.0 (France) Attribution: tatoeba.org #58200 (CK) & #1797165 (Tamy)
x21061	Zeichen	CC-BY 2.0 (France) Attribution: tatoeba.org #294916 (CK) & #551402 (xtofu80)
x21062	Richter	CC-BY 2.0 (France) Attribution: tatoeba.org #45635 (CK) & #952474 (Sudajaengi)
x21063	Gegend	CC-BY 2.0 (France) Attribution: tatoeba.org #4499084 (CK) & #6028373 (Pfirsichbaeumchen)
x21064	genießen	CC-BY 2.0 (France) Attribution: tatoeba.org #305556 (CM) & #1601812 (Pfirsichbaeumchen)
x21065	gelten	CC-BY 2.0 (France) Attribution: tatoeba.org #9011786 (jaydenms) & #1641095 (Esperantostern)
x21066	fliehen	CC-BY 2.0 (France) Attribution: tatoeba.org #12285601 (CK) & #12644962 (Waldelfe)
x21067	statt	CC-BY 2.0 (France) Attribution: tatoeba.org #10625914 (sundown) & #10625965 (Pfirsichbaeumchen)
x21068	bemerken	CC-BY 2.0 (France) Attribution: tatoeba.org #10157951 (CK) & #12605174 (Waldelfe)
x21069	System	CC-BY 2.0 (France) Attribution: tatoeba.org #5305586 (CK) & #5342890 (RandomUsername)
x21070	herein	CC-BY 2.0 (France) Attribution: tatoeba.org #239931 (CK) & #3328317 (Pfirsichbaeumchen)
x21071	begleiten	CC-BY 2.0 (France) Attribution: tatoeba.org #315195 (CK) & #3196233 (Pfirsichbaeumchen)
x21072	brennen	CC-BY 2.0 (France) Attribution: tatoeba.org #9452000 (CK) & #9455427 (Pfirsichbaeumchen)
x21073	Spur	CC-BY 2.0 (France) Attribution: tatoeba.org #4945644 (Hybrid) & #4947598 (l4t3)
x21074	Freude	CC-BY 2.0 (France) Attribution: tatoeba.org #318127 (CK) & #8942494 (restcoser)
x21075	Schwierigkeit	CC-BY 2.0 (France) Attribution: tatoeba.org #264158 (CM) & #3537151 (Pfirsichbaeumchen)
x21076	Ehemann	CC-BY 2.0 (France) Attribution: tatoeba.org #680176 (Source_VOA) & #2400430 (Zaghawa)
x21077	aufwachen	CC-BY 2.0 (France) Attribution: tatoeba.org #272056 (CM) & #666384 (Esperantostern)
x21078	besprechen	CC-BY 2.0 (France) Attribution: tatoeba.org #7827877 (CK) & #7827971 (Pfirsichbaeumchen)
x21079	dienen	CC-BY 2.0 (France) Attribution: tatoeba.org #271386 (CM) & #12271112 (Pfirsichbaeumchen)
x21080	heben	CC-BY 2.0 (France) Attribution: tatoeba.org #2266904 (_undertoad) & #2306876 (Pfirsichbaeumchen)
x21081	Tor	CC-BY 2.0 (France) Attribution: tatoeba.org #10206196 (sundown) & #11531279 (Pfirsichbaeumchen)
x21082	Eis	CC-BY 2.0 (France) Attribution: tatoeba.org #3168558 (CK) & #3169809 (dinkel_girl)
x21083	Neuigkeit	CC-BY 2.0 (France) Attribution: tatoeba.org #60746 (CK) & #4749695 (bonny37)
x21084	enttäuschen	CC-BY 2.0 (France) Attribution: tatoeba.org #317560 (CK) & #362094 (Wolf)
x21085	wachsen	CC-BY 2.0 (France) Attribution: tatoeba.org #29625 (CK) & #1127286 (Espi)
x21086	fressen	CC-BY 2.0 (France) Attribution: tatoeba.org #6242041 (CK) & #13246360 (Waldelfe)
x21087	erfüllen	CC-BY 2.0 (France) Attribution: tatoeba.org #16898 (CM) & #10327288 (Yorwba)
x21088	verbieten	CC-BY 2.0 (France) Attribution: tatoeba.org #2267623 (_undertoad) & #2294076 (Pfirsichbaeumchen)
x21089	riesig	CC-BY 2.0 (France) Attribution: tatoeba.org #19395 (CK) & #2474334 (al_ex_an_der)
x21090	greifen	CC-BY 2.0 (France) Attribution: tatoeba.org #18552 (CK) & #1694848 (Pfirsichbaeumchen)
x21091	küssen	CC-BY 2.0 (France) Attribution: tatoeba.org #4135279 (CK) & #4141298 (Pfirsichbaeumchen)
x21092	besitzen	CC-BY 2.0 (France) Attribution: tatoeba.org #516077 (darinmex) & #3067955 (Pfirsichbaeumchen)
x21093	Freiheit	CC-BY 2.0 (France) Attribution: tatoeba.org #3824581 (CK) & #12987254 (Vortarulo)
x21094	Auftrag	CC-BY 2.0 (France) Attribution: tatoeba.org #3831726 (CK) & #3944647 (Kuraimegami)
x21095	zufällig	CC-BY 2.0 (France) Attribution: tatoeba.org #252570 (CK) & #568963 (Zaghawa)
x21096	Operation	CC-BY 2.0 (France) Attribution: tatoeba.org #1316489 (CK) & #1265883 (samueldora)
x21097	mitten	CC-BY 2.0 (France) Attribution: tatoeba.org #681466 (Source_VOA) & #777751 (Pfirsichbaeumchen)
x21098	schweigen	CC-BY 2.0 (France) Attribution: tatoeba.org #10025756 (CK) & #10026136 (Pfirsichbaeumchen)
x21099	halb	CC-BY 2.0 (France) Attribution: tatoeba.org #2835596 (CK) & #2930961 (brauchinet)
x21100	klären	CC-BY 2.0 (France) Attribution: tatoeba.org #240259 (CK) & #785893 (Manfredo)
x21101	Energie	CC-BY 2.0 (France) Attribution: tatoeba.org #269059 (CK) & #5236324 (Pfirsichbaeumchen)
x21102	Sitz	CC-BY 2.0 (France) Attribution: tatoeba.org #282451 (CM) & #12463763 (Yorwba)
x21103	entlang	CC-BY 2.0 (France) Attribution: tatoeba.org #23949 (CM) & #934588 (jakov)
x21104	Gelegenheit	CC-BY 2.0 (France) Attribution: tatoeba.org #9292279 (CM) & #12482839 (Waldelfe)
x21105	komplett	CC-BY 2.0 (France) Attribution: tatoeba.org #1360038 (CK) & #2509272 (Zaghawa)
x21106	Patient	CC-BY 2.0 (France) Attribution: tatoeba.org #44305 (Zifre) & #2466506 (Tamy)
x21107	stoppen	CC-BY 2.0 (France) Attribution: tatoeba.org #66047 (CK) & #12598463 (mayabe)
x21108	verwenden	CC-BY 2.0 (France) Attribution: tatoeba.org #11042088 (sundown) & #7793551 (brauchinet)
x21109	gewöhnen	CC-BY 2.0 (France) Attribution: tatoeba.org #8770015 (Hybrid) & #10005164 (Pfirsichbaeumchen)
x21110	starten	CC-BY 2.0 (France) Attribution: tatoeba.org #8385858 (CK) & #12715779 (Waldelfe)
x21111	Zeitpunkt	CC-BY 2.0 (France) Attribution: tatoeba.org #43138 (CK) & #2300942 (Tamy)
x21112	Druck	CC-BY 2.0 (France) Attribution: tatoeba.org #10838289 (Lebensfreude) & #2592539 (al_ex_an_der)
x21113	Hut	CC-BY 2.0 (France) Attribution: tatoeba.org #7981380 (CK) & #11926164 (Naina)
x21114	informieren	CC-BY 2.0 (France) Attribution: tatoeba.org #42946 (CM) & #2257515 (Tamy)
x21115	vorhin	CC-BY 2.0 (France) Attribution: tatoeba.org #2722528 (Hybrid) & #9447516 (Pfirsichbaeumchen)
x21116	Mut	CC-BY 2.0 (France) Attribution: tatoeba.org #285375 (CM) & #3860291 (Tickler)
x21117	reagieren	CC-BY 2.0 (France) Attribution: tatoeba.org #2568993 (Hybrid) & #8225933 (Pfirsichbaeumchen)
x21118	Knie	CC-BY 2.0 (France) Attribution: tatoeba.org #681256 (Source_VOA) & #2531318 (Pfirsichbaeumchen)
x21119	offiziell	CC-BY 2.0 (France) Attribution: tatoeba.org #266153 (CK) & #1177405 (samueldora)
x21120	Video	CC-BY 2.0 (France) Attribution: tatoeba.org #803291 (Source_VOA) & #10496275 (Pfirsichbaeumchen)
x21121	Szene	CC-BY 2.0 (France) Attribution: tatoeba.org #237748 (CK) & #5819127 (dasbeispielholz)
x21122	begegnen	CC-BY 2.0 (France) Attribution: tatoeba.org #3729542 (CM) & #7746339 (raggione)
x21123	stammen	CC-BY 2.0 (France) Attribution: tatoeba.org #33333 (CK) & #479031 (Ullalia)
x21124	dorthin	CC-BY 2.0 (France) Attribution: tatoeba.org #43896 (CK) & #948871 (cumori)
x21125	Kraft	CC-BY 2.0 (France) Attribution: tatoeba.org #10815477 (megamanenm) & #12566730 (Waldelfe)
x21126	umgehen	CC-BY 2.0 (France) Attribution: tatoeba.org #7539661 (CK) & #13326813 (Waldelfe)
x21127	Zufall	CC-BY 2.0 (France) Attribution: tatoeba.org #4016642 (CK) & #12852082 (Waldelfe)
x21128	Held	CC-BY 2.0 (France) Attribution: tatoeba.org #3509526 (CK) & #8814406 (wolfgangth)
x21129	Kuss	CC-BY 2.0 (France) Attribution: tatoeba.org #6048753 (CK) & #12666301 (Waldelfe)
x21130	tauchen	CC-BY 2.0 (France) Attribution: tatoeba.org #726329 (CM) & #3760532 (Jens_Odo)
x21131	Gewalt	CC-BY 2.0 (France) Attribution: tatoeba.org #5424732 (Hybrid) & #5428662 (Pfirsichbaeumchen)
x21132	Form	CC-BY 2.0 (France) Attribution: tatoeba.org #681504 (Source_VOA) & #772872 (al_ex_an_der)
x21133	Runde	CC-BY 2.0 (France) Attribution: tatoeba.org #2259375 (_undertoad) & #2351949 (Pfirsichbaeumchen)
x21134	Dieb	CC-BY 2.0 (France) Attribution: tatoeba.org #278644 (CK) & #1058506 (Esperantostern)
x21135	anstellen	CC-BY 2.0 (France) Attribution: tatoeba.org #10911398 (CM) & #12627404 (Waldelfe)
x21136	festhalten	CC-BY 2.0 (France) Attribution: tatoeba.org #6097622 (CK) & #7430851 (Pfirsichbaeumchen)
x21137	Mitglied	CC-BY 2.0 (France) Attribution: tatoeba.org #293089 (CK) & #738031 (Manfredo)
x21138	Absicht	CC-BY 2.0 (France) Attribution: tatoeba.org #3402380 (CK) & #3403657 (Pfirsichbaeumchen)
x21139	interessieren	CC-BY 2.0 (France) Attribution: tatoeba.org #6658675 (CK) & #13395717 (Waldelfe)
x21140	erfinden	CC-BY 2.0 (France) Attribution: tatoeba.org #2289 (al_ex_an_der) & #1116 (MUIRIEL)
x21141	Natur	CC-BY 2.0 (France) Attribution: tatoeba.org #264462 (CM) & #758579 (Manfredo)
x21142	Streit	CC-BY 2.0 (France) Attribution: tatoeba.org #9933594 (CK) & #12671507 (Waldelfe)
x21143	längst	CC-BY 2.0 (France) Attribution: tatoeba.org #12277748 (CK) & #12287271 (Pfirsichbaeumchen)
x21144	schieben	CC-BY 2.0 (France) Attribution: tatoeba.org #5849751 (Hybrid) & #6311842 (Pfirsichbaeumchen)
x21145	normalerweise	CC-BY 2.0 (France) Attribution: tatoeba.org #9208292 (CK) & #12128289 (Naina)
x21146	einstellen	CC-BY 2.0 (France) Attribution: tatoeba.org #1893608 (CK) & #1898506 (Pfirsichbaeumchen)
x21147	entlassen	CC-BY 2.0 (France) Attribution: tatoeba.org #6235412 (CK) & #12636131 (Waldelfe)
x21148	grüßen	CC-BY 2.0 (France) Attribution: tatoeba.org #310429 (CM) & #2150878 (Lars224)
x21149	Zustand	CC-BY 2.0 (France) Attribution: tatoeba.org #9476410 (sundown) & #8434074 (Luiaard)
x21150	verurteilen	CC-BY 2.0 (France) Attribution: tatoeba.org #244229 (CK) & #556058 (cost)
x21151	seitdem	CC-BY 2.0 (France) Attribution: tatoeba.org #41733 (CK) & #1547475 (Zaghawa)
x21152	wahnsinnig	CC-BY 2.0 (France) Attribution: tatoeba.org #3402401 (CK) & #3873025 (raggione)
x21153	senden	CC-BY 2.0 (France) Attribution: tatoeba.org #5045602 (Hybrid) & #5245200 (christian42)
x21154	Karriere	CC-BY 2.0 (France) Attribution: tatoeba.org #2020351 (Spamster) & #7668628 (manese)
x21155	betrügen	CC-BY 2.0 (France) Attribution: tatoeba.org #3402308 (CK) & #3403784 (Pfirsichbaeumchen)
x21156	stürzen	CC-BY 2.0 (France) Attribution: tatoeba.org #292427 (CK) & #2966331 (Pfirsichbaeumchen)
x21157	nachher	CC-BY 2.0 (France) Attribution: tatoeba.org #240113 (CK) & #182040 (MUIRIEL)
x21158	Gang	CC-BY 2.0 (France) Attribution: tatoeba.org #326376 (CM) & #1428439 (Pfirsichbaeumchen)
x21159	ausziehen	CC-BY 2.0 (France) Attribution: tatoeba.org #3774429 (Hybrid) & #3783292 (Pfirsichbaeumchen)
x21160	Dienst	CC-BY 2.0 (France) Attribution: tatoeba.org #241818 (CK) & #10063121 (wolfgangth)
x21161	vorhaben	CC-BY 2.0 (France) Attribution: tatoeba.org #7167539 (CK) & #12440906 (Waldelfe)
x21162	empfangen	CC-BY 2.0 (France) Attribution: tatoeba.org #11351999 (sundown) & #10659229 (Yorwba)
x21163	Detail	CC-BY 2.0 (France) Attribution: tatoeba.org #3459839 (AlanF_US) & #3038603 (Pfirsichbaeumchen)
x21164	Direktor	CC-BY 2.0 (France) Attribution: tatoeba.org #307433 (CK) & #360647 (Wolf)
x21165	Untersuchung	CC-BY 2.0 (France) Attribution: tatoeba.org #247945 (CM) & #2807892 (freddy1)
x21166	vernünftig	CC-BY 2.0 (France) Attribution: tatoeba.org #832079 (papabear) & #1808130 (pne)
x21167	gebrauchen	CC-BY 2.0 (France) Attribution: tatoeba.org #2592655 (WestofEden) & #2608114 (Pfirsichbaeumchen)
x21168	auftreten	CC-BY 2.0 (France) Attribution: tatoeba.org #62584 (CK) & #869229 (Pfirsichbaeumchen)
x21169	Schutz	CC-BY 2.0 (France) Attribution: tatoeba.org #3170837 (Hybrid) & #5949385 (Pfirsichbaeumchen)
x21170	bestrafen	CC-BY 2.0 (France) Attribution: tatoeba.org #12180982 (CK) & #12667055 (Waldelfe)
x21171	gründen	CC-BY 2.0 (France) Attribution: tatoeba.org #10081742 (CK) & #10008088 (Pfirsichbaeumchen)
x21172	Vorstellung	CC-BY 2.0 (France) Attribution: tatoeba.org #43197 (CM) & #2308542 (Tamy)
x21173	einsetzen	CC-BY 2.0 (France) Attribution: tatoeba.org #248782 (CK) & #2678184 (Zaghawa)
x21174	Pflicht	CC-BY 2.0 (France) Attribution: tatoeba.org #321049 (CM) & #10905704 (Yorwba)
x21175	neulich	CC-BY 2.0 (France) Attribution: tatoeba.org #10495883 (CK) & #12684979 (Waldelfe)
x21176	Botschaft	CC-BY 2.0 (France) Attribution: tatoeba.org #2259785 (_undertoad) & #2351711 (Pfirsichbaeumchen)
x21177	umsonst	CC-BY 2.0 (France) Attribution: tatoeba.org #2789852 (patgfisher) & #2765313 (Pfirsichbaeumchen)
x21178	nirgendwo	CC-BY 2.0 (France) Attribution: tatoeba.org #47342 (CM) & #1345227 (al_ex_an_der)
x21179	Mond	CC-BY 2.0 (France) Attribution: tatoeba.org #26117 (CK) & #1485483 (Esperantostern)
x21180	Schatten	CC-BY 2.0 (France) Attribution: tatoeba.org #11695526 (ddnktr) & #12455904 (Waldelfe)
x21181	Sieg	CC-BY 2.0 (France) Attribution: tatoeba.org #10331011 (CK) & #10331237 (Pfirsichbaeumchen)
x21182	löschen	CC-BY 2.0 (France) Attribution: tatoeba.org #10048903 (tsp_2) & #11147204 (Pfirsichbaeumchen)
x21183	wenden	CC-BY 2.0 (France) Attribution: tatoeba.org #276500 (CK) & #363117 (Wolf)
x21184	Steuer	CC-BY 2.0 (France) Attribution: tatoeba.org #259004 (CK) & #2140751 (Pfirsichbaeumchen)
x21185	fordern	CC-BY 2.0 (France) Attribution: tatoeba.org #10731952 (megamanenm) & #13595850 (Waldelfe)
x21186	Dreck	CC-BY 2.0 (France) Attribution: tatoeba.org #245773 (CK) & #1334390 (Vortarulo)
x21187	stinken	CC-BY 2.0 (France) Attribution: tatoeba.org #9967263 (CK) & #13425771 (Waldelfe)
x21188	Knochen	CC-BY 2.0 (France) Attribution: tatoeba.org #295969 (CK) & #1599832 (Zaghawa)
x21189	Talent	CC-BY 2.0 (France) Attribution: tatoeba.org #44331 (CM) & #438355 (xtofu80)
x21190	Mühe	CC-BY 2.0 (France) Attribution: tatoeba.org #2376704 (CK) & #2929911 (raggione)
x21191	ebenso	CC-BY 2.0 (France) Attribution: tatoeba.org #5326092 (CK) & #5331096 (Pfirsichbaeumchen)
x21192	trotz	CC-BY 2.0 (France) Attribution: tatoeba.org #256137 (CK) & #367246 (lilygilder)
x21193	abnehmen	CC-BY 2.0 (France) Attribution: tatoeba.org #6661621 (CK) & #12357161 (Pfirsichbaeumchen)
x21194	Theorie	CC-BY 2.0 (France) Attribution: tatoeba.org #7367625 (CM) & #13425190 (Waldelfe)
x21195	Feld	CC-BY 2.0 (France) Attribution: tatoeba.org #680950 (Source_VOA) & #758201 (Pfirsichbaeumchen)
x21196	wetten	CC-BY 2.0 (France) Attribution: tatoeba.org #3682547 (patgfisher) & #3682548 (brauchinet)
x21197	Alkohol	CC-BY 2.0 (France) Attribution: tatoeba.org #1413349 (CK) & #1811998 (Pfirsichbaeumchen)
x21198	sichern	CC-BY 2.0 (France) Attribution: tatoeba.org #2266299 (_undertoad) & #2306972 (Pfirsichbaeumchen)
x21199	achten	CC-BY 2.0 (France) Attribution: tatoeba.org #2941091 (Hybrid) & #8157422 (Pfirsichbaeumchen)
x21200	benötigen	CC-BY 2.0 (France) Attribution: tatoeba.org #2537920 (CK) & #3063976 (Zaghawa)
x21201	garantieren	CC-BY 2.0 (France) Attribution: tatoeba.org #11790852 (CK) & #12688090 (Waldelfe)
x21202	Flucht	CC-BY 2.0 (France) Attribution: tatoeba.org #569054 (darinmex) & #3982635 (Djabby)
x21203	Verlust	CC-BY 2.0 (France) Attribution: tatoeba.org #274553 (CK) & #463632 (xtofu80)
x21204	illegal	CC-BY 2.0 (France) Attribution: tatoeba.org #281432 (CM) & #1865004 (Zaghawa)
x21205	innerhalb	CC-BY 2.0 (France) Attribution: tatoeba.org #2036714 (CK) & #2042237 (Pfirsichbaeumchen)
x21206	Zugang	CC-BY 2.0 (France) Attribution: tatoeba.org #51768 (CK) & #677920 (ELPHONY)
x21207	Stern	CC-BY 2.0 (France) Attribution: tatoeba.org #68228 (CK) & #880828 (Esperantostern)
x21208	testen	CC-BY 2.0 (France) Attribution: tatoeba.org #248991 (CK) & #3278924 (Trinkschokolade)
x21209	gelingen	CC-BY 2.0 (France) Attribution: tatoeba.org #27579 (CK) & #849165 (jakov)
x21210	Freundschaft	CC-BY 2.0 (France) Attribution: tatoeba.org #682305 (Source_VOA) & #708481 (Pfirsichbaeumchen)
x21211	locker	CC-BY 2.0 (France) Attribution: tatoeba.org #59021 (CK) & #769387 (Esperantostern)
x21212	knapp	CC-BY 2.0 (France) Attribution: tatoeba.org #2293493 (CK) & #2925172 (al_ex_an_der)
x21213	ebenfalls	CC-BY 2.0 (France) Attribution: tatoeba.org #2648643 (CK) & #2966635 (Pfirsichbaeumchen)
x21214	jederzeit	CC-BY 2.0 (France) Attribution: tatoeba.org #3356449 (CK) & #12544533 (Waldelfe)
x21215	entfernen	CC-BY 2.0 (France) Attribution: tatoeba.org #1702454 (Spamster) & #1707947 (al_ex_an_der)
x21216	unterbrechen	CC-BY 2.0 (France) Attribution: tatoeba.org #247144 (CK) & #1576363 (al_ex_an_der)
x21217	Tanz	CC-BY 2.0 (France) Attribution: tatoeba.org #1745630 (Spamster) & #1745802 (Pfirsichbaeumchen)
x21218	Station	CC-BY 2.0 (France) Attribution: tatoeba.org #258191 (CK) & #3749035 (Jens_Odo)
x21219	Bühne	CC-BY 2.0 (France) Attribution: tatoeba.org #270606 (CM) & #1109097 (jast)
x21220	vorn	CC-BY 2.0 (France) Attribution: tatoeba.org #273636 (CM) & #740157 (Manfredo)
x21221	Erlaubnis	CC-BY 2.0 (France) Attribution: tatoeba.org #41916 (CK) & #2068373 (Tamy)
x21222	Presse	CC-BY 2.0 (France) Attribution: tatoeba.org #1499310 (CM) & #700807 (MUIRIEL)
x21223	Geduld	CC-BY 2.0 (France) Attribution: tatoeba.org #31562 (CK) & #2451015 (karstenenh)
x21224	Alarm	CC-BY 2.0 (France) Attribution: tatoeba.org #323809 (CK) & #1315434 (Pfirsichbaeumchen)
x21225	begrüßen	CC-BY 2.0 (France) Attribution: tatoeba.org #317267 (CK) & #1844353 (Tamy)
x21226	Prozess	CC-BY 2.0 (France) Attribution: tatoeba.org #806667 (CM) & #12349636 (Yorwba)
x21227	beinahe	CC-BY 2.0 (France) Attribution: tatoeba.org #1637880 (GeeZ) & #1045320 (tatomeimei)
x21228	Leitung	CC-BY 2.0 (France) Attribution: tatoeba.org #5481129 (Hybrid) & #6385171 (Pfirsichbaeumchen)
x21229	extra	CC-BY 2.0 (France) Attribution: tatoeba.org #11051781 (sundown) & #9843117 (brauchinet)
x21230	wertvoll	CC-BY 2.0 (France) Attribution: tatoeba.org #59383 (CM) & #5789452 (dasbeispielholz)
x21231	Eindruck	CC-BY 2.0 (France) Attribution: tatoeba.org #250463 (CK) & #466202 (Espi)
x21232	Täter	CC-BY 2.0 (France) Attribution: tatoeba.org #7233017 (Hybrid) & #7233361 (Pfirsichbaeumchen)
x21233	Geburt	CC-BY 2.0 (France) Attribution: tatoeba.org #11665189 (CK) & #11665684 (Pfirsichbaeumchen)
x21234	gering	CC-BY 2.0 (France) Attribution: tatoeba.org #6064906 (CK) & #6771174 (raggione)
x21235	Gebiet	CC-BY 2.0 (France) Attribution: tatoeba.org #1308107 (CK) & #1308925 (Pfirsichbaeumchen)
x21236	jedoch	CC-BY 2.0 (France) Attribution: tatoeba.org #271859 (CK) & #2579685 (Pfirsichbaeumchen)
x21237	Brust	CC-BY 2.0 (France) Attribution: tatoeba.org #5774459 (Hybrid) & #6154255 (Pfirsichbaeumchen)
x21238	Werk	CC-BY 2.0 (France) Attribution: tatoeba.org #681797 (Source_VOA) & #2835933 (Pfirsichbaeumchen)
x21239	tauschen	CC-BY 2.0 (France) Attribution: tatoeba.org #38192 (CK) & #2465747 (Zaghawa)
x21240	Bedingung	CC-BY 2.0 (France) Attribution: tatoeba.org #2389520 (CK) & #3543714 (annalog)
x21241	Uniform	CC-BY 2.0 (France) Attribution: tatoeba.org #3560942 (Hybrid) & #6971417 (Pfirsichbaeumchen)
x21242	Pille	CC-BY 2.0 (France) Attribution: tatoeba.org #6049425 (mailohilohi) & #8245045 (MisterTrouser)
x21243	verteilen	CC-BY 2.0 (France) Attribution: tatoeba.org #2403692 (morgyn) & #8307079 (dasbeispielholz)
x21244	tödlich	CC-BY 2.0 (France) Attribution: tatoeba.org #295320 (CK) & #3008424 (Pfirsichbaeumchen)
x21245	einfallen	CC-BY 2.0 (France) Attribution: tatoeba.org #254701 (CK) & #12002950 (Pfirsichbaeumchen)
x21246	beißen	CC-BY 2.0 (France) Attribution: tatoeba.org #22606 (CK) & #8861660 (mramosch)
x21247	beschließen	CC-BY 2.0 (France) Attribution: tatoeba.org #12277990 (CK) & #12591579 (Waldelfe)
x21248	Puppe	CC-BY 2.0 (France) Attribution: tatoeba.org #267870 (CK) & #2955137 (raggione)
x21249	Gas	CC-BY 2.0 (France) Attribution: tatoeba.org #63755 (blay_paul) & #1856308 (Tamy)
x21250	hinterher	CC-BY 2.0 (France) Attribution: tatoeba.org #6947979 (Hybrid) & #8248222 (Pfirsichbaeumchen)
x21251	Geschmack	CC-BY 2.0 (France) Attribution: tatoeba.org #6637447 (Hybrid) & #7071218 (Pfirsichbaeumchen)
x21252	speziell	CC-BY 2.0 (France) Attribution: tatoeba.org #2797850 (carlosalberto) & #12407946 (mayabe)
x21253	schief	CC-BY 2.0 (France) Attribution: tatoeba.org #5743783 (Hybrid) & #5880062 (Pfirsichbaeumchen)
x21254	Publikum	CC-BY 2.0 (France) Attribution: tatoeba.org #33888 (CM) & #867655 (Espi)
x21255	schalten	CC-BY 2.0 (France) Attribution: tatoeba.org #12084307 (sundown) & #6738756 (ruth_tatoeba)
x21256	Strom	CC-BY 2.0 (France) Attribution: tatoeba.org #36532 (CK) & #1051823 (Esperantostern)
x21257	Unterhaltung	CC-BY 2.0 (France) Attribution: tatoeba.org #269245 (CK) & #1549250 (Zaghawa)
x21258	Stoff	CC-BY 2.0 (France) Attribution: tatoeba.org #267870 (CK) & #2955137 (raggione)
x21259	heutig	CC-BY 2.0 (France) Attribution: tatoeba.org #1495732 (CK) & #1771363 (Pfirsichbaeumchen)
x21260	Figur	CC-BY 2.0 (France) Attribution: tatoeba.org #310992 (CK) & #383258 (Ole)
x21261	Pech	CC-BY 2.0 (France) Attribution: tatoeba.org #298941 (CK) & #3152817 (Pfirsichbaeumchen)
x21262	Schauspieler	CC-BY 2.0 (France) Attribution: tatoeba.org #7735526 (CK) & #12213601 (Pfirsichbaeumchen)
x21263	Träne	CC-BY 2.0 (France) Attribution: tatoeba.org #317190 (CK) & #1513317 (al_ex_an_der)
x21264	Sturm	CC-BY 2.0 (France) Attribution: tatoeba.org #46038 (CK) & #2510389 (Tamy)
x21265	bedienen	CC-BY 2.0 (France) Attribution: tatoeba.org #24967 (CK) & #1835866 (Tamy)
x21266	entstehen	CC-BY 2.0 (France) Attribution: tatoeba.org #8855889 (sundown) & #4846252 (al_ex_an_der)
x21267	gleichzeitig	CC-BY 2.0 (France) Attribution: tatoeba.org #1950729 (CK) & #2108837 (Pfirsichbaeumchen)
x21268	Stil	CC-BY 2.0 (France) Attribution: tatoeba.org #1664102 (Spamster) & #1686818 (Esperantostern)
x21269	Verbrecher	CC-BY 2.0 (France) Attribution: tatoeba.org #806984 (Source_VOA) & #12389197 (mayabe)
x21270	mischen	CC-BY 2.0 (France) Attribution: tatoeba.org #36910 (CK) & #6708333 (raggione)
x21271	Hütte	CC-BY 2.0 (France) Attribution: tatoeba.org #68227 (CM) & #1810782 (Pfirsichbaeumchen)
x21272	Klinik	CC-BY 2.0 (France) Attribution: tatoeba.org #9849520 (NurseMeeks) & #10151367 (driini)
x21273	Sack	CC-BY 2.0 (France) Attribution: tatoeba.org #689882 (ulyssemc1) & #709811 (Esperantostern)
x21274	füttern	CC-BY 2.0 (France) Attribution: tatoeba.org #4627208 (Hybrid) & #11395331 (Pfirsichbaeumchen)
x21275	Linie	CC-BY 2.0 (France) Attribution: tatoeba.org #72258 (CK) & #724819 (Manfredo)
x21276	auseinander	CC-BY 2.0 (France) Attribution: tatoeba.org #45409 (CK) & #529298 (samueldora)
x21277	Bart	CC-BY 2.0 (France) Attribution: tatoeba.org #1717953 (Amastan) & #1718167 (Pfirsichbaeumchen)
x21278	genügen	CC-BY 2.0 (France) Attribution: tatoeba.org #7198296 (CK) & #806698 (Manfredo)
x21279	Störung	CC-BY 2.0 (France) Attribution: tatoeba.org #64439 (CK) & #1046369 (Sudajaengi)
x21280	festnehmen	CC-BY 2.0 (France) Attribution: tatoeba.org #3645307 (karloelkebekio) & #3630407 (Zaghawa)
x21281	Kopie	CC-BY 2.0 (France) Attribution: tatoeba.org #5997576 (Joutsentaika) & #819489 (Esperantostern)
x21282	Leiter	CC-BY 2.0 (France) Attribution: tatoeba.org #11940160 (sundown) & #4844853 (Tamy)
x21283	per	CC-BY 2.0 (France) Attribution: tatoeba.org #7956954 (CK) & #7961862 (wolfgangth)
x21284	Scheidung	CC-BY 2.0 (France) Attribution: tatoeba.org #682493 (Source_VOA) & #682627 (al_ex_an_der)
x21285	Abenteuer	CC-BY 2.0 (France) Attribution: tatoeba.org #265828 (CK) & #596935 (Manfredo)
x21286	lecker	CC-BY 2.0 (France) Attribution: tatoeba.org #9819219 (CK) & #13389547 (Vortarulo)
x21287	Reaktion	CC-BY 2.0 (France) Attribution: tatoeba.org #11623858 (sundown) & #8231377 (Pfirsichbaeumchen)
x21288	dicht	CC-BY 2.0 (France) Attribution: tatoeba.org #887411 (CK) & #909939 (Esperantostern)
x21289	Bürger	CC-BY 2.0 (France) Attribution: tatoeba.org #3825727 (CK) & #4105338 (Pfirsichbaeumchen)
x21290	Politik	CC-BY 2.0 (France) Attribution: tatoeba.org #299909 (CK) & #2441520 (karstenenh)
x21291	Kreis	CC-BY 2.0 (France) Attribution: tatoeba.org #271591 (CK) & #1816260 (pne)
x21292	Holz	CC-BY 2.0 (France) Attribution: tatoeba.org #3071736 (sharptoothed) & #7731278 (Pfirsichbaeumchen)
x21293	Kauf	CC-BY 2.0 (France) Attribution: tatoeba.org #9981845 (CK) & #12621546 (Waldelfe)
x21294	Zweck	CC-BY 2.0 (France) Attribution: tatoeba.org #1358396 (CK) & #11718992 (Pfirsichbaeumchen)
x21295	Stimmung	CC-BY 2.0 (France) Attribution: tatoeba.org #10050010 (ddnktr) & #12187474 (mhr)
x21296	aufheben	CC-BY 2.0 (France) Attribution: tatoeba.org #69923 (CK) & #707050 (Alois)
x21297	Methode	CC-BY 2.0 (France) Attribution: tatoeba.org #46104 (CK) & #2518570 (Tamy)
x21298	fließen	CC-BY 2.0 (France) Attribution: tatoeba.org #29253 (CK) & #3438704 (pne)
x21299	Realität	CC-BY 2.0 (France) Attribution: tatoeba.org #239606 (CK) & #677938 (ELPHONY)
x21300	Künstler	CC-BY 2.0 (France) Attribution: tatoeba.org #2388179 (CK) & #10031955 (Melang)
x21301	Verletzung	CC-BY 2.0 (France) Attribution: tatoeba.org #681679 (Source_VOA) & #759276 (Pfirsichbaeumchen)
x21302	Generation	CC-BY 2.0 (France) Attribution: tatoeba.org #46706 (CM) & #1512030 (riotlake)
x21303	Lippe	CC-BY 2.0 (France) Attribution: tatoeba.org #2006504 (Spamster) & #8840648 (wolfgangth)
x21304	Serie	CC-BY 2.0 (France) Attribution: tatoeba.org #8935431 (sundown) & #8639025 (Melang)
x21305	operieren	CC-BY 2.0 (France) Attribution: tatoeba.org #28013 (CK) & #723720 (Esperantostern)
x21306	stechen	CC-BY 2.0 (France) Attribution: tatoeba.org #8935489 (sundown) & #8636808 (Melang)
x21307	Verabredung	CC-BY 2.0 (France) Attribution: tatoeba.org #2325788 (CK) & #2325918 (Pfirsichbaeumchen)
x21308	überreden	CC-BY 2.0 (France) Attribution: tatoeba.org #307870 (CK) & #3934608 (Trinkschokolade)
x21309	Fabrik	CC-BY 2.0 (France) Attribution: tatoeba.org #278682 (CK) & #457942 (xtofu80)
x21310	Fantasie	CC-BY 2.0 (France) Attribution: tatoeba.org #1601 (CK) & #405 (MUIRIEL)
x21311	Wissenschaft	CC-BY 2.0 (France) Attribution: tatoeba.org #8219002 (Hybrid) & #4234983 (Pfirsichbaeumchen)
x21312	Öffentlichkeit	CC-BY 2.0 (France) Attribution: tatoeba.org #4500437 (CK) & #12643434 (Waldelfe)
x21313	treu	CC-BY 2.0 (France) Attribution: tatoeba.org #1582090 (Spamster) & #1582104 (Pfirsichbaeumchen)
x21314	Sand	CC-BY 2.0 (France) Attribution: tatoeba.org #49964 (CM) & #628837 (Manfredo)
x21315	Hinweis	CC-BY 2.0 (France) Attribution: tatoeba.org #3591250 (CK) & #3591321 (freddy1)
x21316	umarmen	CC-BY 2.0 (France) Attribution: tatoeba.org #3826871 (CK) & #10023913 (Melang)
x21317	Dokument	CC-BY 2.0 (France) Attribution: tatoeba.org #2409239 (CK) & #2822844 (Pfirsichbaeumchen)
x21318	übertreiben	CC-BY 2.0 (France) Attribution: tatoeba.org #876044 (papabear) & #900468 (Esperantostern)
x21319	gelangen	CC-BY 2.0 (France) Attribution: tatoeba.org #71259 (CK) & #3844617 (Tickler)
x21320	wehren	CC-BY 2.0 (France) Attribution: tatoeba.org #10131707 (CK) & #10133943 (Pfirsichbaeumchen)
x21321	Motiv	CC-BY 2.0 (France) Attribution: tatoeba.org #2646743 (CK) & #6284187 (Esperantostern)
x21322	ehemalig	CC-BY 2.0 (France) Attribution: tatoeba.org #2253203 (_undertoad) & #2404496 (Pfirsichbaeumchen)
x21323	Hass	CC-BY 2.0 (France) Attribution: tatoeba.org #6973336 (Hybrid) & #11491557 (Pfirsichbaeumchen)
x21324	hacken	CC-BY 2.0 (France) Attribution: tatoeba.org #8034504 (CK) & #8361618 (Luiaard)
x21325	eintreten	CC-BY 2.0 (France) Attribution: tatoeba.org #2642020 (CK) & #2817082 (Pfirsichbaeumchen)
x21326	ersparen	CC-BY 2.0 (France) Attribution: tatoeba.org #996909 (thayne) & #2720495 (freddy1)
x21327	winzig	CC-BY 2.0 (France) Attribution: tatoeba.org #862973 (papabear) & #13312736 (Waldelfe)
x21328	unglücklich	CC-BY 2.0 (France) Attribution: tatoeba.org #318519 (CM) & #1276720 (Manfredo)
x21329	manipulieren	CC-BY 2.0 (France) Attribution: tatoeba.org #267160 (CK) & #12463679 (Yorwba)
x21330	sprengen	CC-BY 2.0 (France) Attribution: tatoeba.org #11616226 (CK) & #11983259 (Pfirsichbaeumchen)
x21331	Nation	CC-BY 2.0 (France) Attribution: tatoeba.org #274632 (CM) & #655236 (Pfirsichbaeumchen)
x21332	Leidenschaft	CC-BY 2.0 (France) Attribution: tatoeba.org #7167491 (Hybrid) & #7273068 (Pfirsichbaeumchen)
x21333	meinetwegen	CC-BY 2.0 (France) Attribution: tatoeba.org #3681161 (CK) & #3681170 (Pfirsichbaeumchen)
x21334	unterrichten	CC-BY 2.0 (France) Attribution: tatoeba.org #272909 (CM) & #345257 (MUIRIEL)
x21335	drängen	CC-BY 2.0 (France) Attribution: tatoeba.org #34777 (CK) & #1732446 (Pfirsichbaeumchen)
x21336	verzweifelt	CC-BY 2.0 (France) Attribution: tatoeba.org #2644712 (CK) & #8648600 (Melang)
x21337	stets	CC-BY 2.0 (France) Attribution: tatoeba.org #251467 (CK) & #2346767 (Pfirsichbaeumchen)
x21338	Ritter	CC-BY 2.0 (France) Attribution: tatoeba.org #282418 (CK) & #5140580 (aigi)
x21339	Geruch	CC-BY 2.0 (France) Attribution: tatoeba.org #3734781 (CK) & #3816126 (Tamy)
x21340	lohnen	CC-BY 2.0 (France) Attribution: tatoeba.org #2640894 (CK) & #2747846 (Pfirsichbaeumchen)
x21341	Roman	CC-BY 2.0 (France) Attribution: tatoeba.org #1400510 (kadena) & #1559056 (Esperantostern)
x21342	ertrinken	CC-BY 2.0 (France) Attribution: tatoeba.org #1442274 (CK) & #1787473 (Pfirsichbaeumchen)
x21343	Basis	CC-BY 2.0 (France) Attribution: tatoeba.org #870400 (CM) & #2031246 (Zaghawa)
x21344	Schock	CC-BY 2.0 (France) Attribution: tatoeba.org #301659 (CK) & #10117728 (wolfgangth)
x21345	Manager	CC-BY 2.0 (France) Attribution: tatoeba.org #8655504 (ajje) & #13731167 (Naina)
x21346	Einfluss	CC-BY 2.0 (France) Attribution: tatoeba.org #42545 (CM) & #2166519 (Tamy)
x21347	Raumschiff	CC-BY 2.0 (France) Attribution: tatoeba.org #305720 (CM) & #10178925 (Yorwba)
x21348	quälen	CC-BY 2.0 (France) Attribution: tatoeba.org #2250029 (CK) & #3453104 (Manfredo)
x21349	Unglück	CC-BY 2.0 (France) Attribution: tatoeba.org #8222854 (CK) & #3157979 (Pfirsichbaeumchen)
x21350	einnehmen	CC-BY 2.0 (France) Attribution: tatoeba.org #497663 (blay_paul) & #644367 (Manfredo)
x21351	erholen	CC-BY 2.0 (France) Attribution: tatoeba.org #278098 (CK) & #12565252 (mayabe)
x21352	Material	CC-BY 2.0 (France) Attribution: tatoeba.org #58049 (CM) & #2768368 (Tamy)
x21353	scheren	CC-BY 2.0 (France) Attribution: tatoeba.org #2243101 (CK) & #7289970 (Yorwba)
x21354	Schwachsinn	CC-BY 2.0 (France) Attribution: tatoeba.org #1666857 (Spamster) & #1684196 (Pfirsichbaeumchen)
x21355	herbringen	CC-BY 2.0 (France) Attribution: tatoeba.org #2548800 (CK) & #2666075 (brauchinet)
x21356	außergewöhnlich	CC-BY 2.0 (France) Attribution: tatoeba.org #44331 (CM) & #438355 (xtofu80)
x21357	königlich	CC-BY 2.0 (France) Attribution: tatoeba.org #276067 (CM) & #793669 (Esperantostern)
x21358	Dienstag	CC-BY 2.0 (France) Attribution: tatoeba.org #5574922 (n1ls) & #1274170 (al_ex_an_der)
x21359	Wüste	CC-BY 2.0 (France) Attribution: tatoeba.org #10324263 (CK) & #10324297 (Pfirsichbaeumchen)
x21360	Gedächtnis	CC-BY 2.0 (France) Attribution: tatoeba.org #17274 (Zifre) & #784042 (Hans_Adler)
x21361	Gabe	CC-BY 2.0 (France) Attribution: tatoeba.org #270273 (CM) & #1288728 (Esperantostern)
x21362	Käfig	CC-BY 2.0 (France) Attribution: tatoeba.org #6155900 (sundown) & #11524433 (Pfirsichbaeumchen)
x21363	Milliarde	CC-BY 2.0 (France) Attribution: tatoeba.org #3653782 (patgfisher) & #3653579 (raggione)
x21364	ärgern	CC-BY 2.0 (France) Attribution: tatoeba.org #253982 (CK) & #784015 (Hans_Adler)
x21365	verhungern	CC-BY 2.0 (France) Attribution: tatoeba.org #6481975 (AlanF_US) & #6482027 (Pfirsichbaeumchen)
x21366	lenken	CC-BY 2.0 (France) Attribution: tatoeba.org #61120 (CM) & #3630388 (Tamy)
x21367	ausschließen	CC-BY 2.0 (France) Attribution: tatoeba.org #4809581 (CK) & #4809615 (freddy1)
x21368	Hauptmann	CC-BY 2.0 (France) Attribution: tatoeba.org #275549 (CK) & #709638 (Manfredo)
x21369	Junior	CC-BY 2.0 (France) Attribution: tatoeba.org #259438 (CK) & #1030940 (al_ex_an_der)
x21370	Höhe	CC-BY 2.0 (France) Attribution: tatoeba.org #318034 (CM) & #1551021 (Zaghawa)
x21371	Profi	CC-BY 2.0 (France) Attribution: tatoeba.org #2247895 (CK) & #11798741 (Pfirsichbaeumchen)
x21372	Gouverneur	CC-BY 2.0 (France) Attribution: tatoeba.org #2255677 (_undertoad) & #2379776 (Pfirsichbaeumchen)
x21373	Penner	CC-BY 2.0 (France) Attribution: tatoeba.org #433739 (CK) & #10111549 (Vortarulo)
x21374	übersehen	CC-BY 2.0 (France) Attribution: tatoeba.org #42841 (CK) & #728073 (Manfredo)
x21375	Technik	CC-BY 2.0 (France) Attribution: tatoeba.org #1682307 (Spamster) & #1687817 (Pfirsichbaeumchen)
x21376	Wirklichkeit	CC-BY 2.0 (France) Attribution: tatoeba.org #265230 (CM) & #365271 (Wolf)
x21377	vertragen	CC-BY 2.0 (France) Attribution: tatoeba.org #65565 (CK) & #645790 (al_ex_an_der)
x21378	einbrechen	CC-BY 2.0 (France) Attribution: tatoeba.org #3334004 (CK) & #6611661 (Felixjp)
x21379	ermitteln	CC-BY 2.0 (France) Attribution: tatoeba.org #3012833 (CK) & #12879312 (Waldelfe)
x21380	Schaf	CC-BY 2.0 (France) Attribution: tatoeba.org #10726308 (CK) & #11834382 (Pfirsichbaeumchen)
x21381	Tiger	CC-BY 2.0 (France) Attribution: tatoeba.org #2641043 (CK) & #2746078 (Pfirsichbaeumchen)
x21382	Donnerstag	CC-BY 2.0 (France) Attribution: tatoeba.org #6809286 (Eccles17) & #6971976 (Pfirsichbaeumchen)
x21383	not	CC-BY 2.0 (France) Attribution: tatoeba.org #10778545 (CK) & #13275780 (Waldelfe)
x21384	Staub	CC-BY 2.0 (France) Attribution: tatoeba.org #680754 (Source_VOA) & #1307173 (Esperantostern)
x21385	Behörde	CC-BY 2.0 (France) Attribution: tatoeba.org #8900606 (CK) & #8900665 (Pfirsichbaeumchen)
x21386	Wissenschaftler	CC-BY 2.0 (France) Attribution: tatoeba.org #7269758 (Hybrid) & #7272883 (Pfirsichbaeumchen)
x21387	bemühen	CC-BY 2.0 (France) Attribution: tatoeba.org #1895700 (CK) & #1907774 (BraveSentry)
x21388	Mitleid	CC-BY 2.0 (France) Attribution: tatoeba.org #887467 (CK) & #969179 (Esperantostern)
x21389	Kostüm	CC-BY 2.0 (France) Attribution: tatoeba.org #7364452 (Hybrid) & #7364460 (Pfirsichbaeumchen)
x21390	erweisen	CC-BY 2.0 (France) Attribution: tatoeba.org #10515972 (sundown) & #1453434 (al_ex_an_der)
x21391	Schluck	CC-BY 2.0 (France) Attribution: tatoeba.org #3573710 (CK) & #12455593 (mayabe)
x21392	Ratte	CC-BY 2.0 (France) Attribution: tatoeba.org #35805 (CK) & #608466 (virgil)
x21393	unheimlich	CC-BY 2.0 (France) Attribution: tatoeba.org #58677 (CM) & #1736833 (Espi)
x21394	hinlegen	CC-BY 2.0 (France) Attribution: tatoeba.org #1936413 (CK) & #1976862 (Pfirsichbaeumchen)
x21395	Jäger	CC-BY 2.0 (France) Attribution: tatoeba.org #3022402 (sharptoothed) & #7871968 (Tamy)
x21396	irgend	CC-BY 2.0 (France) Attribution: tatoeba.org #12177286 (CK) & #12651103 (Waldelfe)
x21397	Neffe	CC-BY 2.0 (France) Attribution: tatoeba.org #25708 (CK) & #469968 (Espi)
x21398	knacken	CC-BY 2.0 (France) Attribution: tatoeba.org #2258246 (_undertoad) & #2376840 (Pfirsichbaeumchen)
x21399	hinfahren	CC-BY 2.0 (France) Attribution: tatoeba.org #6257228 (CK) & #8642351 (Melang)
x21400	extrem	CC-BY 2.0 (France) Attribution: tatoeba.org #286230 (CK) & #715248 (Manfredo)
x21401	Sicht	CC-BY 2.0 (France) Attribution: tatoeba.org #7110950 (CM) & #12405346 (Waldelfe)
x21402	Jude	CC-BY 2.0 (France) Attribution: tatoeba.org #298520 (CM) & #1211015 (samueldora)
x21403	scherzen	CC-BY 2.0 (France) Attribution: tatoeba.org #5850501 (CK) & #11958571 (Naina)
x21404	verdanken	CC-BY 2.0 (France) Attribution: tatoeba.org #242571 (CM) & #561775 (Manfredo)
x21405	zweifeln	CC-BY 2.0 (France) Attribution: tatoeba.org #7192330 (CK) & #12686231 (Waldelfe)
x21406	auflegen	CC-BY 2.0 (France) Attribution: tatoeba.org #31186 (CK) & #407611 (xtofu80)
x21407	Fahrzeug	CC-BY 2.0 (France) Attribution: tatoeba.org #5120989 (CK) & #5121007 (brauchinet)
x21408	Gegner	CC-BY 2.0 (France) Attribution: tatoeba.org #71989 (Dejo) & #2036841 (Tamy)
x21409	knallen	CC-BY 2.0 (France) Attribution: tatoeba.org #587416 (Dejo) & #501026 (MUIRIEL)
x21410	zurückziehen	CC-BY 2.0 (France) Attribution: tatoeba.org #802207 (Source_VOA) & #1040971 (Pfirsichbaeumchen)
x21411	Verdienst	CC-BY 2.0 (France) Attribution: tatoeba.org #5748435 (CM) & #7441713 (Pfirsichbaeumchen)
x21412	Korrektur	CC-BY 2.0 (France) Attribution: tatoeba.org #2812089 (Hybrid) & #2812093 (Pfirsichbaeumchen)
x21413	Wunde	CC-BY 2.0 (France) Attribution: tatoeba.org #5373393 (Hybrid) & #7465359 (Pfirsichbaeumchen)
x21414	Abmachung	CC-BY 2.0 (France) Attribution: tatoeba.org #1938918 (CK) & #1948567 (Pfirsichbaeumchen)
x21415	anschließen	CC-BY 2.0 (France) Attribution: tatoeba.org #5682257 (Hybrid) & #5813075 (raggione)
x21416	ausdenken	CC-BY 2.0 (France) Attribution: tatoeba.org #3096399 (CK) & #3274466 (Pfirsichbaeumchen)
x21417	britisch	CC-BY 2.0 (France) Attribution: tatoeba.org #1971888 (Eldad) & #1569865 (Pfirsichbaeumchen)
x21418	servieren	CC-BY 2.0 (France) Attribution: tatoeba.org #953414 (CK) & #2824515 (raggione)
x21419	hinsetzen	CC-BY 2.0 (France) Attribution: tatoeba.org #2405893 (CK) & #8328759 (MisterTrouser)
x21420	vertreiben	CC-BY 2.0 (France) Attribution: tatoeba.org #3700855 (Theocracy) & #13246375 (Waldelfe)
x21421	Militär	CC-BY 2.0 (France) Attribution: tatoeba.org #237812 (CK) & #797204 (xtofu80)
x21422	Meeting	CC-BY 2.0 (France) Attribution: tatoeba.org #2953182 (CK) & #3751041 (Zaghawa)
x21423	Spieler	CC-BY 2.0 (France) Attribution: tatoeba.org #291707 (CM) & #485926 (Ullalia)
x21424	Gedicht	CC-BY 2.0 (France) Attribution: tatoeba.org #284629 (CM) & #1824084 (Tamy)
x21425	läuten	CC-BY 2.0 (France) Attribution: tatoeba.org #8913141 (CK) & #12286870 (Pfirsichbaeumchen)
x21426	Hafen	CC-BY 2.0 (France) Attribution: tatoeba.org #1963114 (CK) & #1963990 (Pfirsichbaeumchen)
x21427	Glocke	CC-BY 2.0 (France) Attribution: tatoeba.org #9818899 (CK) & #12731838 (Waldelfe)
x21428	Organisation	CC-BY 2.0 (France) Attribution: tatoeba.org #241467 (CK) & #140003 (MUIRIEL)
x21429	Vorfall	CC-BY 2.0 (France) Attribution: tatoeba.org #60433 (CM) & #1408777 (al_ex_an_der)
x21430	Palast	CC-BY 2.0 (France) Attribution: tatoeba.org #1196579 (CK) & #1360953 (SeeVogel)
x21431	klettern	CC-BY 2.0 (France) Attribution: tatoeba.org #18079 (CK) & #338280 (Sprachprofi)
x21432	zurückgehen	CC-BY 2.0 (France) Attribution: tatoeba.org #3734870 (CK) & #3839698 (Tamy)
x21433	technisch	CC-BY 2.0 (France) Attribution: tatoeba.org #6537507 (Hybrid) & #11148647 (Pfirsichbaeumchen)
x21434	Lehrerin	CC-BY 2.0 (France) Attribution: tatoeba.org #309174 (CK) & #1547253 (Zaghawa)
x21435	Leib	CC-BY 2.0 (France) Attribution: tatoeba.org #2793582 (patgfisher) & #2793577 (al_ex_an_der)
x21436	sinken	CC-BY 2.0 (France) Attribution: tatoeba.org #12273092 (sundown) & #13405082 (Vortarulo)
x21437	Technologie	CC-BY 2.0 (France) Attribution: tatoeba.org #1682307 (Spamster) & #3226286 (Trebalor)
x21438	Gemeinde	CC-BY 2.0 (France) Attribution: tatoeba.org #22353 (CK) & #12362820 (Yorwba)
x21439	Pfarrer	CC-BY 2.0 (France) Attribution: tatoeba.org #9692564 (MarijnKp) & #10172182 (Yorwba)
x21440	enthalten	CC-BY 2.0 (France) Attribution: tatoeba.org #45251 (CK) & #770465 (samueldora)
x21441	Zauber	CC-BY 2.0 (France) Attribution: tatoeba.org #2588688 (Hybrid) & #2588689 (Pfirsichbaeumchen)
x21442	Rückkehr	CC-BY 2.0 (France) Attribution: tatoeba.org #20453 (CK) & #2251871 (Pfirsichbaeumchen)
x21443	spucken	CC-BY 2.0 (France) Attribution: tatoeba.org #8397689 (CK) & #8861621 (mramosch)
x21444	Warnung	CC-BY 2.0 (France) Attribution: tatoeba.org #814889 (CK) & #398881 (xtofu80)
x21445	zustoßen	CC-BY 2.0 (France) Attribution: tatoeba.org #2538283 (CK) & #8636229 (Yorwba)
x21446	befolgen	CC-BY 2.0 (France) Attribution: tatoeba.org #680879 (Source_VOA) & #696974 (Alois)
x21447	Kindheit	CC-BY 2.0 (France) Attribution: tatoeba.org #10571199 (felidad) & #13234943 (Waldelfe)
x21448	erteilen	CC-BY 2.0 (France) Attribution: tatoeba.org #1951685 (CK) & #1953615 (Pfirsichbaeumchen)
x21449	daheim	CC-BY 2.0 (France) Attribution: tatoeba.org #9149562 (sundown) & #4469000 (Esperantostern)
x21450	Belohnung	CC-BY 2.0 (France) Attribution: tatoeba.org #47236 (CM) & #7584308 (MisterTrouser)
x21451	Roboter	CC-BY 2.0 (France) Attribution: tatoeba.org #34662 (CK) & #1732420 (Pfirsichbaeumchen)
x21452	ersticken	CC-BY 2.0 (France) Attribution: tatoeba.org #322633 (CK) & #451540 (MUIRIEL)
x21453	ungern	CC-BY 2.0 (France) Attribution: tatoeba.org #44054 (CK) & #2422425 (Tamy)
x21454	zittern	CC-BY 2.0 (France) Attribution: tatoeba.org #265886 (CK) & #650192 (samueldora)
x21455	Laune	CC-BY 2.0 (France) Attribution: tatoeba.org #10007234 (CK) & #10008170 (Pfirsichbaeumchen)
x21456	wiegen	CC-BY 2.0 (France) Attribution: tatoeba.org #9199635 (sundown) & #498054 (Espi)
x21457	Verkauf	CC-BY 2.0 (France) Attribution: tatoeba.org #9443634 (CK) & #9455943 (Pfirsichbaeumchen)
x21458	geschäftlich	CC-BY 2.0 (France) Attribution: tatoeba.org #18794 (CK) & #2699488 (raggione)
x21459	bezeichnen	CC-BY 2.0 (France) Attribution: tatoeba.org #289305 (CK) & #8231457 (Pfirsichbaeumchen)
x21460	überstehen	CC-BY 2.0 (France) Attribution: tatoeba.org #4577788 (CK) & #721442 (Esperantostern)
x21461	abbrechen	CC-BY 2.0 (France) Attribution: tatoeba.org #59333 (CK) & #889052 (xtofu80)
x21462	pflanzen	CC-BY 2.0 (France) Attribution: tatoeba.org #266961 (CM) & #407671 (xtofu80)
x21463	Aufnahme	CC-BY 2.0 (France) Attribution: tatoeba.org #2641163 (CK) & #12463680 (Yorwba)
x21464	Katastrophe	CC-BY 2.0 (France) Attribution: tatoeba.org #11074100 (sundown) & #1570201 (Espi)
x21465	Lieferung	CC-BY 2.0 (France) Attribution: tatoeba.org #10268892 (LimeGreenTeknii) & #383397 (Ole)
x21466	abschneiden	CC-BY 2.0 (France) Attribution: tatoeba.org #10121981 (CK) & #11808423 (Pfirsichbaeumchen)
x21467	Mandant	CC-BY 2.0 (France) Attribution: tatoeba.org #320445 (CK) & #822103 (Pfirsichbaeumchen)
x21468	wegwerfen	CC-BY 2.0 (France) Attribution: tatoeba.org #4017100 (CK) & #12437107 (Waldelfe)
x21469	Schokolade	CC-BY 2.0 (France) Attribution: tatoeba.org #750906 (sctld) & #751631 (MUIRIEL)
x21470	ausreden	CC-BY 2.0 (France) Attribution: tatoeba.org #11227657 (sundown) & #8639277 (Melang)
x21471	ausgerechnet	CC-BY 2.0 (France) Attribution: tatoeba.org #6616820 (Hybrid) & #2282854 (al_ex_an_der)
x21472	Chinese	CC-BY 2.0 (France) Attribution: tatoeba.org #6227962 (CK) & #7429359 (Pfirsichbaeumchen)
x21473	aushalten	CC-BY 2.0 (France) Attribution: tatoeba.org #57813 (CK) & #361082 (Kerstin)
x21474	Vergleich	CC-BY 2.0 (France) Attribution: tatoeba.org #2662823 (CK) & #2690309 (brauchinet)
x21475	spenden	CC-BY 2.0 (France) Attribution: tatoeba.org #8120709 (CK) & #12644337 (Waldelfe)
x21476	schlucken	CC-BY 2.0 (France) Attribution: tatoeba.org #56608 (CK) & #2523455 (Tamy)
x21477	auslöschen	CC-BY 2.0 (France) Attribution: tatoeba.org #1487645 (marshmallowcat) & #1522410 (al_ex_an_der)
x21478	scheinbar	CC-BY 2.0 (France) Attribution: tatoeba.org #2881958 (Hybrid) & #4180469 (Pfirsichbaeumchen)
x21479	unwichtig	CC-BY 2.0 (France) Attribution: tatoeba.org #41564 (CK) & #2002872 (Tamy)
x21480	Jugend	CC-BY 2.0 (France) Attribution: tatoeba.org #715709 (darinmex) & #3235802 (al_ex_an_der)
x21481	Königreich	CC-BY 2.0 (France) Attribution: tatoeba.org #290585 (CM) & #1107008 (jast)
x21482	Benzin	CC-BY 2.0 (France) Attribution: tatoeba.org #9662699 (CK) & #657138 (al_ex_an_der)
x21483	Euro	CC-BY 2.0 (France) Attribution: tatoeba.org #681844 (Source_VOA) & #709471 (Esperantostern)
x21484	Mauer	CC-BY 2.0 (France) Attribution: tatoeba.org #10298775 (CK) & #10300267 (Pfirsichbaeumchen)
x21485	erneut	CC-BY 2.0 (France) Attribution: tatoeba.org #3734904 (CK) & #3842239 (Tamy)
x21486	Abschluss	CC-BY 2.0 (France) Attribution: tatoeba.org #9641007 (CK) & #12638196 (Waldelfe)
x21487	weigern	CC-BY 2.0 (France) Attribution: tatoeba.org #2308138 (CK) & #3664346 (Pfirsichbaeumchen)
x21488	Symbol	CC-BY 2.0 (France) Attribution: tatoeba.org #61012 (CM) & #1408547 (Esperantostern)
x21489	ausrichten	CC-BY 2.0 (France) Attribution: tatoeba.org #54359 (CK) & #2263969 (freddy1)
x21490	Einstellung	CC-BY 2.0 (France) Attribution: tatoeba.org #24621 (CK) & #2739161 (raggione)
x21491	Besucher	CC-BY 2.0 (France) Attribution: tatoeba.org #245043 (CK) & #768997 (Esperantostern)
x21492	Protokoll	CC-BY 2.0 (France) Attribution: tatoeba.org #1549417 (CK) & #5773014 (raggione)
x21493	gewaltig	CC-BY 2.0 (France) Attribution: tatoeba.org #268255 (CK) & #793496 (Espi)
x21494	Revolution	CC-BY 2.0 (France) Attribution: tatoeba.org #23997 (CM) & #3109052 (Pfirsichbaeumchen)
x21495	Bibel	CC-BY 2.0 (France) Attribution: tatoeba.org #249730 (CM) & #754877 (Esperantostern)
x21496	auswählen	CC-BY 2.0 (France) Attribution: tatoeba.org #3168052 (CK) & #12484086 (Augustus)
x21497	Eile	CC-BY 2.0 (France) Attribution: tatoeba.org #56369 (CK) & #343033 (MUIRIEL)
x21498	innen	CC-BY 2.0 (France) Attribution: tatoeba.org #39062 (Swift) & #412179 (MUIRIEL)
x21499	Clown	CC-BY 2.0 (France) Attribution: tatoeba.org #11040562 (CK) & #13709128 (Waldelfe)
x21500	Pool	CC-BY 2.0 (France) Attribution: tatoeba.org #10537054 (CK) & #11916976 (Naina)
x21501	Tradition	CC-BY 2.0 (France) Attribution: tatoeba.org #1737255 (Spamster) & #1737347 (Pfirsichbaeumchen)
x21502	weswegen	CC-BY 2.0 (France) Attribution: tatoeba.org #10641787 (sundown) & #2966015 (Pfirsichbaeumchen)
x21503	gewähren	CC-BY 2.0 (France) Attribution: tatoeba.org #1522406 (erikspen) & #2256016 (Pfirsichbaeumchen)
x21504	anfühlen	CC-BY 2.0 (France) Attribution: tatoeba.org #6912643 (CK) & #13422098 (Waldelfe)
x21505	aufspüren	CC-BY 2.0 (France) Attribution: tatoeba.org #324128 (CM) & #1186250 (Sudajaengi)
x21506	dunkle	CC-BY 2.0 (France) Attribution: tatoeba.org #28470 (Swift) & #539197 (xtofu80)
x21507	Hintergrund	CC-BY 2.0 (France) Attribution: tatoeba.org #12180770 (sundown) & #7794057 (driini)
x21508	eintreffen	CC-BY 2.0 (France) Attribution: tatoeba.org #35938 (CM) & #6770427 (raggione)
x21509	aufstellen	CC-BY 2.0 (France) Attribution: tatoeba.org #7810507 (CK) & #457102 (xtofu80)
x21510	verabreden	CC-BY 2.0 (France) Attribution: tatoeba.org #284505 (CK) & #1824924 (Tamy)
x21511	gewöhnlich	CC-BY 2.0 (France) Attribution: tatoeba.org #7836319 (CK) & #7853108 (Pfirsichbaeumchen)
x21512	Hubschrauber	CC-BY 2.0 (France) Attribution: tatoeba.org #33895 (CK) & #867679 (Espi)
x21513	Ware	CC-BY 2.0 (France) Attribution: tatoeba.org #6953272 (CK) & #730689 (Pfirsichbaeumchen)
x21514	siegen	CC-BY 2.0 (France) Attribution: tatoeba.org #8596763 (CK) & #8618072 (Pfirsichbaeumchen)
x21515	kürzlich	CC-BY 2.0 (France) Attribution: tatoeba.org #4800174 (AlanF_US) & #4800905 (Raringo)
x21516	korrigieren	CC-BY 2.0 (France) Attribution: tatoeba.org #1535 (Zifre) & #989102 (MUIRIEL)
x21517	laufend	CC-BY 2.0 (France) Attribution: tatoeba.org #9719877 (CK) & #13357976 (Waldelfe)
x21518	durchziehen	CC-BY 2.0 (France) Attribution: tatoeba.org #1951731 (CK) & #1953575 (Pfirsichbaeumchen)
x21519	Prinzip	CC-BY 2.0 (France) Attribution: tatoeba.org #299169 (Zifre) & #660829 (Vortarulo)
x21520	Humor	CC-BY 2.0 (France) Attribution: tatoeba.org #1805671 (Scott) & #1805679 (Tamy)
x21521	vorkommen	CC-BY 2.0 (France) Attribution: tatoeba.org #1543628 (CK) & #1691053 (Pfirsichbaeumchen)
x21522	Modell	CC-BY 2.0 (France) Attribution: tatoeba.org #1453163 (Spamster) & #1453470 (Esperantostern)
x21523	womöglich	CC-BY 2.0 (France) Attribution: tatoeba.org #4664671 (CK) & #13664584 (Naina)
x21524	Phase	CC-BY 2.0 (France) Attribution: tatoeba.org #3166205 (CK) & #3167650 (dinkel_girl)
x21525	Objekt	CC-BY 2.0 (France) Attribution: tatoeba.org #26371 (Zifre) & #2406616 (Pfirsichbaeumchen)
x21526	Spielzeug	CC-BY 2.0 (France) Attribution: tatoeba.org #290861 (CK) & #344926 (MUIRIEL)
x21527	Gate	CC-BY 2.0 (France) Attribution: tatoeba.org #323934 (CK) & #837306 (al_ex_an_der)
x21528	Motorrad	CC-BY 2.0 (France) Attribution: tatoeba.org #250376 (CK) & #7523638 (Yorwba)
x21529	wovor	CC-BY 2.0 (France) Attribution: tatoeba.org #12996441 (CK) & #13014980 (Waldelfe)
x21530	Terrorist	CC-BY 2.0 (France) Attribution: tatoeba.org #954565 (CK) & #3263560 (Pfirsichbaeumchen)
x21531	freilassen	CC-BY 2.0 (France) Attribution: tatoeba.org #1841638 (CK) & #1842053 (Pfirsichbaeumchen)
x21532	Lärm	CC-BY 2.0 (France) Attribution: tatoeba.org #7822772 (eggershead) & #7823055 (Pfirsichbaeumchen)
x21533	langweilen	CC-BY 2.0 (France) Attribution: tatoeba.org #6660318 (CK) & #12605534 (Waldelfe)
x21534	Netz	CC-BY 2.0 (France) Attribution: tatoeba.org #11149644 (CK) & #11151337 (Pfirsichbaeumchen)
x21535	Arbeiter	CC-BY 2.0 (France) Attribution: tatoeba.org #682264 (Source_VOA) & #1633276 (Pfirsichbaeumchen)
x21536	Aktion	CC-BY 2.0 (France) Attribution: tatoeba.org #6685473 (CK) & #6685935 (srovorake)
x21537	anrichten	CC-BY 2.0 (France) Attribution: tatoeba.org #12079271 (CK) & #13401204 (canan)
x21538	erregen	CC-BY 2.0 (France) Attribution: tatoeba.org #2265905 (_undertoad) & #2265937 (Pfirsichbaeumchen)
x21539	übertragen	CC-BY 2.0 (France) Attribution: tatoeba.org #50364 (CK) & #738929 (xtofu80)
x21540	zögern	CC-BY 2.0 (France) Attribution: tatoeba.org #13222169 (frpzzd) & #13381117 (Waldelfe)
x21541	erschöpfen	CC-BY 2.0 (France) Attribution: tatoeba.org #6663750 (CK) & #13671617 (Naina)
x21542	Amt	CC-BY 2.0 (France) Attribution: tatoeba.org #7113239 (CM) & #12440786 (Waldelfe)
x21543	beunruhigen	CC-BY 2.0 (France) Attribution: tatoeba.org #3729098 (CM) & #4560000 (hjoest)
x21544	Aussicht	CC-BY 2.0 (France) Attribution: tatoeba.org #275531 (CM) & #517964 (xtofu80)
x21545	Spruch	CC-BY 2.0 (France) Attribution: tatoeba.org #3058789 (OJR1) & #3115384 (al_ex_an_der)
x21546	süßer	CC-BY 2.0 (France) Attribution: tatoeba.org #11521981 (CK) & #12537648 (Naina)
x21547	Weihnachtsmann	CC-BY 2.0 (France) Attribution: tatoeba.org #251377 (CK) & #473906 (Kleinchen42)
x21548	beleidigen	CC-BY 2.0 (France) Attribution: tatoeba.org #2291876 (CK) & #2292135 (Pfirsichbaeumchen)
x21549	abschalten	CC-BY 2.0 (France) Attribution: tatoeba.org #10542075 (sundown) & #4722163 (Esperantostern)
x21550	klemmen	CC-BY 2.0 (France) Attribution: tatoeba.org #1723689 (Spamster) & #1724038 (Pfirsichbaeumchen)
x21551	Sender	CC-BY 2.0 (France) Attribution: tatoeba.org #33613 (CK) & #1870920 (Pfirsichbaeumchen)
x21552	Deck	CC-BY 2.0 (France) Attribution: tatoeba.org #10999858 (sundown) & #3511654 (MisterTrouser)
x21553	höchstens	CC-BY 2.0 (France) Attribution: tatoeba.org #1422385 (CK) & #1805870 (Pfirsichbaeumchen)
x21554	darunter	CC-BY 2.0 (France) Attribution: tatoeba.org #251777 (U2FS) & #1013898 (Sudajaengi)
x21555	außen	CC-BY 2.0 (France) Attribution: tatoeba.org #48143 (CK) & #446288 (landano)
x21556	Ladung	CC-BY 2.0 (France) Attribution: tatoeba.org #9662830 (DJ_Saidez) & #10100167 (Pfirsichbaeumchen)
x21557	körperlich	CC-BY 2.0 (France) Attribution: tatoeba.org #1676645 (Spamster) & #1695614 (al_ex_an_der)
x21558	verpflichten	CC-BY 2.0 (France) Attribution: tatoeba.org #10996642 (CK) & #12831184 (Waldelfe)
x21559	wild	CC-BY 2.0 (France) Attribution: tatoeba.org #1308107 (CK) & #1308925 (Pfirsichbaeumchen)
x21560	Rauch	CC-BY 2.0 (France) Attribution: tatoeba.org #25906 (CK) & #4000495 (Dani6187)
x21561	Tagebuch	CC-BY 2.0 (France) Attribution: tatoeba.org #322393 (CK) & #694609 (samueldora)
x21562	charmant	CC-BY 2.0 (France) Attribution: tatoeba.org #539523 (CK) & #1671265 (samueldora)
x21563	verwunden	CC-BY 2.0 (France) Attribution: tatoeba.org #301426 (CK) & #435331 (xtofu80)
x21564	bluten	CC-BY 2.0 (France) Attribution: tatoeba.org #266808 (CM) & #508931 (xtofu80)
x21565	ablegen	CC-BY 2.0 (France) Attribution: tatoeba.org #2538943 (CK) & #5768362 (raggione)
x21566	angeln	CC-BY 2.0 (France) Attribution: tatoeba.org #2006460 (CK) & #2242797 (Vortarulo)
x21567	erstmal	CC-BY 2.0 (France) Attribution: tatoeba.org #928915 (CM) & #7552644 (Luiaard)
x21568	Hügel	CC-BY 2.0 (France) Attribution: tatoeba.org #395660 (CK) & #2672680 (Pfirsichbaeumchen)
x21569	Munition	CC-BY 2.0 (France) Attribution: tatoeba.org #1576636 (CK) & #2878930 (Pfirsichbaeumchen)
x21570	Anzeichen	CC-BY 2.0 (France) Attribution: tatoeba.org #1657641 (Spamster) & #1697517 (Pfirsichbaeumchen)
x21571	Tempel	CC-BY 2.0 (France) Attribution: tatoeba.org #12330957 (ddnktr) & #12330955 (Pfirsichbaeumchen)
x21572	Lunge	CC-BY 2.0 (France) Attribution: tatoeba.org #1498908 (CM) & #8861807 (mramosch)
x21573	fabelhaft	CC-BY 2.0 (France) Attribution: tatoeba.org #1658112 (Spamster) & #1687895 (Pfirsichbaeumchen)
x21574	zurückrufen	CC-BY 2.0 (France) Attribution: tatoeba.org #5805947 (CK) & #13482060 (Naina)
x21575	Mai	CC-BY 2.0 (France) Attribution: tatoeba.org #52450 (CK) & #651839 (Pfirsichbaeumchen)
x21576	kleben	CC-BY 2.0 (France) Attribution: tatoeba.org #319646 (CK) & #403675 (xtofu80)
x21577	zunächst	CC-BY 2.0 (France) Attribution: tatoeba.org #11735281 (CK) & #12556380 (Waldelfe)
x21578	verhören	CC-BY 2.0 (France) Attribution: tatoeba.org #1752054 (Amastan) & #1753507 (Pfirsichbaeumchen)
x21579	ansprechen	CC-BY 2.0 (France) Attribution: tatoeba.org #3202646 (CK) & #6584517 (Pfirsichbaeumchen)
x21580	abwarten	CC-BY 2.0 (France) Attribution: tatoeba.org #69174 (CK) & #3339339 (freddy1)
x21581	vereinen	CC-BY 2.0 (France) Attribution: tatoeba.org #22222 (CK) & #824346 (Espi)
x21582	entgehen	CC-BY 2.0 (France) Attribution: tatoeba.org #8864870 (CK) & #8867973 (Pfirsichbaeumchen)
x21583	Alibi	CC-BY 2.0 (France) Attribution: tatoeba.org #6220758 (CK) & #8373150 (Luiaard)
x21584	erleichtern	CC-BY 2.0 (France) Attribution: tatoeba.org #10293170 (CM) & #10293174 (Pfirsichbaeumchen)
x21585	scheitern	CC-BY 2.0 (France) Attribution: tatoeba.org #11301874 (sundown) & #8983847 (Pfirsichbaeumchen)
x21586	deuten	CC-BY 2.0 (France) Attribution: tatoeba.org #286170 (CK) & #948014 (Sudajaengi)
x21587	Rad	CC-BY 2.0 (France) Attribution: tatoeba.org #682414 (Source_VOA) & #683161 (al_ex_an_der)
x21588	Liebhaber	CC-BY 2.0 (France) Attribution: tatoeba.org #1214426 (CM) & #1979872 (Alois)
x21589	Einbruch	CC-BY 2.0 (France) Attribution: tatoeba.org #20425 (CK) & #1910904 (Zaghawa)
x21590	investieren	CC-BY 2.0 (France) Attribution: tatoeba.org #10273740 (sundown) & #7793545 (brauchinet)
x21591	blockieren	CC-BY 2.0 (France) Attribution: tatoeba.org #11523427 (CK) & #12249405 (mayabe)
x21592	Narbe	CC-BY 2.0 (France) Attribution: tatoeba.org #3239483 (Hybrid) & #3239489 (Trinkschokolade)
x21593	vereinigt	CC-BY 2.0 (France) Attribution: tatoeba.org #249779 (CK) & #1519005 (Pfirsichbaeumchen)
x21594	Kompliment	CC-BY 2.0 (France) Attribution: tatoeba.org #12975771 (CK) & #13031545 (Waldelfe)
x21595	Reporter	CC-BY 2.0 (France) Attribution: tatoeba.org #11042350 (sundown) & #2124932 (al_ex_an_der)
x21596	Tal	CC-BY 2.0 (France) Attribution: tatoeba.org #8200964 (CM) & #1808743 (Esperantostern)
x21597	Kleinigkeit	CC-BY 2.0 (France) Attribution: tatoeba.org #1524705 (Spamster) & #2498996 (Pfirsichbaeumchen)
x21598	checken	CC-BY 2.0 (France) Attribution: tatoeba.org #255004 (CK) & #9968473 (wolfgangth)
x21599	Schein	CC-BY 2.0 (France) Attribution: tatoeba.org #521018 (darinmex) & #937977 (Esperantostern)
x21600	bekennen	CC-BY 2.0 (France) Attribution: tatoeba.org #452268 (CM) & #452269 (al_ex_an_der)
x21601	foltern	CC-BY 2.0 (France) Attribution: tatoeba.org #295738 (Eldad) & #6380225 (KonstantinLukas)
x21602	Vorschrift	CC-BY 2.0 (France) Attribution: tatoeba.org #8657798 (AlanF_US) & #11767695 (Yorwba)
x21603	Aufzeichnung	CC-BY 2.0 (France) Attribution: tatoeba.org #312428 (CK) & #365468 (Wolf)
x21604	Elefant	CC-BY 2.0 (France) Attribution: tatoeba.org #268249 (CK) & #1937027 (Esperantostern)
x21605	Kehle	CC-BY 2.0 (France) Attribution: tatoeba.org #1391483 (niceguydave) & #651305 (kolonjano)
x21606	dreimal	CC-BY 2.0 (France) Attribution: tatoeba.org #6234574 (CK) & #12547382 (Waldelfe)
x21607	aufbrechen	CC-BY 2.0 (France) Attribution: tatoeba.org #887367 (CK) & #1947995 (Alois)
x21608	besetzen	CC-BY 2.0 (France) Attribution: tatoeba.org #58211 (CK) & #2789133 (Tamy)
x21609	Enkel	CC-BY 2.0 (France) Attribution: tatoeba.org #11031627 (CK) & #11031633 (Pfirsichbaeumchen)
x21610	Verrat	CC-BY 2.0 (France) Attribution: tatoeba.org #682227 (Source_VOA) & #720357 (al_ex_an_der)
x21611	live	CC-BY 2.0 (France) Attribution: tatoeba.org #8594547 (Hybrid) & #8816673 (Pfirsichbaeumchen)
x21612	Version	CC-BY 2.0 (France) Attribution: tatoeba.org #10687653 (CK) & #10688037 (Pfirsichbaeumchen)
x21613	last	CC-BY 2.0 (France) Attribution: tatoeba.org #1471194 (darinmex) & #5456749 (Pfirsichbaeumchen)
x21614	Option	CC-BY 2.0 (France) Attribution: tatoeba.org #2252644 (CK) & #12513223 (mayabe)
x21615	Ausdruck	CC-BY 2.0 (France) Attribution: tatoeba.org #10875646 (sundown) & #3250735 (raggione)
x21616	düster	CC-BY 2.0 (France) Attribution: tatoeba.org #2644746 (CK) & #2770276 (Valodnieks)
x21617	Kanal	CC-BY 2.0 (France) Attribution: tatoeba.org #40189 (CK) & #659163 (Pfirsichbaeumchen)
x21618	Parkplatz	CC-BY 2.0 (France) Attribution: tatoeba.org #2406086 (CK) & #12193881 (Naina)
x21619	ablaufen	CC-BY 2.0 (France) Attribution: tatoeba.org #3135802 (CK) & #3135804 (Pfirsichbaeumchen)
x21620	Therapie	CC-BY 2.0 (France) Attribution: tatoeba.org #3732082 (CM) & #3759006 (Jens_Odo)
x21621	versammeln	CC-BY 2.0 (France) Attribution: tatoeba.org #248851 (CK) & #370175 (xtofu80)
x21622	Blitz	CC-BY 2.0 (France) Attribution: tatoeba.org #573592 (darinmex) & #1839227 (Zaghawa)
x21623	klassisch	CC-BY 2.0 (France) Attribution: tatoeba.org #6242146 (CK) & #10548834 (wannieh)
x21624	Sklave	CC-BY 2.0 (France) Attribution: tatoeba.org #1935175 (Spamster) & #1935313 (Pfirsichbaeumchen)
x21625	Passagier	CC-BY 2.0 (France) Attribution: tatoeba.org #45703 (CM) & #1963753 (Tamy)
x21626	Bewusstsein	CC-BY 2.0 (France) Attribution: tatoeba.org #8674337 (ajje) & #10106490 (wolfgangth)
x21627	Asche	CC-BY 2.0 (France) Attribution: tatoeba.org #680264 (Source_VOA) & #3856180 (raggione)
x21628	ausprobieren	CC-BY 2.0 (France) Attribution: tatoeba.org #8226819 (CK) & #1920752 (Pfirsichbaeumchen)
x21629	Friedhof	CC-BY 2.0 (France) Attribution: tatoeba.org #289962 (CK) & #1812466 (pne)
x21630	scheiden	CC-BY 2.0 (France) Attribution: tatoeba.org #316752 (CK) & #782503 (Hans_Adler)
x21631	verraten	CC-BY 2.0 (France) Attribution: tatoeba.org #9934192 (CK) & #12605258 (Waldelfe)
x21632	Wolf	CC-BY 2.0 (France) Attribution: tatoeba.org #8827289 (CK) & #8828874 (mramosch)
x21633	linker	CC-BY 2.0 (France) Attribution: tatoeba.org #682027 (Source_VOA) & #748802 (Zaghawa)
x21634	Atem	CC-BY 2.0 (France) Attribution: tatoeba.org #274361 (CK) & #7346794 (Yorwba)
x21635	kichern	CC-BY 2.0 (France) Attribution: tatoeba.org #3321180 (CK) & #3321428 (Pfirsichbaeumchen)
x21636	Franzose	CC-BY 2.0 (France) Attribution: tatoeba.org #300468 (CK) & #783270 (Hans_Adler)
x21637	quietschen	CC-BY 2.0 (France) Attribution: tatoeba.org #5142798 (CK) & #5142878 (brauchinet)
x21638	schleichen	CC-BY 2.0 (France) Attribution: tatoeba.org #4002873 (Hybrid) & #4002905 (Pfirsichbaeumchen)
x21639	Symptom	CC-BY 2.0 (France) Attribution: tatoeba.org #29986 (CK) & #10151314 (driini)
x21640	Assistent	CC-BY 2.0 (France) Attribution: tatoeba.org #2647053 (CK) & #3086879 (Pfirsichbaeumchen)
x21641	Knopf	CC-BY 2.0 (France) Attribution: tatoeba.org #37579 (CK) & #427561 (MUIRIEL)
x21642	absetzen	CC-BY 2.0 (France) Attribution: tatoeba.org #10134477 (ddnktr) & #12628539 (Waldelfe)
x21643	Kamerad	CC-BY 2.0 (France) Attribution: tatoeba.org #328953 (fcbond) & #371805 (xtofu80)
x21644	harmlos	CC-BY 2.0 (France) Attribution: tatoeba.org #6298132 (Hybrid) & #11466248 (Pfirsichbaeumchen)
x21645	Herrschaft	CC-BY 2.0 (France) Attribution: tatoeba.org #462896 (lukaszpp) & #893883 (MUIRIEL)
x21646	Sprung	CC-BY 2.0 (France) Attribution: tatoeba.org #1666259 (Dejo) & #1666263 (Pfirsichbaeumchen)
x21647	beschädigen	CC-BY 2.0 (France) Attribution: tatoeba.org #48310 (CK) & #657109 (samueldora)
x21648	Konsequenz	CC-BY 2.0 (France) Attribution: tatoeba.org #2287004 (CK) & #2533212 (Lars224)
x21649	Kopfschmerz	CC-BY 2.0 (France) Attribution: tatoeba.org #7734839 (CK) & #12574458 (Waldelfe)
x21650	Flotte	CC-BY 2.0 (France) Attribution: tatoeba.org #1442467 (CM) & #1442468 (al_ex_an_der)
x21651	dunkeln	CC-BY 2.0 (France) Attribution: tatoeba.org #336059 (killer4o) & #693396 (Esperantostern)
x21652	Wirkung	CC-BY 2.0 (France) Attribution: tatoeba.org #619782 (ulyssemc1) & #1987417 (Tamy)
x21653	Faust	CC-BY 2.0 (France) Attribution: tatoeba.org #5840411 (CK) & #5845610 (tutawomen)
x21654	Cowboy	CC-BY 2.0 (France) Attribution: tatoeba.org #2985581 (sharptoothed) & #13738111 (Waldelfe)
x21655	Freak	CC-BY 2.0 (France) Attribution: tatoeba.org #3345310 (CK) & #3872805 (Giulio)
x21656	Küste	CC-BY 2.0 (France) Attribution: tatoeba.org #33733 (CM) & #1874701 (Tamy)
x21657	eigenartig	CC-BY 2.0 (France) Attribution: tatoeba.org #239342 (CK) & #3095750 (al_ex_an_der)
x21658	befördern	CC-BY 2.0 (France) Attribution: tatoeba.org #430019 (witbrock) & #2696098 (Pfirsichbaeumchen)
x21659	Krankenschwester	CC-BY 2.0 (France) Attribution: tatoeba.org #313055 (CK) & #1560971 (Pfirsichbaeumchen)
x21660	Engländer	CC-BY 2.0 (France) Attribution: tatoeba.org #66585 (CS) & #4732299 (bonny37)
x21661	verwickeln	CC-BY 2.0 (France) Attribution: tatoeba.org #290754 (CM) & #1483919 (Manfredo)
x21662	Marke	CC-BY 2.0 (France) Attribution: tatoeba.org #58186 (CK) & #2788355 (Tamy)
x21663	Charakter	CC-BY 2.0 (France) Attribution: tatoeba.org #2258224 (_undertoad) & #2376869 (Pfirsichbaeumchen)
x21664	Kapitel	CC-BY 2.0 (France) Attribution: tatoeba.org #1956079 (CK) & #1956626 (Pfirsichbaeumchen)
x21665	erbärmlich	CC-BY 2.0 (France) Attribution: tatoeba.org #877816 (CM) & #1186232 (Sudajaengi)
x21666	unterzeichnen	CC-BY 2.0 (France) Attribution: tatoeba.org #10592484 (CK) & #12454291 (Waldelfe)
x21667	walten	CC-BY 2.0 (France) Attribution: tatoeba.org #5758415 (CM) & #8861413 (mramosch)
x21668	Botschafter	CC-BY 2.0 (France) Attribution: tatoeba.org #301566 (CK) & #12284827 (Pfirsichbaeumchen)
x21669	Ruhm	CC-BY 2.0 (France) Attribution: tatoeba.org #322922 (CK) & #449959 (Pfirsichbaeumchen)
x21670	Treffer	CC-BY 2.0 (France) Attribution: tatoeba.org #236772 (CK) & #2187584 (Tamy)
x21671	Entführung	CC-BY 2.0 (France) Attribution: tatoeba.org #11613754 (CK) & #12649585 (Waldelfe)
x21672	erobern	CC-BY 2.0 (France) Attribution: tatoeba.org #1256059 (CM) & #1906457 (Pfirsichbaeumchen)
x21673	kratzen	CC-BY 2.0 (France) Attribution: tatoeba.org #282011 (CK) & #2151142 (Esperantostern)
x21674	Knarre	CC-BY 2.0 (France) Attribution: tatoeba.org #1898164 (CK) & #5437676 (Pfirsichbaeumchen)
x21675	Sekretärin	CC-BY 2.0 (France) Attribution: tatoeba.org #310339 (CM) & #1008604 (Sudajaengi)
x21676	gruselig	CC-BY 2.0 (France) Attribution: tatoeba.org #5388979 (Hybrid) & #7213242 (Pfirsichbaeumchen)
x21677	flüchten	CC-BY 2.0 (France) Attribution: tatoeba.org #715776 (darinmex) & #2872343 (Manfredo)
x21678	Handschelle	CC-BY 2.0 (France) Attribution: tatoeba.org #7114063 (CM) & #13265678 (Waldelfe)
x21679	Admiral	CC-BY 2.0 (France) Attribution: tatoeba.org #1911873 (Spamster) & #1918774 (Pfirsichbaeumchen)
x21680	rasieren	CC-BY 2.0 (France) Attribution: tatoeba.org #6915455 (Eccles17) & #6916554 (brauchinet)
x21681	Bande	CC-BY 2.0 (France) Attribution: tatoeba.org #11900582 (CK) & #12650223 (Waldelfe)
x21682	widmen	CC-BY 2.0 (France) Attribution: tatoeba.org #2031948 (CK) & #2051354 (samueldora)
x21683	Personal	CC-BY 2.0 (France) Attribution: tatoeba.org #5744271 (CM) & #6030501 (Espi)
x21684	zünden	CC-BY 2.0 (France) Attribution: tatoeba.org #9145785 (CK) & #1836916 (Tamy)
x21685	Segen	CC-BY 2.0 (France) Attribution: tatoeba.org #11694713 (shekitten) & #13574994 (Vortarulo)
x21686	anonym	CC-BY 2.0 (France) Attribution: tatoeba.org #3433885 (patgfisher) & #3851222 (Pfirsichbaeumchen)
x21687	Ausrüstung	CC-BY 2.0 (France) Attribution: tatoeba.org #9345829 (CK) & #12511965 (Naina)
x21688	Ansicht	CC-BY 2.0 (France) Attribution: tatoeba.org #307556 (CM) & #594773 (samueldora)
x21689	überlebend	CC-BY 2.0 (France) Attribution: tatoeba.org #1123578 (CK) & #4584627 (Jens_Odo)
x21690	kriminell	CC-BY 2.0 (France) Attribution: tatoeba.org #4530041 (CK) & #11986785 (Naina)
x21691	zukünftig	CC-BY 2.0 (France) Attribution: tatoeba.org #2163121 (Source_VOA) & #2205824 (Pfirsichbaeumchen)
x21692	russisch	CC-BY 2.0 (France) Attribution: tatoeba.org #2770009 (carlosalberto) & #2770091 (Pfirsichbaeumchen)
x21693	schütteln	CC-BY 2.0 (France) Attribution: tatoeba.org #245493 (CK) & #10190125 (Yorwba)
x21694	Abstand	CC-BY 2.0 (France) Attribution: tatoeba.org #23972 (CK) & #1731478 (Pfirsichbaeumchen)
x21695	sicherstellen	CC-BY 2.0 (France) Attribution: tatoeba.org #8186296 (CK) & #11206576 (Pfirsichbaeumchen)
x21696	Fürst	CC-BY 2.0 (France) Attribution: tatoeba.org #1205686 (CM) & #1527766 (Pfirsichbaeumchen)
x21697	Religion	CC-BY 2.0 (France) Attribution: tatoeba.org #281729 (CM) & #5062341 (al_ex_an_der)
x21698	niedlich	CC-BY 2.0 (France) Attribution: tatoeba.org #33003 (jakov) & #2238218 (Vortarulo)
x21699	auflösen	CC-BY 2.0 (France) Attribution: tatoeba.org #10666098 (sundown) & #7742895 (brauchinet)
x21700	Zuschauer	CC-BY 2.0 (France) Attribution: tatoeba.org #2259431 (_undertoad) & #2351902 (Pfirsichbaeumchen)
x21701	Motel	CC-BY 2.0 (France) Attribution: tatoeba.org #2544284 (CK) & #8244328 (Esperantostern)
x21702	verheimlichen	CC-BY 2.0 (France) Attribution: tatoeba.org #2770578 (CK) & #2770786 (Pfirsichbaeumchen)
x21703	anzeigen	CC-BY 2.0 (France) Attribution: tatoeba.org #2959443 (sharptoothed) & #12575803 (Yorwba)
x21704	prügeln	CC-BY 2.0 (France) Attribution: tatoeba.org #1326102 (CK) & #11933042 (Pfirsichbaeumchen)
x21705	Dummheit	CC-BY 2.0 (France) Attribution: tatoeba.org #296026 (CK) & #3366967 (Pfirsichbaeumchen)
x21706	beseitigen	CC-BY 2.0 (France) Attribution: tatoeba.org #3178601 (CK) & #3891165 (raggione)
x21707	Bau	CC-BY 2.0 (France) Attribution: tatoeba.org #1751306 (bart) & #8300850 (GuidoW)
x21708	reinigen	CC-BY 2.0 (France) Attribution: tatoeba.org #263275 (CK) & #1312758 (al_ex_an_der)
x21709	aufbringen	CC-BY 2.0 (France) Attribution: tatoeba.org #1107050 (bigway) & #6200558 (Pfirsichbaeumchen)
x21710	verweigern	CC-BY 2.0 (France) Attribution: tatoeba.org #6976531 (Eccles17) & #8247526 (Pfirsichbaeumchen)
x21711	Irrtum	CC-BY 2.0 (France) Attribution: tatoeba.org #2953800 (CK) & #3448216 (Pfirsichbaeumchen)
x21712	lecken	CC-BY 2.0 (France) Attribution: tatoeba.org #1977623 (Spamster) & #12408945 (mayabe)
x21713	tragisch	CC-BY 2.0 (France) Attribution: tatoeba.org #682217 (Source_VOA) & #727713 (Zaghawa)
x21714	Juli	CC-BY 2.0 (France) Attribution: tatoeba.org #72375 (CK) & #5462885 (Pfirsichbaeumchen)
x21715	einmischen	CC-BY 2.0 (France) Attribution: tatoeba.org #7144343 (CK) & #7148102 (Luiaard)
x21716	Verfahren	CC-BY 2.0 (France) Attribution: tatoeba.org #248266 (CK) & #829974 (Pfirsichbaeumchen)
x21717	Geständnis	CC-BY 2.0 (France) Attribution: tatoeba.org #2538943 (CK) & #5768362 (raggione)
x21718	Pfeil	CC-BY 2.0 (France) Attribution: tatoeba.org #324147 (CK) & #510300 (xtofu80)
x21719	Kreditkarte	CC-BY 2.0 (France) Attribution: tatoeba.org #6657543 (CK) & #8120851 (dasbeispielholz)
x21720	Schmuck	CC-BY 2.0 (France) Attribution: tatoeba.org #57280 (CK) & #2655823 (Tamy)
x21721	Drehbuch	CC-BY 2.0 (France) Attribution: tatoeba.org #1436361 (CK) & #1526062 (Pfirsichbaeumchen)
x21722	Ausweg	CC-BY 2.0 (France) Attribution: tatoeba.org #3762040 (Hybrid) & #6098513 (Pfirsichbaeumchen)
x21723	erpressen	CC-BY 2.0 (France) Attribution: tatoeba.org #2546758 (CK) & #2765810 (brauchinet)
x21724	ausbrechen	CC-BY 2.0 (France) Attribution: tatoeba.org #25325 (CK) & #2467506 (Zaghawa)
x21725	Hitze	CC-BY 2.0 (France) Attribution: tatoeba.org #58543 (CK) & #1462931 (Manfredo)
x21726	verprügeln	CC-BY 2.0 (France) Attribution: tatoeba.org #1641815 (Spamster) & #1648973 (Pfirsichbaeumchen)
x21727	unterscheiden	CC-BY 2.0 (France) Attribution: tatoeba.org #3734791 (CK) & #3817819 (Tamy)
x21728	Muster	CC-BY 2.0 (France) Attribution: tatoeba.org #1972598 (CK) & #7413031 (Yorwba)
x21729	Regisseur	CC-BY 2.0 (France) Attribution: tatoeba.org #1386857 (Spamster) & #2907735 (Zaghawa)
x21730	zuschlagen	CC-BY 2.0 (France) Attribution: tatoeba.org #39027 (CK) & #11668458 (Pfirsichbaeumchen)
x21731	Zorn	CC-BY 2.0 (France) Attribution: tatoeba.org #53502 (CK) & #1181973 (BraveSentry)
x21732	Wächter	CC-BY 2.0 (France) Attribution: tatoeba.org #1316537 (CK) & #1421110 (kolonjano)
x21733	hindern	CC-BY 2.0 (France) Attribution: tatoeba.org #1411297 (CK) & #1812031 (Pfirsichbaeumchen)
x21734	ausnutzen	CC-BY 2.0 (France) Attribution: tatoeba.org #241529 (CK) & #3351342 (Pfirsichbaeumchen)
x21735	überfahren	CC-BY 2.0 (France) Attribution: tatoeba.org #256754 (CK) & #5323049 (Tamy)
x21736	produzieren	CC-BY 2.0 (France) Attribution: tatoeba.org #280340 (CM) & #5390412 (Yakuwari)
x21737	Nadel	CC-BY 2.0 (France) Attribution: tatoeba.org #269858 (CK) & #459724 (xtofu80)
x21738	Ente	CC-BY 2.0 (France) Attribution: tatoeba.org #67766 (CK) & #840447 (jakov)
x21739	Paradies	CC-BY 2.0 (France) Attribution: tatoeba.org #10499667 (DJ_Saidez) & #10500419 (Pfirsichbaeumchen)
x21740	Teenager	CC-BY 2.0 (France) Attribution: tatoeba.org #5851217 (CK) & #6174103 (sprachensprech)
x21741	verschonen	CC-BY 2.0 (France) Attribution: tatoeba.org #1793770 (Spamster) & #1793803 (Pfirsichbaeumchen)
x21742	Diebstahl	CC-BY 2.0 (France) Attribution: tatoeba.org #45284 (CK) & #1932429 (Tamy)
x21743	jahrelang	CC-BY 2.0 (France) Attribution: tatoeba.org #5575025 (Hybrid) & #5576116 (raggione)
x21744	erziehen	CC-BY 2.0 (France) Attribution: tatoeba.org #6457970 (Hybrid) & #6457980 (Pfirsichbaeumchen)
x21745	aufhängen	CC-BY 2.0 (France) Attribution: tatoeba.org #9460488 (sundown) & #8641543 (Melang)
x21746	erzeugen	CC-BY 2.0 (France) Attribution: tatoeba.org #638133 (CK) & #638127 (al_ex_an_der)
x21747	Alternative	CC-BY 2.0 (France) Attribution: tatoeba.org #3826771 (CK) & #3845460 (Tamy)
x21748	Puls	CC-BY 2.0 (France) Attribution: tatoeba.org #681703 (Source_VOA) & #759243 (al_ex_an_der)
x21749	Rettung	CC-BY 2.0 (France) Attribution: tatoeba.org #8897080 (CK) & #8897874 (mramosch)
x21750	widerlich	CC-BY 2.0 (France) Attribution: tatoeba.org #41826 (CM) & #2045589 (Tamy)
x21751	Laster	CC-BY 2.0 (France) Attribution: tatoeba.org #1495907 (CK) & #1495988 (al_ex_an_der)
x21752	sozusagen	CC-BY 2.0 (France) Attribution: tatoeba.org #321537 (CM) & #823915 (Manfredo)
x21753	Mittwoch	CC-BY 2.0 (France) Attribution: tatoeba.org #5574922 (n1ls) & #1274170 (al_ex_an_der)
x21754	Rand	CC-BY 2.0 (France) Attribution: tatoeba.org #2267509 (_undertoad) & #2294195 (Pfirsichbaeumchen)
x21755	Schauspielerin	CC-BY 2.0 (France) Attribution: tatoeba.org #317301 (CK) & #1393212 (Esperantostern)
x21756	verstoßen	CC-BY 2.0 (France) Attribution: tatoeba.org #9807293 (CK) & #823235 (al_ex_an_der)
x21757	unnötig	CC-BY 2.0 (France) Attribution: tatoeba.org #12455154 (CK) & #12455756 (Waldelfe)
x21758	Werbung	CC-BY 2.0 (France) Attribution: tatoeba.org #2927571 (CK) & #2927847 (Pfirsichbaeumchen)
x21759	Gegenwart	CC-BY 2.0 (France) Attribution: tatoeba.org #11056249 (CK) & #12513118 (Waldelfe)
x21760	finanziell	CC-BY 2.0 (France) Attribution: tatoeba.org #682320 (Source_VOA) & #707538 (Pfirsichbaeumchen)
x21761	ausliefern	CC-BY 2.0 (France) Attribution: tatoeba.org #3825404 (CK) & #8748224 (Waldelfe)
x21762	grausam	CC-BY 2.0 (France) Attribution: tatoeba.org #2275625 (Hybrid) & #2463245 (Zaghawa)
x21763	apropos	CC-BY 2.0 (France) Attribution: tatoeba.org #39241 (CM) & #12706917 (mayabe)
x21764	verschweigen	CC-BY 2.0 (France) Attribution: tatoeba.org #3204114 (CK) & #3275367 (Pfirsichbaeumchen)
x21765	ansonsten	CC-BY 2.0 (France) Attribution: tatoeba.org #33526 (CK) & #1720284 (Pfirsichbaeumchen)
x21766	Missverständnis	CC-BY 2.0 (France) Attribution: tatoeba.org #537917 (CM) & #579538 (MUIRIEL)
x21767	gehorchen	CC-BY 2.0 (France) Attribution: tatoeba.org #8823986 (CK) & #8824307 (mramosch)
x21768	einrichten	CC-BY 2.0 (France) Attribution: tatoeba.org #72518 (CM) & #3864770 (Pfirsichbaeumchen)
x21769	einlassen	CC-BY 2.0 (France) Attribution: tatoeba.org #3594730 (CK) & #8206911 (raggione)
x21770	jenseits	CC-BY 2.0 (France) Attribution: tatoeba.org #1713032 (al_ex_an_der) & #1713033 (al_ex_an_der)
x21771	Coach	CC-BY 2.0 (France) Attribution: tatoeba.org #1126204 (CK) & #3051832 (Zaghawa)
x21772	Instinkt	CC-BY 2.0 (France) Attribution: tatoeba.org #12674322 (Adelpa) & #1777707 (Pfirsichbaeumchen)
x21773	antreten	CC-BY 2.0 (France) Attribution: tatoeba.org #5659244 (CK) & #13070013 (Vortarulo)
x21774	Fleck	CC-BY 2.0 (France) Attribution: tatoeba.org #6903515 (CK) & #6904071 (brauchinet)
x21775	entsprechen	CC-BY 2.0 (France) Attribution: tatoeba.org #58368 (CM) & #2802046 (Tamy)
x21776	Rasse	CC-BY 2.0 (France) Attribution: tatoeba.org #12808474 (sundown) & #9665327 (Pfirsichbaeumchen)
x21777	aufregen	CC-BY 2.0 (France) Attribution: tatoeba.org #3723850 (CM) & #5150651 (raggione)
x21778	erleiden	CC-BY 2.0 (France) Attribution: tatoeba.org #17959 (CK) & #3987232 (Kuraimegami)
x21779	Gesang	CC-BY 2.0 (France) Attribution: tatoeba.org #6263539 (CK) & #7360695 (Pfirsichbaeumchen)
x21780	umgeben	CC-BY 2.0 (France) Attribution: tatoeba.org #8590827 (CK) & #8599133 (Roujin)
x21781	Anblick	CC-BY 2.0 (France) Attribution: tatoeba.org #51856 (CM) & #13725233 (Waldelfe)
x21782	infizieren	CC-BY 2.0 (France) Attribution: tatoeba.org #11934143 (CK) & #12642122 (Waldelfe)
x21783	grob	CC-BY 2.0 (France) Attribution: tatoeba.org #43199 (CK) & #2308556 (Tamy)
x21784	verwechseln	CC-BY 2.0 (France) Attribution: tatoeba.org #2968698 (Hybrid) & #2972210 (Pfirsichbaeumchen)
x21785	Handel	CC-BY 2.0 (France) Attribution: tatoeba.org #4014640 (CK) & #6787771 (Pfirsichbaeumchen)
x21786	Trainer	CC-BY 2.0 (France) Attribution: tatoeba.org #10033763 (CK) & #12636374 (Waldelfe)
x21787	betteln	CC-BY 2.0 (France) Attribution: tatoeba.org #1358133 (CM) & #1358134 (al_ex_an_der)
x21788	Bedenken	CC-BY 2.0 (France) Attribution: tatoeba.org #3699394 (tennismonix) & #12025701 (Pfirsichbaeumchen)
x21789	Diskussion	CC-BY 2.0 (France) Attribution: tatoeba.org #42207 (CK) & #2118744 (Tamy)
x21790	Tragödie	CC-BY 2.0 (France) Attribution: tatoeba.org #4895618 (Hybrid) & #4896634 (raggione)
x21791	schluchzen	CC-BY 2.0 (France) Attribution: tatoeba.org #267859 (CM) & #1979805 (Alois)
x21792	Geschwindigkeit	CC-BY 2.0 (France) Attribution: tatoeba.org #326217 (CM) & #497247 (MUIRIEL)
x21793	Aktivität	CC-BY 2.0 (France) Attribution: tatoeba.org #6452087 (Lemmih) & #6452560 (wolfgangth)
x21794	vorlesen	CC-BY 2.0 (France) Attribution: tatoeba.org #9670834 (CK) & #9671102 (Pfirsichbaeumchen)
x21795	absurd	CC-BY 2.0 (France) Attribution: tatoeba.org #36051 (CM) & #581232 (Pfirsichbaeumchen)
x21796	Detektiv	CC-BY 2.0 (France) Attribution: tatoeba.org #2247888 (CK) & #2122708 (al_ex_an_der)
x21797	aufziehen	CC-BY 2.0 (France) Attribution: tatoeba.org #3730510 (CM) & #3730884 (brauchinet)
x21798	schweben	CC-BY 2.0 (France) Attribution: tatoeba.org #680976 (Source_VOA) & #8920748 (tarob)
x21799	beziehen	CC-BY 2.0 (France) Attribution: tatoeba.org #276502 (CK) & #13257661 (Waldelfe)
x21800	unendlich	CC-BY 2.0 (France) Attribution: tatoeba.org #1540559 (CM) & #10008062 (wolfgangth)
x21801	wegfahren	CC-BY 2.0 (France) Attribution: tatoeba.org #5745948 (CM) & #7533364 (Pfirsichbaeumchen)
x21802	Zaun	CC-BY 2.0 (France) Attribution: tatoeba.org #9493506 (sundown) & #494018 (xtofu80)
x21803	billigen	CC-BY 2.0 (France) Attribution: tatoeba.org #17760 (CK) & #12330944 (Pfirsichbaeumchen)
x21804	mies	CC-BY 2.0 (France) Attribution: tatoeba.org #9084203 (CM) & #8861738 (mramosch)
x21805	riskant	CC-BY 2.0 (France) Attribution: tatoeba.org #18430 (Zifre) & #7550173 (Yorwba)
x21806	regieren	CC-BY 2.0 (France) Attribution: tatoeba.org #2267425 (_undertoad) & #2297172 (Pfirsichbaeumchen)
x21807	soeben	CC-BY 2.0 (France) Attribution: tatoeba.org #3732628 (CK) & #6604438 (raggione)
x21808	schwingen	CC-BY 2.0 (France) Attribution: tatoeba.org #3170722 (CK) & #13240658 (Waldelfe)
x21809	Grundstück	CC-BY 2.0 (France) Attribution: tatoeba.org #7156982 (CK) & #12582444 (Waldelfe)
x21810	Begriff	CC-BY 2.0 (France) Attribution: tatoeba.org #296737 (CK) & #797796 (al_ex_an_der)
x21811	Telefonnummer	CC-BY 2.0 (France) Attribution: tatoeba.org #2537608 (CK) & #11277717 (Pfirsichbaeumchen)
x21812	spritzen	CC-BY 2.0 (France) Attribution: tatoeba.org #306695 (CK) & #2513657 (martikkk)
x21813	verleihen	CC-BY 2.0 (France) Attribution: tatoeba.org #5726088 (CM) & #11958635 (Naina)
x21814	überwinden	CC-BY 2.0 (France) Attribution: tatoeba.org #405676 (blay_paul) & #440061 (xtofu80)
x21815	Verständnis	CC-BY 2.0 (France) Attribution: tatoeba.org #300129 (CM) & #1925690 (Tamy)
x21816	Papst	CC-BY 2.0 (France) Attribution: tatoeba.org #2303985 (Hybrid) & #2304869 (Pfirsichbaeumchen)
x21817	Magazin	CC-BY 2.0 (France) Attribution: tatoeba.org #47745 (CK) & #362708 (Wolf)
x21818	Löwe	CC-BY 2.0 (France) Attribution: tatoeba.org #7060040 (Hybrid) & #8759417 (Pfirsichbaeumchen)
x21819	Gewinn	CC-BY 2.0 (France) Attribution: tatoeba.org #434884 (lukaszpp) & #527362 (Espi)
x21820	pflegen	CC-BY 2.0 (France) Attribution: tatoeba.org #10835982 (sundown) & #1416571 (al_ex_an_der)
x21821	Aufregung	CC-BY 2.0 (France) Attribution: tatoeba.org #2264198 (sharptoothed) & #4132305 (Pfirsichbaeumchen)
x21822	kreischen	CC-BY 2.0 (France) Attribution: tatoeba.org #2360819 (CK) & #2633610 (raggione)
x21823	Wert	CC-BY 2.0 (France) Attribution: tatoeba.org #289091 (CK) & #3285600 (raggione)
x21824	allgemein	CC-BY 2.0 (France) Attribution: tatoeba.org #27314 (CK) & #12841776 (Waldelfe)
x21825	Gemälde	CC-BY 2.0 (France) Attribution: tatoeba.org #2268966 (_undertoad) & #2289451 (Pfirsichbaeumchen)
x21826	Tempo	CC-BY 2.0 (France) Attribution: tatoeba.org #57246 (CM) & #2655649 (Tamy)
x21827	Single	CC-BY 2.0 (France) Attribution: tatoeba.org #4680022 (Hybrid) & #11783470 (Pfirsichbaeumchen)
x21828	basieren	CC-BY 2.0 (France) Attribution: tatoeba.org #318740 (CM) & #1537263 (nemoli)
x21829	Wille	CC-BY 2.0 (France) Attribution: tatoeba.org #1775 (CM) & #5190941 (Esperantostern)
x21830	enorm	CC-BY 2.0 (France) Attribution: tatoeba.org #11600688 (CK) & #12583245 (Waldelfe)
x21831	Gangster	CC-BY 2.0 (France) Attribution: tatoeba.org #5737913 (CM) & #12388718 (mayabe)
x21832	starren	CC-BY 2.0 (France) Attribution: tatoeba.org #1943890 (Spamster) & #4941574 (Hans_Adler)
x21833	Kommentar	CC-BY 2.0 (France) Attribution: tatoeba.org #69696 (CM) & #400214 (MUIRIEL)
x21834	egoistisch	CC-BY 2.0 (France) Attribution: tatoeba.org #325322 (CK) & #523444 (xtofu80)
x21835	Ziege	CC-BY 2.0 (France) Attribution: tatoeba.org #8609402 (shekitten) & #12455048 (Augustus)
x21836	ausfallen	CC-BY 2.0 (France) Attribution: tatoeba.org #241575 (CK) & #366381 (Wolf)
x21837	leuchten	CC-BY 2.0 (France) Attribution: tatoeba.org #462930 (lukaszpp) & #12149405 (mhr)
x21838	Block	CC-BY 2.0 (France) Attribution: tatoeba.org #2182398 (Hybrid) & #2185703 (Pfirsichbaeumchen)
x21839	bevorzugen	CC-BY 2.0 (France) Attribution: tatoeba.org #62274 (sacredceltic) & #766775 (dima555)
x21840	Kofferraum	CC-BY 2.0 (France) Attribution: tatoeba.org #6903539 (CK) & #6904069 (brauchinet)
x21841	pressen	CC-BY 2.0 (France) Attribution: tatoeba.org #47497 (CK) & #783213 (Hans_Adler)
x21842	Furcht	CC-BY 2.0 (France) Attribution: tatoeba.org #562254 (darinmex) & #2785967 (Esperantostern)
x21843	mitspielen	CC-BY 2.0 (France) Attribution: tatoeba.org #3871259 (CK) & #6643206 (Felixjp)
x21844	Felsen	CC-BY 2.0 (France) Attribution: tatoeba.org #12113165 (CK) & #12113167 (Pfirsichbaeumchen)
x21845	Master	CC-BY 2.0 (France) Attribution: tatoeba.org #6658174 (CK) & #7193379 (Luiaard)
x21846	Verkehr	CC-BY 2.0 (France) Attribution: tatoeba.org #58951 (CK) & #2884654 (Tamy)
x21847	Hai	CC-BY 2.0 (France) Attribution: tatoeba.org #7137268 (CK) & #12015174 (Pfirsichbaeumchen)
x21848	ursprünglich	CC-BY 2.0 (France) Attribution: tatoeba.org #1363614 (CK) & #1921732 (Pfirsichbaeumchen)
x21849	Ebene	CC-BY 2.0 (France) Attribution: tatoeba.org #2268052 (_undertoad) & #2291462 (Pfirsichbaeumchen)
x21850	gefälligst	CC-BY 2.0 (France) Attribution: tatoeba.org #12182847 (sundown) & #7961256 (list)
x21851	Koma	CC-BY 2.0 (France) Attribution: tatoeba.org #5853274 (CK) & #10083954 (wolfgangth)
x21852	hinkriegen	CC-BY 2.0 (France) Attribution: tatoeba.org #4663094 (CK) & #13079077 (Waldelfe)
x21853	wissenschaftlich	CC-BY 2.0 (France) Attribution: tatoeba.org #299364 (CK) & #344336 (MUIRIEL)
x21854	Existenz	CC-BY 2.0 (France) Attribution: tatoeba.org #248917 (CK) & #644577 (Manfredo)
x21855	ernähren	CC-BY 2.0 (France) Attribution: tatoeba.org #1830482 (CK) & #1925230 (Pfirsichbaeumchen)
x21856	erwachen	CC-BY 2.0 (France) Attribution: tatoeba.org #278069 (CK) & #1008431 (Sudajaengi)
x21857	sichergehen	CC-BY 2.0 (France) Attribution: tatoeba.org #5736269 (CM) & #12483847 (Naina)
x21858	einschlagen	CC-BY 2.0 (France) Attribution: tatoeba.org #3479224 (Hybrid) & #6046622 (Pfirsichbaeumchen)
x21859	Witwe	CC-BY 2.0 (France) Attribution: tatoeba.org #318701 (CK) & #783714 (Espi)
x21860	Persönlichkeit	CC-BY 2.0 (France) Attribution: tatoeba.org #296120 (CK) & #4392435 (Dokuyaku)
x21861	Gerede	CC-BY 2.0 (France) Attribution: tatoeba.org #6866144 (Hybrid) & #8264082 (Pfirsichbaeumchen)
x21862	anvertrauen	CC-BY 2.0 (France) Attribution: tatoeba.org #10303842 (CK) & #9142984 (Pfirsichbaeumchen)
x21863	Trauer	CC-BY 2.0 (France) Attribution: tatoeba.org #3822217 (CK) & #6137679 (Espi)
x21864	exakt	CC-BY 2.0 (France) Attribution: tatoeba.org #2275 (CM) & #1101 (MUIRIEL)
x21865	Steak	CC-BY 2.0 (France) Attribution: tatoeba.org #6345167 (CK) & #7364497 (Pfirsichbaeumchen)
x21866	Anwesenheit	CC-BY 2.0 (France) Attribution: tatoeba.org #260039 (CK) & #588442 (cost)
x21867	geheimnisvoll	CC-BY 2.0 (France) Attribution: tatoeba.org #2105 (CK) & #896 (MUIRIEL)
x21868	Abschied	CC-BY 2.0 (France) Attribution: tatoeba.org #2330096 (CK) & #2513789 (Zaghawa)
x21869	einschalten	CC-BY 2.0 (France) Attribution: tatoeba.org #5690498 (CK) & #5694131 (Pfirsichbaeumchen)
x21870	stopfen	CC-BY 2.0 (France) Attribution: tatoeba.org #2064964 (CK) & #3942704 (Zaghawa)
x21871	Beginn	CC-BY 2.0 (France) Attribution: tatoeba.org #325189 (CM) & #1293639 (al_ex_an_der)
x21872	Testament	CC-BY 2.0 (France) Attribution: tatoeba.org #266636 (CK) & #2235399 (Vortarulo)
x21873	begeben	CC-BY 2.0 (France) Attribution: tatoeba.org #25620 (CM) & #689389 (Manfredo)
x21874	Batterie	CC-BY 2.0 (France) Attribution: tatoeba.org #12084087 (sundown) & #12188100 (Pfirsichbaeumchen)
x21875	Akzent	CC-BY 2.0 (France) Attribution: tatoeba.org #2238882 (Hybrid) & #2239239 (Pfirsichbaeumchen)
x21876	Ozean	CC-BY 2.0 (France) Attribution: tatoeba.org #1962025 (HououinKyouma) & #1963525 (Esperantostern)
x21877	bremsen	CC-BY 2.0 (France) Attribution: tatoeba.org #3312763 (CK) & #7293980 (rajmund)
x21878	Etage	CC-BY 2.0 (France) Attribution: tatoeba.org #10530953 (CK) & #12499721 (Naina)
x21879	Frucht	CC-BY 2.0 (France) Attribution: tatoeba.org #37444 (CK) & #2046117 (Manfredo)
x21880	Football	CC-BY 2.0 (France) Attribution: tatoeba.org #1532025 (LittleBoy) & #8493314 (Luiaard)
x21881	Drohung	CC-BY 2.0 (France) Attribution: tatoeba.org #1886912 (CK) & #7778235 (BerlinJakarta)
x21882	fernhalten	CC-BY 2.0 (France) Attribution: tatoeba.org #67786 (CK) & #4089756 (Dani6187)
x21883	absichtlich	CC-BY 2.0 (France) Attribution: tatoeba.org #6239985 (CK) & #12666946 (Waldelfe)
x21884	sowie	CC-BY 2.0 (France) Attribution: tatoeba.org #309532 (CM) & #10688151 (Pfirsichbaeumchen)
x21885	Tüte	CC-BY 2.0 (France) Attribution: tatoeba.org #291115 (CK) & #442395 (xtofu80)
x21886	Einrichtung	CC-BY 2.0 (France) Attribution: tatoeba.org #1273194 (PeterR) & #1273195 (PeterR)
x21887	nähen	CC-BY 2.0 (France) Attribution: tatoeba.org #2783679 (mervert1) & #1629965 (al_ex_an_der)
x21888	eingreifen	CC-BY 2.0 (France) Attribution: tatoeba.org #10563837 (CK) & #10563948 (Pfirsichbaeumchen)
x21889	Heilmittel	CC-BY 2.0 (France) Attribution: tatoeba.org #3310836 (CK) & #12434503 (Augustus)
x21890	Herzinfarkt	CC-BY 2.0 (France) Attribution: tatoeba.org #269006 (CK) & #705366 (virgil)
x21891	jubeln	CC-BY 2.0 (France) Attribution: tatoeba.org #12493522 (CK) & #12509717 (Waldelfe)
x21892	inspirieren	CC-BY 2.0 (France) Attribution: tatoeba.org #12284324 (CK) & #12643922 (Waldelfe)
x21893	leugnen	CC-BY 2.0 (France) Attribution: tatoeba.org #5885796 (Hybrid) & #11083314 (Pfirsichbaeumchen)
x21894	erfordern	CC-BY 2.0 (France) Attribution: tatoeba.org #9435431 (sundown) & #3508121 (raggione)
x21895	Esel	CC-BY 2.0 (France) Attribution: tatoeba.org #2239900 (AlanF_US) & #3076506 (Pfirsichbaeumchen)
x21896	segeln	CC-BY 2.0 (France) Attribution: tatoeba.org #6249977 (CK) & #12556243 (Waldelfe)
x21897	Unterwäsche	CC-BY 2.0 (France) Attribution: tatoeba.org #10022316 (DJ_Saidez) & #10022433 (Pfirsichbaeumchen)
x21898	Krawatte	CC-BY 2.0 (France) Attribution: tatoeba.org #8960933 (CK) & #12427923 (Waldelfe)
x21899	Entfernung	CC-BY 2.0 (France) Attribution: tatoeba.org #9986591 (sundown) & #7750386 (ruth_tatoeba)
x21900	Vorrat	CC-BY 2.0 (France) Attribution: tatoeba.org #2545381 (CK) & #3986982 (Pfirsichbaeumchen)
x21901	Tropfen	CC-BY 2.0 (France) Attribution: tatoeba.org #2304720 (Hybrid) & #2304815 (Pfirsichbaeumchen)
x21902	Biene	CC-BY 2.0 (France) Attribution: tatoeba.org #9188889 (CK) & #12572625 (Waldelfe)
x21903	vornehmen	CC-BY 2.0 (France) Attribution: tatoeba.org #3109403 (CK) & #3246807 (Trinkschokolade)
x21904	Whiskey	CC-BY 2.0 (France) Attribution: tatoeba.org #1894547 (CK) & #1909571 (Pfirsichbaeumchen)
x21905	frech	CC-BY 2.0 (France) Attribution: tatoeba.org #18676 (Zifre) & #715099 (Esperantostern)
x21906	September	CC-BY 2.0 (France) Attribution: tatoeba.org #8973563 (sundown) & #8964708 (manese)
x21907	durchkommen	CC-BY 2.0 (France) Attribution: tatoeba.org #7873790 (CK) & #8223648 (mramosch)
x21908	übertrieben	CC-BY 2.0 (France) Attribution: tatoeba.org #6272505 (CK) & #12408089 (Waldelfe)
x21909	Loyalität	CC-BY 2.0 (France) Attribution: tatoeba.org #3142954 (CK) & #3235900 (Trinkschokolade)
x21910	Maus	CC-BY 2.0 (France) Attribution: tatoeba.org #44562 (CK) & #1900482 (Tamy)
x21911	Whisky	CC-BY 2.0 (France) Attribution: tatoeba.org #12160794 (sundown) & #7817472 (Sprachritter)
x21912	fischen	CC-BY 2.0 (France) Attribution: tatoeba.org #8173940 (Hybrid) & #8413799 (Pfirsichbaeumchen)
x21913	geistig	CC-BY 2.0 (France) Attribution: tatoeba.org #1690405 (Spamster) & #1690567 (Pfirsichbaeumchen)
x21914	Brieftasche	CC-BY 2.0 (France) Attribution: tatoeba.org #244276 (CK) & #484197 (MUIRIEL)
x21915	beauftragen	CC-BY 2.0 (France) Attribution: tatoeba.org #2662625 (CK) & #6785147 (Pfirsichbaeumchen)
x21916	Papi	CC-BY 2.0 (France) Attribution: tatoeba.org #6531105 (CK) & #7426419 (Pfirsichbaeumchen)
x21917	schwitzen	CC-BY 2.0 (France) Attribution: tatoeba.org #1690473 (Spamster) & #1690484 (Pfirsichbaeumchen)
x21918	Thron	CC-BY 2.0 (France) Attribution: tatoeba.org #294164 (CM) & #8667191 (Melang)
x21919	Zivilisation	CC-BY 2.0 (France) Attribution: tatoeba.org #667896 (CK) & #1792537 (Esperantostern)
x21920	Gelände	CC-BY 2.0 (France) Attribution: tatoeba.org #10540362 (sundown) & #10063562 (Yorwba)
x21921	Kaution	CC-BY 2.0 (France) Attribution: tatoeba.org #1306807 (CK) & #1306805 (Pfirsichbaeumchen)
x21922	besagen	CC-BY 2.0 (France) Attribution: tatoeba.org #4311054 (richke) & #4512499 (raggione)
x21923	Schießerei	CC-BY 2.0 (France) Attribution: tatoeba.org #3012833 (CK) & #12879312 (Waldelfe)
x21924	Sorte	CC-BY 2.0 (France) Attribution: tatoeba.org #1225413 (CK) & #1225415 (Espi)
x21925	Blödmann	CC-BY 2.0 (France) Attribution: tatoeba.org #2342348 (Hybrid) & #2343042 (Pfirsichbaeumchen)
x21926	adoptieren	CC-BY 2.0 (France) Attribution: tatoeba.org #1413465 (CK) & #1414008 (MUIRIEL)
x21927	aufschreiben	CC-BY 2.0 (France) Attribution: tatoeba.org #717220 (darinmex) & #1559092 (Esperantostern)
x21928	letztendlich	CC-BY 2.0 (France) Attribution: tatoeba.org #39860 (Swift) & #360735 (Wolf)
x21929	krachen	CC-BY 2.0 (France) Attribution: tatoeba.org #451543 (blay_paul) & #10095931 (Pfirsichbaeumchen)
x21930	Krise	CC-BY 2.0 (France) Attribution: tatoeba.org #11828529 (sundown) & #1409648 (Esperantostern)
x21931	Gelächter	CC-BY 2.0 (France) Attribution: tatoeba.org #45891 (CK) & #2487636 (Tamy)
x21932	unerwartet	CC-BY 2.0 (France) Attribution: tatoeba.org #40065 (CK) & #6113849 (Pfirsichbaeumchen)
x21933	Einspruch	CC-BY 2.0 (France) Attribution: tatoeba.org #2247164 (CK) & #2247290 (Pfirsichbaeumchen)
x21934	belasten	CC-BY 2.0 (France) Attribution: tatoeba.org #7143191 (CK) & #12647157 (Waldelfe)
x21935	untergehen	CC-BY 2.0 (France) Attribution: tatoeba.org #1963046 (CK) & #1964181 (Pfirsichbaeumchen)
x21936	Kummer	CC-BY 2.0 (France) Attribution: tatoeba.org #54757 (CM) & #730997 (Esperantostern)
x21937	Möbel	CC-BY 2.0 (France) Attribution: tatoeba.org #251757 (CK) & #788476 (Hans_Adler)
x21938	beachten	CC-BY 2.0 (France) Attribution: tatoeba.org #6678604 (CK) & #7747285 (raggione)
x21939	Bude	CC-BY 2.0 (France) Attribution: tatoeba.org #560343 (darinmex) & #560436 (cost)
x21940	ungeheuer	CC-BY 2.0 (France) Attribution: tatoeba.org #328900 (fcbond) & #2182551 (Pfirsichbaeumchen)
x21941	Häftling	CC-BY 2.0 (France) Attribution: tatoeba.org #266261 (CM) & #12443851 (mayabe)
x21942	heiter	CC-BY 2.0 (France) Attribution: tatoeba.org #271550 (Zifre) & #367188 (Kerstin)
x21943	Zeitverschwendung	CC-BY 2.0 (France) Attribution: tatoeba.org #41633 (CK) & #406877 (MUIRIEL)
x21944	rutschen	CC-BY 2.0 (France) Attribution: tatoeba.org #303079 (CK) & #8838292 (wolfgangth)
x21945	mitgehen	CC-BY 2.0 (France) Attribution: tatoeba.org #10746450 (CK) & #13388626 (Vortarulo)
x21946	Kern	CC-BY 2.0 (France) Attribution: tatoeba.org #56311 (CK) & #911858 (Sudajaengi)
x21947	Gnade	CC-BY 2.0 (France) Attribution: tatoeba.org #1321464 (bmaynard87) & #6322163 (raggione)
x21948	Weltkrieg	CC-BY 2.0 (France) Attribution: tatoeba.org #324980 (CM) & #417038 (xtofu80)
x21949	Pirat	CC-BY 2.0 (France) Attribution: tatoeba.org #9991748 (CK) & #12312542 (Pfirsichbaeumchen)
x21950	Rückzug	CC-BY 2.0 (France) Attribution: tatoeba.org #2268156 (_undertoad) & #2290490 (Pfirsichbaeumchen)
x21951	Geste	CC-BY 2.0 (France) Attribution: tatoeba.org #2253936 (_undertoad) & #2393813 (Pfirsichbaeumchen)
x21952	erwecken	CC-BY 2.0 (France) Attribution: tatoeba.org #2044707 (CK) & #2627799 (Pfirsichbaeumchen)
x21953	verdoppeln	CC-BY 2.0 (France) Attribution: tatoeba.org #680736 (Source_VOA) & #808204 (Manfredo)
x21954	einbringen	CC-BY 2.0 (France) Attribution: tatoeba.org #56073 (CK) & #594779 (samueldora)
x21955	Reichweite	CC-BY 2.0 (France) Attribution: tatoeba.org #56598 (CM) & #2521045 (Tamy)
x21956	Statue	CC-BY 2.0 (France) Attribution: tatoeba.org #45080 (CM) & #1923837 (Tamy)
x21957	dulden	CC-BY 2.0 (France) Attribution: tatoeba.org #4375514 (CK) & #10236396 (wolfgangth)
x21958	Satellit	CC-BY 2.0 (France) Attribution: tatoeba.org #26114 (CK) & #3282639 (Pfirsichbaeumchen)
x21959	davonkommen	CC-BY 2.0 (France) Attribution: tatoeba.org #3347136 (CK) & #12543744 (Waldelfe)
x21960	abfeuern	CC-BY 2.0 (France) Attribution: tatoeba.org #8870723 (CK) & #8871204 (mramosch)
x21961	Kater	CC-BY 2.0 (France) Attribution: tatoeba.org #3341644 (Hybrid) & #3755646 (Pfirsichbaeumchen)
x21962	weiterleben	CC-BY 2.0 (France) Attribution: tatoeba.org #2954558 (CK) & #6645193 (Felixjp)
x21963	aufsuchen	CC-BY 2.0 (France) Attribution: tatoeba.org #6635522 (Eccles17) & #6640086 (raggione)
x21964	heran	CC-BY 2.0 (France) Attribution: tatoeba.org #2903876 (CK) & #975094 (Esperantostern)
x21965	Prophet	CC-BY 2.0 (France) Attribution: tatoeba.org #2794457 (CK) & #6673496 (Manfredo)
x21966	schnallen	CC-BY 2.0 (France) Attribution: tatoeba.org #53897 (CK) & #1518850 (Pfirsichbaeumchen)
x21967	Division	CC-BY 2.0 (France) Attribution: tatoeba.org #2264597 (_undertoad) & #2344891 (Pfirsichbaeumchen)
x21968	Pastor	CC-BY 2.0 (France) Attribution: tatoeba.org #11897873 (CK) & #13671532 (Naina)
x21969	Datenbank	CC-BY 2.0 (France) Attribution: tatoeba.org #12321261 (Miktsoanit) & #12337318 (brauchinet)
x21970	errichten	CC-BY 2.0 (France) Attribution: tatoeba.org #682044 (Source_VOA) & #748712 (al_ex_an_der)
x21971	Stab	CC-BY 2.0 (France) Attribution: tatoeba.org #2259108 (_undertoad) & #2357723 (Pfirsichbaeumchen)
x21972	Handtasche	CC-BY 2.0 (France) Attribution: tatoeba.org #2321291 (Hybrid) & #2324837 (Pfirsichbaeumchen)
x21973	betäuben	CC-BY 2.0 (France) Attribution: tatoeba.org #590531 (darinmex) & #11308455 (Pfirsichbaeumchen)
x21974	Samurai	CC-BY 2.0 (France) Attribution: tatoeba.org #2276567 (Hybrid) & #3604098 (Zaghawa)
x21975	exzellent	CC-BY 2.0 (France) Attribution: tatoeba.org #42313 (CK) & #531795 (Espi)
x21976	anwesend	CC-BY 2.0 (France) Attribution: tatoeba.org #9199856 (sundown) & #6867419 (raggione)
x21977	schmeicheln	CC-BY 2.0 (France) Attribution: tatoeba.org #307736 (CK) & #2400410 (Zaghawa)
x21978	entziehen	CC-BY 2.0 (France) Attribution: tatoeba.org #28577 (CK) & #1867655 (Manfredo)
x21979	Ablenkung	CC-BY 2.0 (France) Attribution: tatoeba.org #2267579 (_undertoad) & #2294140 (Pfirsichbaeumchen)
x21980	Krach	CC-BY 2.0 (France) Attribution: tatoeba.org #2707236 (daed56) & #3767536 (Pfirsichbaeumchen)
x21981	Abzug	CC-BY 2.0 (France) Attribution: tatoeba.org #45348 (CK) & #1937986 (Tamy)
x21982	aufklären	CC-BY 2.0 (France) Attribution: tatoeba.org #869393 (CM) & #1311350 (Pfirsichbaeumchen)
x21983	einreichen	CC-BY 2.0 (France) Attribution: tatoeba.org #262140 (CK) & #9584916 (Pfirsichbaeumchen)
x21984	Fahrstuhl	CC-BY 2.0 (France) Attribution: tatoeba.org #1153966 (belgavox) & #857694 (Manfredo)
x21985	März	CC-BY 2.0 (France) Attribution: tatoeba.org #2140607 (MethodGT) & #11837232 (Pfirsichbaeumchen)
x21986	dar	CC-BY 2.0 (France) Attribution: tatoeba.org #277230 (CM) & #1514629 (Pfirsichbaeumchen)
x21987	strahlen	CC-BY 2.0 (France) Attribution: tatoeba.org #887130 (CK) & #9331914 (Pfirsichbaeumchen)
x21988	Vorbild	CC-BY 2.0 (France) Attribution: tatoeba.org #314075 (CM) & #437830 (xtofu80)
x21989	beklagen	CC-BY 2.0 (France) Attribution: tatoeba.org #1951418 (CK) & #2688124 (brauchinet)
x21990	endlos	CC-BY 2.0 (France) Attribution: tatoeba.org #289437 (CM) & #2977719 (Pfirsichbaeumchen)
x21991	Republik	CC-BY 2.0 (France) Attribution: tatoeba.org #21657 (Zifre) & #437914 (MUIRIEL)
x21992	Silber	CC-BY 2.0 (France) Attribution: tatoeba.org #6622798 (CarpeLanam) & #6624258 (Pfirsichbaeumchen)
x21993	taugen	CC-BY 2.0 (France) Attribution: tatoeba.org #1251970 (CK) & #5203746 (Pfirsichbaeumchen)
x21994	verehren	CC-BY 2.0 (France) Attribution: tatoeba.org #436279 (lukaszpp) & #8861724 (mramosch)
x21995	hinzufügen	CC-BY 2.0 (France) Attribution: tatoeba.org #250812 (CK) & #845136 (MUIRIEL)
x21996	Hinsicht	CC-BY 2.0 (France) Attribution: tatoeba.org #44848 (CM) & #1912717 (Tamy)
x21997	Burger	CC-BY 2.0 (France) Attribution: tatoeba.org #7911403 (CK) & #8989295 (Luiaard)
x21998	zurücktreten	CC-BY 2.0 (France) Attribution: tatoeba.org #5006832 (AlanF_US) & #369277 (xtofu80)
x21999	Bestellung	CC-BY 2.0 (France) Attribution: tatoeba.org #24427 (CK) & #1816613 (Espi)
x22000	Anhörung	CC-BY 2.0 (France) Attribution: tatoeba.org #10136012 (CK) & #13741836 (Waldelfe)
x22001	hingehören	CC-BY 2.0 (France) Attribution: tatoeba.org #2361277 (CK) & #7327637 (Pfirsichbaeumchen)
x22002	Tumor	CC-BY 2.0 (France) Attribution: tatoeba.org #10525083 (CK) & #6144162 (mairyu)
x22003	rumhängen	CC-BY 2.0 (France) Attribution: tatoeba.org #8173949 (Hybrid) & #8237770 (MisterTrouser)
x22004	Privatsphäre	CC-BY 2.0 (France) Attribution: tatoeba.org #5508884 (CK) & #5509562 (Pfirsichbaeumchen)
x22005	kippen	CC-BY 2.0 (France) Attribution: tatoeba.org #1779967 (Spamster) & #1791737 (Pfirsichbaeumchen)
x22006	Aktie	CC-BY 2.0 (France) Attribution: tatoeba.org #295466 (CK) & #2332738 (Pfirsichbaeumchen)
x22007	reizen	CC-BY 2.0 (France) Attribution: tatoeba.org #6234445 (CK) & #12436404 (Waldelfe)
x22008	Mafia	CC-BY 2.0 (France) Attribution: tatoeba.org #1966491 (Spamster) & #3128874 (samueldora)
x22009	Welle	CC-BY 2.0 (France) Attribution: tatoeba.org #10010771 (Hybrid) & #10171370 (Pfirsichbaeumchen)
x22010	bestechen	CC-BY 2.0 (France) Attribution: tatoeba.org #1950930 (CK) & #2204695 (Manfredo)
x22011	erwürgen	CC-BY 2.0 (France) Attribution: tatoeba.org #2258485 (_undertoad) & #2369746 (Pfirsichbaeumchen)
x22012	inwiefern	CC-BY 2.0 (France) Attribution: tatoeba.org #1898370 (CK) & #1898731 (Pfirsichbaeumchen)
x22013	beneiden	CC-BY 2.0 (France) Attribution: tatoeba.org #9826241 (CK) & #12620466 (Waldelfe)
x22014	fliegend	CC-BY 2.0 (France) Attribution: tatoeba.org #18266 (CK) & #808797 (xtofu80)
x22015	zufügen	CC-BY 2.0 (France) Attribution: tatoeba.org #3649980 (Hybrid) & #6005575 (Pfirsichbaeumchen)
x22016	Begegnung	CC-BY 2.0 (France) Attribution: tatoeba.org #1504235 (CK) & #1691509 (Pfirsichbaeumchen)
x22017	entwischen	CC-BY 2.0 (France) Attribution: tatoeba.org #1324157 (Scott) & #1340581 (al_ex_an_der)
x22018	großziehen	CC-BY 2.0 (France) Attribution: tatoeba.org #1954720 (CK) & #1967550 (Pfirsichbaeumchen)
x22019	schleppen	CC-BY 2.0 (France) Attribution: tatoeba.org #802620 (Source_VOA) & #2133387 (Pfirsichbaeumchen)
x22020	hervorragend	CC-BY 2.0 (France) Attribution: tatoeba.org #662594 (bluepie88) & #402297 (xtofu80)
x22021	zurückbekommen	CC-BY 2.0 (France) Attribution: tatoeba.org #259998 (CK) & #1420880 (Vortarulo)
x22022	Verhör	CC-BY 2.0 (France) Attribution: tatoeba.org #8576847 (CK) & #13501614 (Waldelfe)
x22023	vorgeben	CC-BY 2.0 (France) Attribution: tatoeba.org #8204472 (CK) & #8205567 (brauchinet)
x22024	Haftbefehl	CC-BY 2.0 (France) Attribution: tatoeba.org #1898163 (CK) & #1903325 (Pfirsichbaeumchen)
x22025	verarbeiten	CC-BY 2.0 (France) Attribution: tatoeba.org #1893878 (CK) & #1894083 (Pfirsichbaeumchen)
x22026	Status	CC-BY 2.0 (France) Attribution: tatoeba.org #13247805 (Lumi) & #13309150 (Waldelfe)
x22027	Masse	CC-BY 2.0 (France) Attribution: tatoeba.org #25912 (CK) & #5231003 (Pfirsichbaeumchen)
x22028	Papierkram	CC-BY 2.0 (France) Attribution: tatoeba.org #12994687 (CK) & #12995311 (Waldelfe)
x22029	Butler	CC-BY 2.0 (France) Attribution: tatoeba.org #3735695 (CK) & #3783898 (Tlustulimu)
x22030	auftreiben	CC-BY 2.0 (France) Attribution: tatoeba.org #2537714 (CK) & #5328469 (Pfirsichbaeumchen)
x22031	Unterhose	CC-BY 2.0 (France) Attribution: tatoeba.org #10047867 (ddnktr) & #1041818 (Esperantostern)
x22032	reiben	CC-BY 2.0 (France) Attribution: tatoeba.org #10782154 (sundown) & #772566 (jakov)
x22033	Autorität	CC-BY 2.0 (France) Attribution: tatoeba.org #2681934 (CM) & #4095409 (Pfirsichbaeumchen)
x22034	Zutritt	CC-BY 2.0 (France) Attribution: tatoeba.org #38411 (CM) & #1735183 (Pfirsichbaeumchen)
x22035	meiden	CC-BY 2.0 (France) Attribution: tatoeba.org #1845489 (CK) & #1846488 (Pfirsichbaeumchen)
x22036	unterer	CC-BY 2.0 (France) Attribution: tatoeba.org #2255683 (_undertoad) & #2379763 (Pfirsichbaeumchen)
x22037	Winkel	CC-BY 2.0 (France) Attribution: tatoeba.org #72301 (CM) & #344863 (MUIRIEL)
x22038	Jahrzehnt	CC-BY 2.0 (France) Attribution: tatoeba.org #10159692 (shekitten) & #10160572 (Pfirsichbaeumchen)
x22039	außerirdisch	CC-BY 2.0 (France) Attribution: tatoeba.org #1325251 (Scott) & #1325261 (Vortarulo)
x22040	Italiener	CC-BY 2.0 (France) Attribution: tatoeba.org #33597 (CK) & #784522 (Hans_Adler)
x22041	Sprengstoff	CC-BY 2.0 (France) Attribution: tatoeba.org #4241401 (Hybrid) & #7454960 (Pfirsichbaeumchen)
x22042	stärken	CC-BY 2.0 (France) Attribution: tatoeba.org #3643395 (Hybrid) & #3643398 (Pfirsichbaeumchen)
x22043	beerdigen	CC-BY 2.0 (France) Attribution: tatoeba.org #310105 (CK) & #361856 (Wolf)
x22044	einhalten	CC-BY 2.0 (France) Attribution: tatoeba.org #2325788 (CK) & #2325918 (Pfirsichbaeumchen)
x22045	mitbekommen	CC-BY 2.0 (France) Attribution: tatoeba.org #2275851 (CK) & #3112390 (al_ex_an_der)
x22046	isolieren	CC-BY 2.0 (France) Attribution: tatoeba.org #7155937 (CK) & #7154300 (Luiaard)
x22047	ähneln	CC-BY 2.0 (France) Attribution: tatoeba.org #3825225 (CK) & #3825242 (futuro)
x22048	verachten	CC-BY 2.0 (France) Attribution: tatoeba.org #1256700 (CK) & #3066538 (Pfirsichbaeumchen)
x22049	Diagnose	CC-BY 2.0 (France) Attribution: tatoeba.org #2234107 (CK) & #4802664 (Raringo)
x22050	physisch	CC-BY 2.0 (France) Attribution: tatoeba.org #1676645 (Spamster) & #1695612 (al_ex_an_der)
x22051	Eigenschaft	CC-BY 2.0 (France) Attribution: tatoeba.org #2163122 (Source_VOA) & #2164508 (Espi)
x22052	Fee	CC-BY 2.0 (France) Attribution: tatoeba.org #317331 (CK) & #1553745 (samueldora)
x22053	Angesicht	CC-BY 2.0 (France) Attribution: tatoeba.org #2268610 (_undertoad) & #2290102 (Pfirsichbaeumchen)
x22054	überwältigen	CC-BY 2.0 (France) Attribution: tatoeba.org #2364864 (niceguydave) & #2201636 (Esperantostern)
x22055	Niederlage	CC-BY 2.0 (France) Attribution: tatoeba.org #10645146 (sundown) & #3064018 (freddy1)
x22056	Summer	CC-BY 2.0 (France) Attribution: tatoeba.org #34361 (CK) & #675402 (Pfirsichbaeumchen)
x22057	hüpfen	CC-BY 2.0 (France) Attribution: tatoeba.org #1797672 (Spamster) & #1797676 (Esperantostern)
x22058	Kolonie	CC-BY 2.0 (France) Attribution: tatoeba.org #1566551 (CK) & #2878951 (Pfirsichbaeumchen)
x22059	mexikanisch	CC-BY 2.0 (France) Attribution: tatoeba.org #13239717 (Lumi) & #13240035 (Waldelfe)
x22060	Entdeckung	CC-BY 2.0 (France) Attribution: tatoeba.org #23983 (CK) & #2853136 (al_ex_an_der)
x22061	sehnen	CC-BY 2.0 (France) Attribution: tatoeba.org #263268 (CM) & #353323 (MUIRIEL)
x22062	Wärter	CC-BY 2.0 (France) Attribution: tatoeba.org #3384922 (CK) & #3384925 (Manfredo)
x22063	Werft	CC-BY 2.0 (France) Attribution: tatoeba.org #1702765 (Spamster) & #1702768 (al_ex_an_der)
x22064	Beförderung	CC-BY 2.0 (France) Attribution: tatoeba.org #22379 (CK) & #363274 (Wolf)
x22065	Gans	CC-BY 2.0 (France) Attribution: tatoeba.org #9530311 (sundown) & #9530312 (Pfirsichbaeumchen)
x22066	Weltraum	CC-BY 2.0 (France) Attribution: tatoeba.org #2707463 (Hybrid) & #2707640 (Pfirsichbaeumchen)
x22067	Wachmann	CC-BY 2.0 (France) Attribution: tatoeba.org #9975325 (ddnktr) & #12283035 (Pfirsichbaeumchen)
x22068	Anschuldigung	CC-BY 2.0 (France) Attribution: tatoeba.org #290764 (CK) & #601438 (BraveSentry)
x22069	Schmetterling	CC-BY 2.0 (France) Attribution: tatoeba.org #60274 (CK) & #714664 (Pfirsichbaeumchen)
x22070	wegbringen	CC-BY 2.0 (France) Attribution: tatoeba.org #3312380 (CK) & #12258157 (Naina)
x22071	nachkommen	CC-BY 2.0 (France) Attribution: tatoeba.org #264416 (CM) & #1383489 (al_ex_an_der)
x22072	Einsamkeit	CC-BY 2.0 (France) Attribution: tatoeba.org #10794448 (CK) & #12567773 (Waldelfe)
x22073	verfehlen	CC-BY 2.0 (France) Attribution: tatoeba.org #52103 (CK) & #1314909 (Pfirsichbaeumchen)
x22074	beiseite	CC-BY 2.0 (France) Attribution: tatoeba.org #326584 (CK) & #732390 (xtofu80)
x22075	erlangen	CC-BY 2.0 (France) Attribution: tatoeba.org #682385 (Source_VOA) & #689630 (Pfirsichbaeumchen)
x22076	weitergeben	CC-BY 2.0 (France) Attribution: tatoeba.org #1638120 (al_ex_an_der) & #1638121 (al_ex_an_der)
x22077	Sammlung	CC-BY 2.0 (France) Attribution: tatoeba.org #10584999 (sundown) & #6313806 (Pfirsichbaeumchen)
x22078	Kaninchen	CC-BY 2.0 (France) Attribution: tatoeba.org #2117 (Zifre) & #908 (MUIRIEL)
x22079	Erpressung	CC-BY 2.0 (France) Attribution: tatoeba.org #2906759 (Hybrid) & #12623961 (Yorwba)
x22080	neigen	CC-BY 2.0 (France) Attribution: tatoeba.org #23152 (CK) & #1037308 (Sudajaengi)
x22081	loslegen	CC-BY 2.0 (France) Attribution: tatoeba.org #2549211 (CK) & #4525492 (Zaghawa)
x22082	aufführen	CC-BY 2.0 (France) Attribution: tatoeba.org #2512954 (CK) & #2513115 (raggione)
x22083	zusammenbrechen	CC-BY 2.0 (France) Attribution: tatoeba.org #2891585 (CK) & #3109718 (Manfredo)
x22084	moralisch	CC-BY 2.0 (France) Attribution: tatoeba.org #1545331 (Spamster) & #1863998 (Tamy)
x22085	intern	CC-BY 2.0 (France) Attribution: tatoeba.org #2268942 (_undertoad) & #2289499 (Pfirsichbaeumchen)
x22086	Haltung	CC-BY 2.0 (France) Attribution: tatoeba.org #239240 (CM) & #12102129 (Naina)
x22087	Ruhestand	CC-BY 2.0 (France) Attribution: tatoeba.org #256122 (CK) & #2835927 (Pfirsichbaeumchen)
x22088	Henker	CC-BY 2.0 (France) Attribution: tatoeba.org #12108891 (CK) & #12926143 (Waldelfe)
x22089	hüllen	CC-BY 2.0 (France) Attribution: tatoeba.org #317169 (CK) & #12435886 (mayabe)
x22090	Schurke	CC-BY 2.0 (France) Attribution: tatoeba.org #8505638 (CK) & #12337537 (Yorwba)
x22091	Erwartung	CC-BY 2.0 (France) Attribution: tatoeba.org #1762708 (al_ex_an_der) & #1763018 (Esperantostern)
x22092	auslassen	CC-BY 2.0 (France) Attribution: tatoeba.org #3199055 (CK) & #6162684 (Pfirsichbaeumchen)
x22093	spontan	CC-BY 2.0 (France) Attribution: tatoeba.org #27019 (CK) & #3672391 (Tamy)
x22094	bewerben	CC-BY 2.0 (France) Attribution: tatoeba.org #1936566 (CK) & #2226935 (Pfirsichbaeumchen)
x22095	Geschrei	CC-BY 2.0 (France) Attribution: tatoeba.org #7976606 (CK) & #7978542 (Pfirsichbaeumchen)
x22096	Resultat	CC-BY 2.0 (France) Attribution: tatoeba.org #238588 (CM) & #784364 (Hans_Adler)
x22097	herausstellen	CC-BY 2.0 (France) Attribution: tatoeba.org #246863 (CK) & #657347 (al_ex_an_der)
x22098	bedürfen	CC-BY 2.0 (France) Attribution: tatoeba.org #1893865 (CK) & #1894103 (Pfirsichbaeumchen)
x22099	benachrichtigen	CC-BY 2.0 (France) Attribution: tatoeba.org #8192348 (CK) & #12552606 (Waldelfe)
x22100	Fell	CC-BY 2.0 (France) Attribution: tatoeba.org #693378 (darinmex) & #784892 (Pfirsichbaeumchen)
x22101	anpassen	CC-BY 2.0 (France) Attribution: tatoeba.org #4530043 (CK) & #11357108 (mayabe)
x22102	herumlaufen	CC-BY 2.0 (France) Attribution: tatoeba.org #1955126 (CK) & #1955599 (Pfirsichbaeumchen)
x22103	Klub	CC-BY 2.0 (France) Attribution: tatoeba.org #681625 (Source_VOA) & #764999 (al_ex_an_der)
x22104	Beleidigung	CC-BY 2.0 (France) Attribution: tatoeba.org #2304799 (Hybrid) & #2304808 (Pfirsichbaeumchen)
x22105	Ballon	CC-BY 2.0 (France) Attribution: tatoeba.org #20340 (CK) & #1695007 (Pfirsichbaeumchen)
x22106	Charme	CC-BY 2.0 (France) Attribution: tatoeba.org #10674341 (sundown) & #3971937 (Dani6187)
x22107	Fahne	CC-BY 2.0 (France) Attribution: tatoeba.org #12652286 (rul) & #12652452 (Pfirsichbaeumchen)
x22108	wimmern	CC-BY 2.0 (France) Attribution: tatoeba.org #3733870 (CK) & #7281146 (Yorwba)
x22109	Sanitäter	CC-BY 2.0 (France) Attribution: tatoeba.org #5853149 (CK) & #8361652 (Luiaard)
x22110	überraschend	CC-BY 2.0 (France) Attribution: tatoeba.org #7198389 (CK) & #13390602 (Vortarulo)
x22111	Disziplin	CC-BY 2.0 (France) Attribution: tatoeba.org #284768 (CM) & #8861713 (mramosch)
x22112	Yard	CC-BY 2.0 (France) Attribution: tatoeba.org #8439849 (CK) & #12170752 (Pfirsichbaeumchen)
x22113	ohnehin	CC-BY 2.0 (France) Attribution: tatoeba.org #11931195 (CK) & #12896249 (Waldelfe)
x22114	Befragung	CC-BY 2.0 (France) Attribution: tatoeba.org #1635849 (Spamster) & #2256054 (Pfirsichbaeumchen)
x22115	erraten	CC-BY 2.0 (France) Attribution: tatoeba.org #6343234 (CK) & #13028630 (Waldelfe)
x22116	umdrehen	CC-BY 2.0 (France) Attribution: tatoeba.org #11746124 (CK) & #12631100 (Waldelfe)
x22117	Profit	CC-BY 2.0 (France) Attribution: tatoeba.org #288887 (CK) & #7918676 (raggione)
x22118	heimkommen	CC-BY 2.0 (France) Attribution: tatoeba.org #3390692 (CK) & #3390799 (Pfirsichbaeumchen)
x22119	Pfote	CC-BY 2.0 (France) Attribution: tatoeba.org #1860653 (CK) & #2509718 (Zaghawa)
x22120	Frost	CC-BY 2.0 (France) Attribution: tatoeba.org #955152 (CM) & #3110800 (freddy1)
x22121	Formel	CC-BY 2.0 (France) Attribution: tatoeba.org #2126 (jakov) & #606226 (virgil)
x22122	knarren	CC-BY 2.0 (France) Attribution: tatoeba.org #1733809 (darinmex) & #1734682 (Pfirsichbaeumchen)
x22123	Transporter	CC-BY 2.0 (France) Attribution: tatoeba.org #3831123 (CK) & #3949633 (Kuraimegami)
x22124	Aufenthalt	CC-BY 2.0 (France) Attribution: tatoeba.org #3185346 (CK) & #3399718 (Pfirsichbaeumchen)
x22125	Austausch	CC-BY 2.0 (France) Attribution: tatoeba.org #328618 (fcbond) & #4366742 (pullnosemans)
x22126	demütigen	CC-BY 2.0 (France) Attribution: tatoeba.org #5361795 (Hybrid) & #6055577 (raggione)
x22127	Genick	CC-BY 2.0 (France) Attribution: tatoeba.org #8741998 (deniko) & #10000634 (wolfgangth)
x22128	jucken	CC-BY 2.0 (France) Attribution: tatoeba.org #11873923 (CK) & #13265691 (Waldelfe)
x22129	flippen	CC-BY 2.0 (France) Attribution: tatoeba.org #7548265 (Hybrid) & #11491548 (Pfirsichbaeumchen)
x22130	derzeit	CC-BY 2.0 (France) Attribution: tatoeba.org #12127055 (sundown) & #3393414 (al_ex_an_der)
x22131	wickeln	CC-BY 2.0 (France) Attribution: tatoeba.org #387464 (CK) & #725045 (Esperantostern)
x22132	gedenken	CC-BY 2.0 (France) Attribution: tatoeba.org #9607107 (CK) & #9607113 (Pfirsichbaeumchen)
x22133	erschlagen	CC-BY 2.0 (France) Attribution: tatoeba.org #2333019 (Gulliver) & #3323822 (Pfirsichbaeumchen)
x22134	Flüchtling	CC-BY 2.0 (France) Attribution: tatoeba.org #681981 (Source_VOA) & #753988 (al_ex_an_der)
x22135	Sicherheitsdienst	CC-BY 2.0 (France) Attribution: tatoeba.org #2245634 (CK) & #7483591 (raggione)
x22136	vollbringen	CC-BY 2.0 (France) Attribution: tatoeba.org #5726008 (CM) & #12448893 (Waldelfe)
x22137	Rollstuhl	CC-BY 2.0 (France) Attribution: tatoeba.org #2276133 (CK) & #2812962 (Pfirsichbaeumchen)
x22138	Januar	CC-BY 2.0 (France) Attribution: tatoeba.org #27821 (CK) & #1550073 (Pfirsichbaeumchen)
x22139	Eifersucht	CC-BY 2.0 (France) Attribution: tatoeba.org #261229 (CM) & #372776 (xtofu80)
x22140	Vizepräsident	CC-BY 2.0 (France) Attribution: tatoeba.org #319816 (Eldad) & #405702 (xtofu80)
x22141	Kürze	CC-BY 2.0 (France) Attribution: tatoeba.org #20962 (Ooneykcall) & #522530 (samueldora)
x22142	verbannen	CC-BY 2.0 (France) Attribution: tatoeba.org #290585 (CM) & #1107008 (jast)
x22143	Empfehlung	CC-BY 2.0 (France) Attribution: tatoeba.org #1816624 (pne) & #1760245 (al_ex_an_der)
x22144	Erdbeben	CC-BY 2.0 (France) Attribution: tatoeba.org #244366 (CK) & #1286206 (Hans_Adler)
x22145	Lagerhaus	CC-BY 2.0 (France) Attribution: tatoeba.org #300818 (CM) & #522284 (xtofu80)
x22146	fehlend	CC-BY 2.0 (France) Attribution: tatoeba.org #322771 (CM) & #1308701 (Pfirsichbaeumchen)
x22147	runterkommen	CC-BY 2.0 (France) Attribution: tatoeba.org #2247705 (CK) & #6643545 (Felixjp)
x22148	zauberhaft	CC-BY 2.0 (France) Attribution: tatoeba.org #12134224 (CK) & #12299071 (Pfirsichbaeumchen)
x22149	taufen	CC-BY 2.0 (France) Attribution: tatoeba.org #312310 (CM) & #411155 (MUIRIEL)
x22150	Wange	CC-BY 2.0 (France) Attribution: tatoeba.org #8066766 (CK) & #10390680 (machacrazy)
x22151	Prophezeiung	CC-BY 2.0 (France) Attribution: tatoeba.org #1720964 (CM) & #4720339 (bonny37)
x22152	zerreißen	CC-BY 2.0 (France) Attribution: tatoeba.org #6020454 (mailohilohi) & #6081533 (raggione)
x22153	ergehen	CC-BY 2.0 (France) Attribution: tatoeba.org #7264436 (Hybrid) & #7272972 (Pfirsichbaeumchen)
x22154	dringen	CC-BY 2.0 (France) Attribution: tatoeba.org #2254233 (_undertoad) & #2393772 (Pfirsichbaeumchen)
x22155	Gefecht	CC-BY 2.0 (France) Attribution: tatoeba.org #5737916 (CM) & #12432465 (Yorwba)
x22156	rausbringen	CC-BY 2.0 (France) Attribution: tatoeba.org #6903516 (CK) & #6904070 (brauchinet)
x22157	Sonnenaufgang	CC-BY 2.0 (France) Attribution: tatoeba.org #10751477 (CK) & #12334847 (Pfirsichbaeumchen)
x22158	stehenbleiben	CC-BY 2.0 (France) Attribution: tatoeba.org #12180756 (sundown) & #1985533 (Alois)
x22159	verständigen	CC-BY 2.0 (France) Attribution: tatoeba.org #28173 (CK) & #2074804 (Pfirsichbaeumchen)
x22160	Spitzname	CC-BY 2.0 (France) Attribution: tatoeba.org #2644189 (CK) & #7813899 (tiuwiu)
x22161	Lebensmittel	CC-BY 2.0 (France) Attribution: tatoeba.org #689851 (ulyssemc1) & #709804 (Esperantostern)
x22162	umkehren	CC-BY 2.0 (France) Attribution: tatoeba.org #9509793 (sundown) & #10654118 (Pfirsichbaeumchen)
x22163	Gleichgewicht	CC-BY 2.0 (France) Attribution: tatoeba.org #264465 (CM) & #438647 (xtofu80)
x22164	Tresor	CC-BY 2.0 (France) Attribution: tatoeba.org #18546 (breadandroses89) & #6138662 (raggione)
x22165	blamieren	CC-BY 2.0 (France) Attribution: tatoeba.org #6946923 (Hybrid) & #7025221 (Pfirsichbaeumchen)
x22166	bohren	CC-BY 2.0 (France) Attribution: tatoeba.org #306433 (CK) & #770584 (samueldora)
x22167	angehören	CC-BY 2.0 (France) Attribution: tatoeba.org #49426 (CK) & #8746739 (Yorwba)
x22168	Donut	CC-BY 2.0 (France) Attribution: tatoeba.org #3736814 (CK) & #13575486 (Vortarulo)
x22169	Gespenst	CC-BY 2.0 (France) Attribution: tatoeba.org #261766 (CK) & #594884 (cost)
x22170	Kongress	CC-BY 2.0 (France) Attribution: tatoeba.org #1478773 (CM) & #1478779 (Pfirsichbaeumchen)
x22171	kauen	CC-BY 2.0 (France) Attribution: tatoeba.org #5053134 (dancor) & #5051967 (brauchinet)
x22172	chemisch	CC-BY 2.0 (France) Attribution: tatoeba.org #270775 (CK) & #2698698 (Pfirsichbaeumchen)
x22173	Depression	CC-BY 2.0 (France) Attribution: tatoeba.org #48569 (CK) & #3813128 (Tickler)
x22174	Eindringling	CC-BY 2.0 (France) Attribution: tatoeba.org #239117 (CK) & #2465485 (Zaghawa)
x22175	durchstehen	CC-BY 2.0 (France) Attribution: tatoeba.org #1893930 (CK) & #1893969 (Pfirsichbaeumchen)
x22176	anschreien	CC-BY 2.0 (France) Attribution: tatoeba.org #2028654 (CK) & #2146808 (Lars224)
x22177	Handgelenk	CC-BY 2.0 (France) Attribution: tatoeba.org #2829796 (Hybrid) & #2836022 (Pfirsichbaeumchen)
x22178	Privatleben	CC-BY 2.0 (France) Attribution: tatoeba.org #1866533 (al_ex_an_der) & #1866499 (al_ex_an_der)
x22179	reichlich	CC-BY 2.0 (France) Attribution: tatoeba.org #8946860 (sundown) & #8633633 (Melang)
x22180	Helikopter	CC-BY 2.0 (France) Attribution: tatoeba.org #2063062 (CK) & #2063157 (Tamy)
x22181	profitieren	CC-BY 2.0 (France) Attribution: tatoeba.org #57136 (CK) & #1500227 (Pfirsichbaeumchen)
x22182	Hahn	CC-BY 2.0 (France) Attribution: tatoeba.org #6796835 (CK) & #13396296 (Waldelfe)
x22183	Folter	CC-BY 2.0 (France) Attribution: tatoeba.org #5271531 (Hybrid) & #5272812 (Pfirsichbaeumchen)
x22184	Speck	CC-BY 2.0 (France) Attribution: tatoeba.org #8824243 (CK) & #8824320 (mramosch)
x22185	erben	CC-BY 2.0 (France) Attribution: tatoeba.org #8902218 (CK) & #8904718 (Pfirsichbaeumchen)
x22186	definieren	CC-BY 2.0 (France) Attribution: tatoeba.org #278455 (CK) & #2897178 (Manfredo)
x22187	wiederhaben	CC-BY 2.0 (France) Attribution: tatoeba.org #1951816 (CK) & #1952786 (Pfirsichbaeumchen)
x22188	örtlich	CC-BY 2.0 (France) Attribution: tatoeba.org #680577 (Source_VOA) & #774990 (Esperantostern)
x22189	mehrmals	CC-BY 2.0 (France) Attribution: tatoeba.org #5343932 (CK) & #5346355 (Pfirsichbaeumchen)
x22190	Anwesen	CC-BY 2.0 (France) Attribution: tatoeba.org #301793 (CK) & #1513308 (Pfirsichbaeumchen)
x22191	Gasse	CC-BY 2.0 (France) Attribution: tatoeba.org #5688287 (CK) & #5688295 (Pfirsichbaeumchen)
x22192	widersetzen	CC-BY 2.0 (France) Attribution: tatoeba.org #1849382 (CK) & #1851557 (Pfirsichbaeumchen)
x22193	frustrieren	CC-BY 2.0 (France) Attribution: tatoeba.org #723668 (ismailzali) & #8861743 (mramosch)
x22194	nachgehen	CC-BY 2.0 (France) Attribution: tatoeba.org #456489 (lukaszpp) & #819665 (Manfredo)
x22195	versenken	CC-BY 2.0 (France) Attribution: tatoeba.org #12381108 (ddnktr) & #12381214 (Pfirsichbaeumchen)
x22196	Zuneigung	CC-BY 2.0 (France) Attribution: tatoeba.org #2038321 (Spamster) & #2054649 (Pfirsichbaeumchen)
x22197	hetzen	CC-BY 2.0 (France) Attribution: tatoeba.org #8456129 (CK) & #8745401 (Yorwba)
x22198	Dosis	CC-BY 2.0 (France) Attribution: tatoeba.org #821417 (darinmex) & #1072902 (MUIRIEL)
x22199	faszinieren	CC-BY 2.0 (France) Attribution: tatoeba.org #1126517 (CM) & #8861765 (mramosch)
x22200	somit	CC-BY 2.0 (France) Attribution: tatoeba.org #1898251 (CK) & #4961988 (Zaghawa)
x22201	Versuchung	CC-BY 2.0 (France) Attribution: tatoeba.org #1651360 (Dejo) & #1651366 (Pfirsichbaeumchen)
x22202	Überrest	CC-BY 2.0 (France) Attribution: tatoeba.org #569049 (darinmex) & #12852837 (Yorwba)
x22203	erbarmen	CC-BY 2.0 (France) Attribution: tatoeba.org #266308 (CM) & #3799928 (raggione)
x22204	Finsternis	CC-BY 2.0 (France) Attribution: tatoeba.org #953097 (CK) & #955089 (MUIRIEL)
x22205	überdenken	CC-BY 2.0 (France) Attribution: tatoeba.org #2026422 (CK) & #3006818 (raggione)
x22206	Insekt	CC-BY 2.0 (France) Attribution: tatoeba.org #257645 (Dejo) & #3086206 (Pfirsichbaeumchen)
x22207	hinauf	CC-BY 2.0 (France) Attribution: tatoeba.org #8868065 (CK) & #8871624 (mramosch)
x22208	Autogramm	CC-BY 2.0 (France) Attribution: tatoeba.org #430483 (blay_paul) & #7854972 (raggione)
x22209	unverschämt	CC-BY 2.0 (France) Attribution: tatoeba.org #10287395 (CK) & #758994 (Pfirsichbaeumchen)
x22210	armselig	CC-BY 2.0 (France) Attribution: tatoeba.org #2713572 (CK) & #2930533 (Pfirsichbaeumchen)
x22211	deprimieren	CC-BY 2.0 (France) Attribution: tatoeba.org #1445396 (CK) & #1466793 (Espi)
x22212	veranlassen	CC-BY 2.0 (France) Attribution: tatoeba.org #40484 (Masa) & #3034114 (pne)
x22213	äußern	CC-BY 2.0 (France) Attribution: tatoeba.org #243196 (CM) & #5303166 (Sudajaengi)
x22214	verwöhnen	CC-BY 2.0 (France) Attribution: tatoeba.org #2011666 (CK) & #12402673 (Yorwba)
x22215	unterdrücken	CC-BY 2.0 (France) Attribution: tatoeba.org #2703353 (WestofEden) & #9000242 (wolfgangth)
x22216	Tänzerin	CC-BY 2.0 (France) Attribution: tatoeba.org #311580 (CK) & #476772 (Ullalia)
x22217	Begleitung	CC-BY 2.0 (France) Attribution: tatoeba.org #296810 (CK) & #1916364 (Tamy)
x22218	kreuzen	CC-BY 2.0 (France) Attribution: tatoeba.org #659526 (CK) & #1765573 (Zaghawa)
x22219	Echo	CC-BY 2.0 (France) Attribution: tatoeba.org #247590 (CK) & #731218 (Manfredo)
x22220	verklagen	CC-BY 2.0 (France) Attribution: tatoeba.org #237678 (CK) & #438704 (xtofu80)
x22221	streicheln	CC-BY 2.0 (France) Attribution: tatoeba.org #10137430 (Lebensfreude) & #10138694 (Pfirsichbaeumchen)
x22222	belohnen	CC-BY 2.0 (France) Attribution: tatoeba.org #22379 (CK) & #363274 (Wolf)
x22223	Knöchel	CC-BY 2.0 (France) Attribution: tatoeba.org #254022 (CK) & #795553 (BraveSentry)
x22224	grinsen	CC-BY 2.0 (France) Attribution: tatoeba.org #2245007 (CK) & #13359750 (Waldelfe)
x22225	psychisch	CC-BY 2.0 (France) Attribution: tatoeba.org #270200 (CK) & #1925679 (Tamy)
x22226	Februar	CC-BY 2.0 (France) Attribution: tatoeba.org #5649188 (Hybrid) & #8105523 (Pfirsichbaeumchen)
x22227	hinsehen	CC-BY 2.0 (France) Attribution: tatoeba.org #2011551 (CK) & #8491131 (driini)
x22228	erforschen	CC-BY 2.0 (France) Attribution: tatoeba.org #288796 (CK) & #2022204 (Zaghawa)
x22229	schiefgehen	CC-BY 2.0 (France) Attribution: tatoeba.org #5743783 (Hybrid) & #5880062 (Pfirsichbaeumchen)
x22230	Fälschung	CC-BY 2.0 (France) Attribution: tatoeba.org #2267813 (_undertoad) & #2292911 (Pfirsichbaeumchen)
x22231	schnüffeln	CC-BY 2.0 (France) Attribution: tatoeba.org #3820750 (CK) & #4942945 (Hans_Adler)
x22232	wiederherstellen	CC-BY 2.0 (France) Attribution: tatoeba.org #2645477 (CK) & #8947427 (Tamy)
x22233	rausgehen	CC-BY 2.0 (France) Attribution: tatoeba.org #11444294 (sundown) & #386322 (SeeVogel)
x22234	Dimension	CC-BY 2.0 (France) Attribution: tatoeba.org #50484 (CM) & #2482230 (Zaghawa)
x22235	Hintertür	CC-BY 2.0 (France) Attribution: tatoeba.org #7727754 (CK) & #7728430 (brauchinet)
x22236	Ausbruch	CC-BY 2.0 (France) Attribution: tatoeba.org #8893545 (CK) & #8898276 (mramosch)
x22237	bereden	CC-BY 2.0 (France) Attribution: tatoeba.org #2360360 (CK) & #2500329 (brauchinet)
x22238	einlegen	CC-BY 2.0 (France) Attribution: tatoeba.org #2977928 (Hybrid) & #2978559 (freddy1)
x22239	Astronaut	CC-BY 2.0 (France) Attribution: tatoeba.org #680976 (Source_VOA) & #8920748 (tarob)
x22240	übertreffen	CC-BY 2.0 (France) Attribution: tatoeba.org #2259689 (_undertoad) & #2351795 (Pfirsichbaeumchen)
x22241	stundenlang	CC-BY 2.0 (France) Attribution: tatoeba.org #3030921 (Hybrid) & #3031140 (Pfirsichbaeumchen)
x22242	kindisch	CC-BY 2.0 (France) Attribution: tatoeba.org #1402581 (CK) & #1813509 (Pfirsichbaeumchen)
x22243	hüten	CC-BY 2.0 (France) Attribution: tatoeba.org #8893576 (CK) & #12808486 (Waldelfe)
x22244	beugen	CC-BY 2.0 (France) Attribution: tatoeba.org #5127333 (Barra) & #7480850 (driini)
x22245	Mordfall	CC-BY 2.0 (France) Attribution: tatoeba.org #296972 (CK) & #448932 (xtofu80)
x22246	aufsteigen	CC-BY 2.0 (France) Attribution: tatoeba.org #558488 (darinmex) & #3196444 (Pfirsichbaeumchen)
x22247	Nachtisch	CC-BY 2.0 (France) Attribution: tatoeba.org #10119818 (sundown) & #7465809 (Pfirsichbaeumchen)
x22248	Revolver	CC-BY 2.0 (France) Attribution: tatoeba.org #11943506 (CK) & #12599259 (Waldelfe)
x22249	Gebet	CC-BY 2.0 (France) Attribution: tatoeba.org #10018555 (Nylez) & #13646098 (Naina)
x22250	gestalten	CC-BY 2.0 (France) Attribution: tatoeba.org #8469542 (Hybrid) & #10125255 (Pfirsichbaeumchen)
x22251	überaus	CC-BY 2.0 (France) Attribution: tatoeba.org #3524977 (Hybrid) & #7022313 (Pfirsichbaeumchen)
x22252	Armband	CC-BY 2.0 (France) Attribution: tatoeba.org #5856488 (Hybrid) & #7216351 (Pfirsichbaeumchen)
x22253	Dolch	CC-BY 2.0 (France) Attribution: tatoeba.org #2259303 (_undertoad) & #2352110 (Pfirsichbaeumchen)
x22254	aufteilen	CC-BY 2.0 (France) Attribution: tatoeba.org #2820843 (sharptoothed) & #13193355 (Vortarulo)
x22255	Weste	CC-BY 2.0 (France) Attribution: tatoeba.org #2038634 (chubbard) & #1699373 (Esperantostern)
x22256	Outfit	CC-BY 2.0 (France) Attribution: tatoeba.org #3123470 (CK) & #8667116 (Melang)
x22257	Schnecke	CC-BY 2.0 (France) Attribution: tatoeba.org #10371179 (Silja) & #10370956 (sakslane)
x22258	murmeln	CC-BY 2.0 (France) Attribution: tatoeba.org #12065308 (CK) & #12488211 (Waldelfe)
x22259	eliminieren	CC-BY 2.0 (France) Attribution: tatoeba.org #493765 (darinmex) & #392424 (xtofu80)
x22260	schmieren	CC-BY 2.0 (France) Attribution: tatoeba.org #292464 (CK) & #788355 (jakov)
x22261	hegen	CC-BY 2.0 (France) Attribution: tatoeba.org #295653 (CK) & #8835044 (wolfgangth)
x22262	Kinderspiel	CC-BY 2.0 (France) Attribution: tatoeba.org #1987953 (FlamingTofu) & #1987962 (Pfirsichbaeumchen)
x22263	Funktion	CC-BY 2.0 (France) Attribution: tatoeba.org #12455154 (CK) & #12455756 (Waldelfe)
x22264	hervor	CC-BY 2.0 (France) Attribution: tatoeba.org #2639631 (CK) & #2771771 (Pfirsichbaeumchen)
x22265	Welpe	CC-BY 2.0 (France) Attribution: tatoeba.org #9124941 (CK) & #9126485 (Pfirsichbaeumchen)
x22266	Bezahlung	CC-BY 2.0 (France) Attribution: tatoeba.org #802458 (Source_VOA) & #2664116 (Zaghawa)
x22267	Päckchen	CC-BY 2.0 (France) Attribution: tatoeba.org #46498 (CK) & #1447419 (Manfredo)
x22268	Ohrring	CC-BY 2.0 (France) Attribution: tatoeba.org #3473788 (CK) & #3474464 (Pfirsichbaeumchen)
x22269	unterbringen	CC-BY 2.0 (France) Attribution: tatoeba.org #243309 (CK) & #8389989 (Yorwba)
x22270	beruhen	CC-BY 2.0 (France) Attribution: tatoeba.org #46128 (CM) & #2518587 (Tamy)
x22271	lagern	CC-BY 2.0 (France) Attribution: tatoeba.org #699981 (darinmex) & #712948 (Esperantostern)
x22272	angucken	CC-BY 2.0 (France) Attribution: tatoeba.org #2648138 (CK) & #13095125 (Vortarulo)
x22273	einzigartig	CC-BY 2.0 (France) Attribution: tatoeba.org #681504 (Source_VOA) & #772872 (al_ex_an_der)
x22274	Gin	CC-BY 2.0 (France) Attribution: tatoeba.org #52483 (CK) & #819169 (Zaghawa)
x22275	Gestalt	CC-BY 2.0 (France) Attribution: tatoeba.org #259397 (CK) & #1567190 (Espi)
x22276	beitreten	CC-BY 2.0 (France) Attribution: tatoeba.org #71562 (CK) & #1401516 (Zaghawa)
x22277	Axt	CC-BY 2.0 (France) Attribution: tatoeba.org #11856633 (CK) & #12570964 (Waldelfe)
x22278	Haft	CC-BY 2.0 (France) Attribution: tatoeba.org #682228 (Source_VOA) & #720264 (Pfirsichbaeumchen)
x22279	Umarmung	CC-BY 2.0 (France) Attribution: tatoeba.org #2387441 (CK) & #3268891 (dinkel_girl)
x22280	raushalten	CC-BY 2.0 (France) Attribution: tatoeba.org #802683 (Source_VOA) & #4086022 (Pfirsichbaeumchen)
x22281	Knabe	CC-BY 2.0 (France) Attribution: tatoeba.org #1934884 (Spamster) & #1935157 (Pfirsichbaeumchen)
x22282	wischen	CC-BY 2.0 (France) Attribution: tatoeba.org #1774522 (CK) & #7466803 (Yorwba)
x22283	Schrott	CC-BY 2.0 (France) Attribution: tatoeba.org #42765 (CK) & #352586 (MUIRIEL)
x22284	hereinkommen	CC-BY 2.0 (France) Attribution: tatoeba.org #3774429 (Hybrid) & #3783292 (Pfirsichbaeumchen)
x22285	sofortig	CC-BY 2.0 (France) Attribution: tatoeba.org #43556 (CK) & #2356083 (Tamy)
x22286	finster	CC-BY 2.0 (France) Attribution: tatoeba.org #28390 (CK) & #2492522 (al_ex_an_der)
x22287	einjagen	CC-BY 2.0 (France) Attribution: tatoeba.org #2033227 (CK) & #2757089 (raggione)
x22288	steuern	CC-BY 2.0 (France) Attribution: tatoeba.org #269182 (CM) & #1497816 (al_ex_an_der)
x22289	Raub	CC-BY 2.0 (France) Attribution: tatoeba.org #1948402 (linguine) & #1958737 (Tamy)
x22290	rechtmäßig	CC-BY 2.0 (France) Attribution: tatoeba.org #6978257 (Eccles17) & #7551913 (Pfirsichbaeumchen)
x22291	säubern	CC-BY 2.0 (France) Attribution: tatoeba.org #12231579 (sundown) & #9038611 (Yorwba)
x22292	füreinander	CC-BY 2.0 (France) Attribution: tatoeba.org #3372089 (Hybrid) & #3376019 (Pfirsichbaeumchen)
x22293	Konzept	CC-BY 2.0 (France) Attribution: tatoeba.org #386740 (CK) & #11034003 (toivo)
x22294	effektiv	CC-BY 2.0 (France) Attribution: tatoeba.org #903683 (CK) & #931427 (Fingerhut)
x22295	Kampagne	CC-BY 2.0 (France) Attribution: tatoeba.org #45657 (CK) & #1960842 (Tamy)
x22296	Schuldgefühl	CC-BY 2.0 (France) Attribution: tatoeba.org #17522 (CK) & #978640 (Sudajaengi)
x22297	Dynamit	CC-BY 2.0 (France) Attribution: tatoeba.org #262961 (CK) & #986200 (Peanutfan)
x22298	Look	CC-BY 2.0 (France) Attribution: tatoeba.org #2439 (pricemar) & #11870382 (Naina)
x22299	ausstehen	CC-BY 2.0 (France) Attribution: tatoeba.org #8599784 (CK) & #8810827 (Pfirsichbaeumchen)
x22300	kleiden	CC-BY 2.0 (France) Attribution: tatoeba.org #1396353 (CK) & #2250671 (Pfirsichbaeumchen)
x22301	Exemplar	CC-BY 2.0 (France) Attribution: tatoeba.org #47779 (CM) & #701033 (Manfredo)
x22302	Karre	CC-BY 2.0 (France) Attribution: tatoeba.org #253896 (CK) & #5231005 (Pfirsichbaeumchen)
x22303	Dankbarkeit	CC-BY 2.0 (France) Attribution: tatoeba.org #24898 (CK) & #2118357 (al_ex_an_der)
x22304	verpfeifen	CC-BY 2.0 (France) Attribution: tatoeba.org #3455769 (tomo) & #3455836 (freddy1)
x22305	klirren	CC-BY 2.0 (France) Attribution: tatoeba.org #1392402 (al_ex_an_der) & #1392412 (al_ex_an_der)
x22306	Übertragung	CC-BY 2.0 (France) Attribution: tatoeba.org #8702698 (Hybrid) & #9085256 (Pfirsichbaeumchen)
x22307	zurückzahlen	CC-BY 2.0 (France) Attribution: tatoeba.org #1954673 (CK) & #1967438 (Pfirsichbaeumchen)
x22308	Anerkennung	CC-BY 2.0 (France) Attribution: tatoeba.org #7888741 (shekitten) & #7888869 (Pfirsichbaeumchen)
x22309	erschüttern	CC-BY 2.0 (France) Attribution: tatoeba.org #669417 (Swift) & #709487 (Esperantostern)
x22310	östlich	CC-BY 2.0 (France) Attribution: tatoeba.org #279701 (CM) & #772245 (Esperantostern)
x22311	Pumpe	CC-BY 2.0 (France) Attribution: tatoeba.org #2890454 (sharptoothed) & #2890548 (Pfirsichbaeumchen)
x22312	unabhängig	CC-BY 2.0 (France) Attribution: tatoeba.org #300071 (CK) & #10102195 (wolfgangth)
x22313	Herzschlag	CC-BY 2.0 (France) Attribution: tatoeba.org #28101 (Eldad) & #522880 (Espi)
x22314	Farmer	CC-BY 2.0 (France) Attribution: tatoeba.org #44522 (CM) & #1900174 (Tamy)
x22315	Stange	CC-BY 2.0 (France) Attribution: tatoeba.org #5539114 (CK) & #5539145 (Pfirsichbaeumchen)
x22316	dastehen	CC-BY 2.0 (France) Attribution: tatoeba.org #7333369 (Hybrid) & #7333569 (Pfirsichbaeumchen)
x22317	Verzweiflung	CC-BY 2.0 (France) Attribution: tatoeba.org #328486 (fcbond) & #1434851 (Manfredo)
x22318	hierherkommen	CC-BY 2.0 (France) Attribution: tatoeba.org #10465811 (CK) & #10465924 (Pfirsichbaeumchen)
x22319	Rahmen	CC-BY 2.0 (France) Attribution: tatoeba.org #5672599 (zumley) & #5665693 (raggione)
x22320	wiederfinden	CC-BY 2.0 (France) Attribution: tatoeba.org #10641672 (sundown) & #379811 (MUIRIEL)
x22321	Ressource	CC-BY 2.0 (France) Attribution: tatoeba.org #22943 (Bing05) & #3136860 (dinkel_girl)
x22322	vergeuden	CC-BY 2.0 (France) Attribution: tatoeba.org #1950675 (CK) & #2664407 (Pfirsichbaeumchen)
x22323	Logik	CC-BY 2.0 (France) Attribution: tatoeba.org #36899 (Zifre) & #2140734 (Tamy)
x22324	davonlaufen	CC-BY 2.0 (France) Attribution: tatoeba.org #1954805 (CK) & #1967786 (Pfirsichbaeumchen)
x22325	Todesursache	CC-BY 2.0 (France) Attribution: tatoeba.org #1923434 (CK) & #1923990 (Pfirsichbaeumchen)
x22326	Zeitplan	CC-BY 2.0 (France) Attribution: tatoeba.org #52033 (CK) & #1097744 (cumori)
x22327	Gestank	CC-BY 2.0 (France) Attribution: tatoeba.org #12283343 (sundown) & #8878037 (Yorwba)
x22328	italienisch	CC-BY 2.0 (France) Attribution: tatoeba.org #289014 (CK) & #520011 (Espi)
x22329	aufeinander	CC-BY 2.0 (France) Attribution: tatoeba.org #2207208 (Hybrid) & #8374074 (Pfirsichbaeumchen)
x22330	vormachen	CC-BY 2.0 (France) Attribution: tatoeba.org #17521 (CK) & #2480199 (Pfirsichbaeumchen)
x22331	Flamme	CC-BY 2.0 (France) Attribution: tatoeba.org #325501 (CM) & #564411 (MUIRIEL)
x22332	amüsant	CC-BY 2.0 (France) Attribution: tatoeba.org #326442 (CM) & #561320 (xtofu80)
x22333	zurückverfolgen	CC-BY 2.0 (France) Attribution: tatoeba.org #11513856 (CK) & #12921913 (Waldelfe)
x22334	ungerecht	CC-BY 2.0 (France) Attribution: tatoeba.org #1396371 (CK) & #916 (MUIRIEL)
x22335	kreisen	CC-BY 2.0 (France) Attribution: tatoeba.org #4770193 (mailohilohi) & #1190269 (Esperantostern)
x22336	einsehen	CC-BY 2.0 (France) Attribution: tatoeba.org #3204956 (CK) & #13281217 (Waldelfe)
x22337	Demokratie	CC-BY 2.0 (France) Attribution: tatoeba.org #513429 (darinmex) & #513439 (Espi)
x22338	jedermann	CC-BY 2.0 (France) Attribution: tatoeba.org #4665810 (CK) & #5812132 (raggione)
x22339	abgehen	CC-BY 2.0 (France) Attribution: tatoeba.org #2633393 (CK) & #2634006 (Pfirsichbaeumchen)
x22340	bestreiten	CC-BY 2.0 (France) Attribution: tatoeba.org #11864347 (CK) & #12654823 (Waldelfe)
x22341	erstklassig	CC-BY 2.0 (France) Attribution: tatoeba.org #54694 (CM) & #7523492 (Yorwba)
x22342	Feder	CC-BY 2.0 (France) Attribution: tatoeba.org #10612468 (sundown) & #10681142 (Pfirsichbaeumchen)
x22343	Ego	CC-BY 2.0 (France) Attribution: tatoeba.org #2254542 (CK) & #7466820 (Yorwba)
x22344	auswendig	CC-BY 2.0 (France) Attribution: tatoeba.org #55110 (Swift) & #4583007 (raggione)
x22345	Pfannkuchen	CC-BY 2.0 (France) Attribution: tatoeba.org #2112 (CK) & #903 (MUIRIEL)
x22346	begleichen	CC-BY 2.0 (France) Attribution: tatoeba.org #2825488 (CS) & #2825486 (al_ex_an_der)
x22347	hilflos	CC-BY 2.0 (France) Attribution: tatoeba.org #2006374 (AlanF_US) & #5244090 (Pfirsichbaeumchen)
x22348	vorziehen	CC-BY 2.0 (France) Attribution: tatoeba.org #794460 (sundown) & #960229 (samueldora)
x22349	Ehrlichkeit	CC-BY 2.0 (France) Attribution: tatoeba.org #3281811 (Hybrid) & #3283456 (Pfirsichbaeumchen)
x22350	zaubern	CC-BY 2.0 (France) Attribution: tatoeba.org #250181 (CK) & #772238 (samueldora)
x22351	Neugier	CC-BY 2.0 (France) Attribution: tatoeba.org #2265905 (_undertoad) & #2265937 (Pfirsichbaeumchen)
x22352	Berufung	CC-BY 2.0 (France) Attribution: tatoeba.org #2452037 (sharptoothed) & #2534981 (raggione)
x22353	Chor	CC-BY 2.0 (France) Attribution: tatoeba.org #4740672 (patgfisher) & #4742946 (raggione)
x22354	einleiten	CC-BY 2.0 (France) Attribution: tatoeba.org #275658 (CK) & #989780 (Peanutfan)
x22355	Cocktail	CC-BY 2.0 (France) Attribution: tatoeba.org #2011735 (CK) & #10103207 (wolfgangth)
x22356	griechisch	CC-BY 2.0 (France) Attribution: tatoeba.org #484963 (CM) & #12562174 (mayabe)
x22357	Bruch	CC-BY 2.0 (France) Attribution: tatoeba.org #2253233 (_undertoad) & #2404490 (Pfirsichbaeumchen)
x22358	sentimental	CC-BY 2.0 (France) Attribution: tatoeba.org #2973577 (Hybrid) & #2973626 (Pfirsichbaeumchen)
x22359	Truthahn	CC-BY 2.0 (France) Attribution: tatoeba.org #264929 (CM) & #391163 (MUIRIEL)
x22360	tagsüber	CC-BY 2.0 (France) Attribution: tatoeba.org #2801796 (CM) & #12416976 (mayabe)
x22361	Ausschau	CC-BY 2.0 (France) Attribution: tatoeba.org #2545969 (CK) & #6644306 (Felixjp)
x22362	Barkeeper	CC-BY 2.0 (France) Attribution: tatoeba.org #2049773 (CK) & #2049950 (Tamy)
x22363	Abwesenheit	CC-BY 2.0 (France) Attribution: tatoeba.org #903355 (CK) & #1695857 (Pfirsichbaeumchen)
x22364	Jahreszeit	CC-BY 2.0 (France) Attribution: tatoeba.org #24340 (CK) & #12377336 (mayabe)
x22365	bedeutend	CC-BY 2.0 (France) Attribution: tatoeba.org #4880009 (CK) & #4884427 (Pfirsichbaeumchen)
x22366	zerren	CC-BY 2.0 (France) Attribution: tatoeba.org #19181 (CK) & #1243426 (BraveSentry)
x22367	borgen	CC-BY 2.0 (France) Attribution: tatoeba.org #265625 (CK) & #896425 (Manfredo)
x22368	schmelzen	CC-BY 2.0 (France) Attribution: tatoeba.org #8919898 (sundown) & #354544 (MUIRIEL)
x22369	Boxer	CC-BY 2.0 (France) Attribution: tatoeba.org #2069305 (_undertoad) & #2406053 (Pfirsichbaeumchen)
x22370	spionieren	CC-BY 2.0 (France) Attribution: tatoeba.org #1838809 (CM) & #1986298 (Pfirsichbaeumchen)
x22371	Feuerwerk	CC-BY 2.0 (France) Attribution: tatoeba.org #6671365 (Eccles17) & #6671709 (Pfirsichbaeumchen)
x22372	Halluzination	CC-BY 2.0 (France) Attribution: tatoeba.org #1847833 (CK) & #3557801 (Pfirsichbaeumchen)
x22373	Ermittler	CC-BY 2.0 (France) Attribution: tatoeba.org #9772323 (helloroto) & #10371763 (Yorwba)
x22374	Pressekonferenz	CC-BY 2.0 (France) Attribution: tatoeba.org #8946648 (sundown) & #8634440 (Melang)
x22375	Besatzung	CC-BY 2.0 (France) Attribution: tatoeba.org #11254390 (sundown) & #2940432 (brauchinet)
x22376	nachgeben	CC-BY 2.0 (France) Attribution: tatoeba.org #3734852 (CK) & #1683133 (Pfirsichbaeumchen)
x22377	Attentat	CC-BY 2.0 (France) Attribution: tatoeba.org #1484283 (MrShoval) & #2133505 (Pfirsichbaeumchen)
x22378	demnächst	CC-BY 2.0 (France) Attribution: tatoeba.org #1063432 (CK) & #4448428 (Pfirsichbaeumchen)
x22379	Rhythmus	CC-BY 2.0 (France) Attribution: tatoeba.org #1954241 (al_ex_an_der) & #1954236 (al_ex_an_der)
x22380	lausig	CC-BY 2.0 (France) Attribution: tatoeba.org #2359811 (CK) & #3439162 (Pfirsichbaeumchen)
x22381	vorbeischauen	CC-BY 2.0 (France) Attribution: tatoeba.org #3726229 (CM) & #3877906 (raggione)
x22382	versiegeln	CC-BY 2.0 (France) Attribution: tatoeba.org #2985597 (sharptoothed) & #12563994 (Waldelfe)
x22383	ermutigen	CC-BY 2.0 (France) Attribution: tatoeba.org #5987146 (thomsmells) & #1794112 (Pfirsichbaeumchen)
x22384	Lippenstift	CC-BY 2.0 (France) Attribution: tatoeba.org #2255026 (CK) & #2334907 (Vortarulo)
x22385	Nachfolger	CC-BY 2.0 (France) Attribution: tatoeba.org #3726775 (CM) & #12663216 (Yorwba)
x22386	beabsichtigen	CC-BY 2.0 (France) Attribution: tatoeba.org #3022580 (sharptoothed) & #3753570 (Dani6187)
x22387	wackeln	CC-BY 2.0 (France) Attribution: tatoeba.org #9853907 (NurseMeeks) & #9858855 (Pfirsichbaeumchen)
x22388	Model	CC-BY 2.0 (France) Attribution: tatoeba.org #5644479 (Hybrid) & #6148596 (Espi)
x22389	verschlucken	CC-BY 2.0 (France) Attribution: tatoeba.org #2407140 (CK) & #3084334 (Pfirsichbaeumchen)
x22390	enthüllen	CC-BY 2.0 (France) Attribution: tatoeba.org #1954799 (CK) & #1967769 (Pfirsichbaeumchen)
x22391	freigeben	CC-BY 2.0 (France) Attribution: tatoeba.org #1343752 (Chrikaru) & #1503197 (Pfirsichbaeumchen)
x22392	wegschicken	CC-BY 2.0 (France) Attribution: tatoeba.org #1893680 (CK) & #1897986 (Pfirsichbaeumchen)
x22393	Strahlung	CC-BY 2.0 (France) Attribution: tatoeba.org #3226425 (CK) & #3226438 (Trebalor)
x22394	Sackgasse	CC-BY 2.0 (France) Attribution: tatoeba.org #2176 (CK) & #977 (MUIRIEL)
x22395	glotzen	CC-BY 2.0 (France) Attribution: tatoeba.org #693620 (CM) & #4941545 (Hans_Adler)
x22396	herausfordern	CC-BY 2.0 (France) Attribution: tatoeba.org #1402065 (CM) & #1402060 (Pfirsichbaeumchen)
x22397	Höhepunkt	CC-BY 2.0 (France) Attribution: tatoeba.org #8414594 (Hybrid) & #9037248 (Pfirsichbaeumchen)
x22398	Soße	CC-BY 2.0 (France) Attribution: tatoeba.org #9140254 (sundown) & #929073 (Esperantostern)
x22399	umstellen	CC-BY 2.0 (France) Attribution: tatoeba.org #48461 (CK) & #673427 (Pfirsichbaeumchen)
x22400	Untergang	CC-BY 2.0 (France) Attribution: tatoeba.org #3499328 (patgfisher) & #3232134 (al_ex_an_der)
x22401	hinkommen	CC-BY 2.0 (France) Attribution: tatoeba.org #3390649 (CK) & #6542096 (raggione)
x22402	Sonnenschein	CC-BY 2.0 (France) Attribution: tatoeba.org #10515893 (sundown) & #1770089 (al_ex_an_der)
x22403	Beobachtung	CC-BY 2.0 (France) Attribution: tatoeba.org #2953073 (CK) & #3367866 (LdrummerBoy)
x22404	offenbaren	CC-BY 2.0 (France) Attribution: tatoeba.org #887356 (CK) & #1390640 (Pfirsichbaeumchen)
x22405	uralt	CC-BY 2.0 (France) Attribution: tatoeba.org #10191201 (sundown) & #10184764 (Yorwba)
x22406	Konzentration	CC-BY 2.0 (France) Attribution: tatoeba.org #42447 (sacredceltic) & #963753 (Sudajaengi)
x22407	Perücke	CC-BY 2.0 (France) Attribution: tatoeba.org #3818543 (CK) & #13095513 (Vortarulo)
x22408	befassen	CC-BY 2.0 (France) Attribution: tatoeba.org #247348 (CK) & #2597378 (raggione)
x22409	drunter	CC-BY 2.0 (France) Attribution: tatoeba.org #2268154 (_undertoad) & #3760520 (Jens_Odo)
x22410	aufzeichnen	CC-BY 2.0 (France) Attribution: tatoeba.org #2536020 (AlanF_US) & #1536666 (Pfirsichbaeumchen)
x22411	Brite	CC-BY 2.0 (France) Attribution: tatoeba.org #804070 (Source_VOA) & #1409625 (Esperantostern)
x22412	Glückspilz	CC-BY 2.0 (France) Attribution: tatoeba.org #291570 (CM) & #1434510 (Manfredo)
x22413	Investition	CC-BY 2.0 (France) Attribution: tatoeba.org #4500341 (CK) & #7432509 (MisterTrouser)
x22414	primitiv	CC-BY 2.0 (France) Attribution: tatoeba.org #239461 (CM) & #1707308 (Pfirsichbaeumchen)
x22415	Bischof	CC-BY 2.0 (France) Attribution: tatoeba.org #266308 (CM) & #3799928 (raggione)
x22416	staatlich	CC-BY 2.0 (France) Attribution: tatoeba.org #398545 (whipback) & #581279 (Zaghawa)
x22417	Zwischenfall	CC-BY 2.0 (France) Attribution: tatoeba.org #8895545 (CK) & #8898132 (mramosch)
x22418	repräsentieren	CC-BY 2.0 (France) Attribution: tatoeba.org #2563400 (CM) & #8667132 (Melang)
x22419	Turnier	CC-BY 2.0 (France) Attribution: tatoeba.org #72977 (CK) & #784076 (Pfirsichbaeumchen)
x22420	streben	CC-BY 2.0 (France) Attribution: tatoeba.org #10678469 (CK) & #10773713 (GaryGaryGary)
x22421	Wurm	CC-BY 2.0 (France) Attribution: tatoeba.org #1830613 (CK) & #12425078 (mayabe)
x22422	Senat	CC-BY 2.0 (France) Attribution: tatoeba.org #300718 (CK) & #367151 (Kerstin)
x22423	Schildkröte	CC-BY 2.0 (France) Attribution: tatoeba.org #65636 (CM) & #617827 (cost)
x22424	voreilig	CC-BY 2.0 (France) Attribution: tatoeba.org #2007384 (CK) & #2888211 (Pfirsichbaeumchen)
x22425	Kraut	CC-BY 2.0 (France) Attribution: tatoeba.org #2193984 (brumi2) & #1918919 (Esperantostern)
x22426	Prügel	CC-BY 2.0 (France) Attribution: tatoeba.org #68737 (CM) & #13741687 (Waldelfe)
x22427	Website	CC-BY 2.0 (France) Attribution: tatoeba.org #909502 (CK) & #1390535 (Esperantostern)
x22428	Privileg	CC-BY 2.0 (France) Attribution: tatoeba.org #3492748 (Hybrid) & #5819104 (dasbeispielholz)
x22429	Rang	CC-BY 2.0 (France) Attribution: tatoeba.org #304637 (CK) & #1039670 (tatomeimei)
x22430	Sünder	CC-BY 2.0 (France) Attribution: tatoeba.org #712954 (darinmex) & #3017104 (Manfredo)
x22431	Beutel	CC-BY 2.0 (France) Attribution: tatoeba.org #11645112 (CK) & #12621263 (Waldelfe)
x22432	Angreifer	CC-BY 2.0 (France) Attribution: tatoeba.org #10643854 (CK) & #10645459 (Pfirsichbaeumchen)
x22433	aufsetzen	CC-BY 2.0 (France) Attribution: tatoeba.org #1955129 (CK) & #1955614 (Pfirsichbaeumchen)
x22434	Veranda	CC-BY 2.0 (France) Attribution: tatoeba.org #2267531 (_undertoad) & #2294166 (Pfirsichbaeumchen)
x22435	Lizenz	CC-BY 2.0 (France) Attribution: tatoeba.org #7131772 (CM) & #13425133 (Waldelfe)
x22436	Seemann	CC-BY 2.0 (France) Attribution: tatoeba.org #300698 (CK) & #361122 (Wolf)
x22437	Impuls	CC-BY 2.0 (France) Attribution: tatoeba.org #2267695 (_undertoad) & #10796528 (GaryGaryGary)
x22438	Entwurf	CC-BY 2.0 (France) Attribution: tatoeba.org #254018 (CM) & #1503753 (xtofu80)
x22439	Sprecher	CC-BY 2.0 (France) Attribution: tatoeba.org #2155980 (freddy1) & #2154330 (freddy1)
x22440	verriegeln	CC-BY 2.0 (France) Attribution: tatoeba.org #239927 (CK) & #700664 (Esperantostern)
x22441	Abwechslung	CC-BY 2.0 (France) Attribution: tatoeba.org #20274 (CK) & #3795838 (Tickler)
x22442	Kleingeld	CC-BY 2.0 (France) Attribution: tatoeba.org #258646 (Aoshiroi) & #626347 (Manfredo)
x22443	umkommen	CC-BY 2.0 (France) Attribution: tatoeba.org #11406915 (CK) & #12612635 (Waldelfe)
x22444	schmieden	CC-BY 2.0 (France) Attribution: tatoeba.org #240718 (CM) & #441869 (xtofu80)
x22445	glücklicherweise	CC-BY 2.0 (France) Attribution: tatoeba.org #240787 (CM) & #3158598 (Pfirsichbaeumchen)
x22446	Heilung	CC-BY 2.0 (France) Attribution: tatoeba.org #2360891 (CK) & #5788085 (dasbeispielholz)
x22447	Tierarzt	CC-BY 2.0 (France) Attribution: tatoeba.org #680866 (Source_VOA) & #824734 (Pfirsichbaeumchen)
x22448	Stadtrat	CC-BY 2.0 (France) Attribution: tatoeba.org #2410797 (AlanF_US) & #1070358 (Pfirsichbaeumchen)
x22449	nich	CC-BY 2.0 (France) Attribution: tatoeba.org #7974289 (CK) & #12586620 (Waldelfe)
x22450	Regie	CC-BY 2.0 (France) Attribution: tatoeba.org #3231968 (Hybrid) & #3234004 (Pfirsichbaeumchen)
x22451	Käfer	CC-BY 2.0 (France) Attribution: tatoeba.org #2407140 (CK) & #3084334 (Pfirsichbaeumchen)
x22452	Dom	CC-BY 2.0 (France) Attribution: tatoeba.org #2265971 (_undertoad) & #2322332 (Pfirsichbaeumchen)
x22453	allergisch	CC-BY 2.0 (France) Attribution: tatoeba.org #4442305 (CK) & #6216242 (Naina)
x22454	Olive	CC-BY 2.0 (France) Attribution: tatoeba.org #8928896 (sundown) & #8638942 (Melang)
x22455	schweizer	CC-BY 2.0 (France) Attribution: tatoeba.org #271108 (CK) & #2672260 (Pfirsichbaeumchen)
x22456	Mexikaner	CC-BY 2.0 (France) Attribution: tatoeba.org #2264601 (_undertoad) & #2300169 (Zaghawa)
x22457	lähmen	CC-BY 2.0 (France) Attribution: tatoeba.org #317436 (Swift) & #392439 (xtofu80)
x22458	brennend	CC-BY 2.0 (France) Attribution: tatoeba.org #268162 (CK) & #1811022 (Tamy)
x22459	Brandy	CC-BY 2.0 (France) Attribution: tatoeba.org #12134244 (CK) & #13231771 (Waldelfe)
x22460	lauern	CC-BY 2.0 (France) Attribution: tatoeba.org #3226435 (CK) & #3226592 (Pfirsichbaeumchen)
x22461	Substanz	CC-BY 2.0 (France) Attribution: tatoeba.org #10613197 (AlanF_US) & #12703785 (Yorwba)
x22462	rasch	CC-BY 2.0 (France) Attribution: tatoeba.org #10119772 (sundown) & #2690532 (al_ex_an_der)
x22463	Verlobung	CC-BY 2.0 (France) Attribution: tatoeba.org #240203 (CK) & #12366573 (Naina)
x22464	befriedigen	CC-BY 2.0 (France) Attribution: tatoeba.org #4853350 (CK) & #6034956 (raggione)
x22465	ausgraben	CC-BY 2.0 (France) Attribution: tatoeba.org #12381429 (ddnktr) & #12852844 (Yorwba)
x22466	Karton	CC-BY 2.0 (France) Attribution: tatoeba.org #44455 (CK) & #586951 (Pfirsichbaeumchen)
x22467	einbauen	CC-BY 2.0 (France) Attribution: tatoeba.org #12274174 (CK) & #12643962 (Waldelfe)
x22468	Branche	CC-BY 2.0 (France) Attribution: tatoeba.org #264532 (CK) & #1866322 (al_ex_an_der)
x22469	Auszeit	CC-BY 2.0 (France) Attribution: tatoeba.org #5304213 (CK) & #5316175 (Pfirsichbaeumchen)
x22470	Hase	CC-BY 2.0 (France) Attribution: tatoeba.org #65636 (CM) & #617827 (cost)
x22471	Blase	CC-BY 2.0 (France) Attribution: tatoeba.org #6710799 (CK) & #13257756 (Waldelfe)
x22472	Mathe	CC-BY 2.0 (France) Attribution: tatoeba.org #258934 (CK) & #1008439 (Sudajaengi)
x22473	einatmen	CC-BY 2.0 (France) Attribution: tatoeba.org #9853896 (NurseMeeks) & #9858858 (Pfirsichbaeumchen)
x22474	undankbar	CC-BY 2.0 (France) Attribution: tatoeba.org #2267437 (_undertoad) & #2297162 (Pfirsichbaeumchen)
x22475	Schlachtfeld	CC-BY 2.0 (France) Attribution: tatoeba.org #319446 (CM) & #448425 (xtofu80)
x22476	Lücke	CC-BY 2.0 (France) Attribution: tatoeba.org #35812 (CM) & #11802022 (Pfirsichbaeumchen)
x22477	Ameise	CC-BY 2.0 (France) Attribution: tatoeba.org #67333 (CK) & #1290725 (Esperantostern)
x22478	Nickerchen	CC-BY 2.0 (France) Attribution: tatoeba.org #4025271 (eeyinn) & #4471198 (Pfirsichbaeumchen)
x22479	brillant	CC-BY 2.0 (France) Attribution: tatoeba.org #42738 (CK) & #365636 (Wolf)
x22480	hierbei	CC-BY 2.0 (France) Attribution: tatoeba.org #5246490 (Objectivesea) & #5246491 (Pfirsichbaeumchen)
x22481	Maulwurf	CC-BY 2.0 (France) Attribution: tatoeba.org #9188436 (CK) & #12511950 (Naina)
x22482	Struktur	CC-BY 2.0 (France) Attribution: tatoeba.org #9001354 (CK) & #8385323 (Yorwba)
x22483	Ähnlichkeit	CC-BY 2.0 (France) Attribution: tatoeba.org #398831 (blay_paul) & #1433036 (Manfredo)
x22484	intim	CC-BY 2.0 (France) Attribution: tatoeba.org #9701077 (DJ_Saidez) & #1741108 (al_ex_an_der)
x22485	umgehend	CC-BY 2.0 (France) Attribution: tatoeba.org #20179 (CK) & #11839714 (Pfirsichbaeumchen)
x22486	Umgang	CC-BY 2.0 (France) Attribution: tatoeba.org #305041 (CK) & #767278 (Esperantostern)
x22487	wiedererkennen	CC-BY 2.0 (France) Attribution: tatoeba.org #2275908 (CK) & #12387813 (mayabe)
x22488	Drogendealer	CC-BY 2.0 (France) Attribution: tatoeba.org #681615 (Source_VOA) & #2198473 (Zaghawa)
x22489	bluffen	CC-BY 2.0 (France) Attribution: tatoeba.org #638250 (darinmex) & #2194886 (Vortarulo)
x22490	spendieren	CC-BY 2.0 (France) Attribution: tatoeba.org #258470 (CK) & #2140803 (Pfirsichbaeumchen)
x22491	hiervon	CC-BY 2.0 (France) Attribution: tatoeba.org #2537404 (CK) & #3038881 (Pfirsichbaeumchen)
x22492	Geier	CC-BY 2.0 (France) Attribution: tatoeba.org #1177903 (bart) & #2118572 (Manfredo)
x22493	Schwert	CC-BY 2.0 (France) Attribution: tatoeba.org #295952 (CK) & #358101 (MUIRIEL)
x22494	ausflippen	CC-BY 2.0 (France) Attribution: tatoeba.org #4649612 (Hybrid) & #4683028 (Pfirsichbaeumchen)
x22495	Geschäftsführer	CC-BY 2.0 (France) Attribution: tatoeba.org #1190658 (CK) & #1387977 (Esperantostern)
x22496	Chauffeur	CC-BY 2.0 (France) Attribution: tatoeba.org #8826612 (CK) & #8828837 (mramosch)
x22497	verkraften	CC-BY 2.0 (France) Attribution: tatoeba.org #291144 (CK) & #601498 (BraveSentry)
x22498	Raubüberfall	CC-BY 2.0 (France) Attribution: tatoeba.org #10750283 (CK) & #10750303 (Pfirsichbaeumchen)
x22499	Bemerkung	CC-BY 2.0 (France) Attribution: tatoeba.org #2476170 (AlanF_US) & #2476332 (brauchinet)
x22500	Ader	CC-BY 2.0 (France) Attribution: tatoeba.org #807311 (Source_VOA) & #5441512 (raggione)
x22501	improvisieren	CC-BY 2.0 (France) Attribution: tatoeba.org #2007878 (CK) & #4422621 (Dokuyaku)
x22502	vorerst	CC-BY 2.0 (France) Attribution: tatoeba.org #2464761 (sharptoothed) & #2924806 (Pfirsichbaeumchen)
x22503	Hotelzimmer	CC-BY 2.0 (France) Attribution: tatoeba.org #1744970 (Amastan) & #1745942 (Pfirsichbaeumchen)
x22504	Philosophie	CC-BY 2.0 (France) Attribution: tatoeba.org #8891618 (CK) & #8898412 (mramosch)
x22505	einfrieren	CC-BY 2.0 (France) Attribution: tatoeba.org #5878896 (CK) & #12559216 (Waldelfe)
x22506	vorsehen	CC-BY 2.0 (France) Attribution: tatoeba.org #9732871 (CK) & #12601161 (Waldelfe)
x22507	Abkürzung	CC-BY 2.0 (France) Attribution: tatoeba.org #8125377 (Hybrid) & #8125397 (Pfirsichbaeumchen)
x22508	Patrouille	CC-BY 2.0 (France) Attribution: tatoeba.org #682312 (Source_VOA) & #708160 (Zaghawa)
x22509	Martini	CC-BY 2.0 (France) Attribution: tatoeba.org #2011337 (CK) & #2323795 (pne)
x22510	Retter	CC-BY 2.0 (France) Attribution: tatoeba.org #298529 (Zifre) & #561294 (cost)
x22511	Geschöpf	CC-BY 2.0 (France) Attribution: tatoeba.org #10244395 (Hybrid) & #10287467 (Pfirsichbaeumchen)
x22512	Gastgeber	CC-BY 2.0 (France) Attribution: tatoeba.org #1316482 (CK) & #1516839 (riotlake)
x22513	trommeln	CC-BY 2.0 (France) Attribution: tatoeba.org #314019 (CK) & #8886354 (Pfirsichbaeumchen)
x22514	suspendieren	CC-BY 2.0 (France) Attribution: tatoeba.org #1895554 (CK) & #1909341 (Pfirsichbaeumchen)
x22515	überstürzen	CC-BY 2.0 (France) Attribution: tatoeba.org #5357491 (Hybrid) & #6329434 (Pfirsichbaeumchen)
x22516	erniedrigen	CC-BY 2.0 (France) Attribution: tatoeba.org #1296410 (Eldad) & #1472980 (al_ex_an_der)
x22517	Zwerg	CC-BY 2.0 (France) Attribution: tatoeba.org #11040563 (CK) & #12561025 (Waldelfe)
x22518	umzingeln	CC-BY 2.0 (France) Attribution: tatoeba.org #1893613 (CK) & #1898491 (Pfirsichbaeumchen)
x22519	Medaille	CC-BY 2.0 (France) Attribution: tatoeba.org #1588737 (Spamster) & #12406212 (mayabe)
x22520	Erziehung	CC-BY 2.0 (France) Attribution: tatoeba.org #47557 (CK) & #3234020 (Pfirsichbaeumchen)
x22521	Techniker	CC-BY 2.0 (France) Attribution: tatoeba.org #20055 (CK) & #661978 (Zaghawa)
x22522	aufwecken	CC-BY 2.0 (France) Attribution: tatoeba.org #2308310 (CK) & #10548009 (pitti42)
x22523	berauben	CC-BY 2.0 (France) Attribution: tatoeba.org #313127 (CK) & #1737440 (Pfirsichbaeumchen)
x22524	Handschrift	CC-BY 2.0 (France) Attribution: tatoeba.org #2707767 (Dejo) & #3647898 (Esperantostern)
x22525	beitragen	CC-BY 2.0 (France) Attribution: tatoeba.org #461445 (CK) & #1513401 (Esperantostern)
x22526	plündern	CC-BY 2.0 (France) Attribution: tatoeba.org #1773939 (Spamster) & #1773975 (Pfirsichbaeumchen)
x22527	erkundigen	CC-BY 2.0 (France) Attribution: tatoeba.org #295645 (CK) & #396366 (xtofu80)
x22528	Abgrund	CC-BY 2.0 (France) Attribution: tatoeba.org #12200321 (Miktsoanit) & #12287755 (Pfirsichbaeumchen)
x22529	Tugend	CC-BY 2.0 (France) Attribution: tatoeba.org #2265927 (_undertoad) & #2322453 (Pfirsichbaeumchen)
x22530	zurückschicken	CC-BY 2.0 (France) Attribution: tatoeba.org #7186435 (CK) & #12668338 (Waldelfe)
x22531	Wettkampf	CC-BY 2.0 (France) Attribution: tatoeba.org #33443 (CM) & #1863324 (Tamy)
x22532	Vorsprung	CC-BY 2.0 (France) Attribution: tatoeba.org #5738736 (CM) & #13594232 (Waldelfe)
x22533	Tequila	CC-BY 2.0 (France) Attribution: tatoeba.org #8837790 (CK) & #12555662 (Waldelfe)
x22534	ausüben	CC-BY 2.0 (France) Attribution: tatoeba.org #51721 (CK) & #591862 (cost)
x22535	verschließen	CC-BY 2.0 (France) Attribution: tatoeba.org #4015160 (CK) & #6804674 (Pfirsichbaeumchen)
x22536	vollenden	CC-BY 2.0 (France) Attribution: tatoeba.org #12115022 (Kayray) & #12115102 (Pfirsichbaeumchen)
x22537	Invasion	CC-BY 2.0 (France) Attribution: tatoeba.org #807352 (Source_VOA) & #3988056 (Pfirsichbaeumchen)
x22538	Spezialität	CC-BY 2.0 (France) Attribution: tatoeba.org #10910141 (sundown) & #455663 (MUIRIEL)
x22539	Anordnung	CC-BY 2.0 (France) Attribution: tatoeba.org #56784 (CM) & #2575771 (Tamy)
x22540	Vollmond	CC-BY 2.0 (France) Attribution: tatoeba.org #12040756 (CM) & #12537644 (Naina)
x22541	Scharfschütze	CC-BY 2.0 (France) Attribution: tatoeba.org #300434 (CM) & #498119 (Espi)
x22542	Pest	CC-BY 2.0 (France) Attribution: tatoeba.org #1695736 (marcelostockle) & #2534117 (martikkk)
x22543	fürchterlich	CC-BY 2.0 (France) Attribution: tatoeba.org #4013435 (CK) & #8500781 (virgil)
x22544	unglücklicherweise	CC-BY 2.0 (France) Attribution: tatoeba.org #1460025 (piksea) & #8059316 (Pfirsichbaeumchen)
x22545	wimmeln	CC-BY 2.0 (France) Attribution: tatoeba.org #68227 (CM) & #1810782 (Pfirsichbaeumchen)
x22546	Gipfel	CC-BY 2.0 (France) Attribution: tatoeba.org #9435623 (sundown) & #3130551 (raggione)
x22547	Jammer	CC-BY 2.0 (France) Attribution: tatoeba.org #9829013 (CK) & #12266833 (Pfirsichbaeumchen)
x22548	entscheidend	CC-BY 2.0 (France) Attribution: tatoeba.org #8550226 (CK) & #8554822 (Yorwba)
x22549	Tinte	CC-BY 2.0 (France) Attribution: tatoeba.org #1898302 (CK) & #1898846 (Pfirsichbaeumchen)
x22550	rauslassen	CC-BY 2.0 (France) Attribution: tatoeba.org #10646970 (CK) & #13646282 (Waldelfe)
x22551	involvieren	CC-BY 2.0 (France) Attribution: tatoeba.org #2276086 (CK) & #8603845 (manese)
x22552	Aspirin	CC-BY 2.0 (France) Attribution: tatoeba.org #681832 (Source_VOA) & #756038 (Zaghawa)
x22553	Uhrzeit	CC-BY 2.0 (France) Attribution: tatoeba.org #9004231 (helloroto) & #1006525 (Sudajaengi)
x22554	silbern	CC-BY 2.0 (France) Attribution: tatoeba.org #1109896 (jackloring) & #1109681 (Haehnchenpaella)
x22555	Schlaganfall	CC-BY 2.0 (France) Attribution: tatoeba.org #2580750 (Hybrid) & #7219255 (Pfirsichbaeumchen)
x22556	verbünden	CC-BY 2.0 (France) Attribution: tatoeba.org #680157 (Source_VOA) & #9751351 (Pfirsichbaeumchen)
x22557	Kapelle	CC-BY 2.0 (France) Attribution: tatoeba.org #10101638 (ddnktr) & #10101748 (Schmutti)
x22558	Falke	CC-BY 2.0 (France) Attribution: tatoeba.org #8268307 (Adelpa) & #678215 (MUIRIEL)
x22559	dauerhaft	CC-BY 2.0 (France) Attribution: tatoeba.org #8269241 (CK) & #8719700 (Pfirsichbaeumchen)
x22560	Schwindel	CC-BY 2.0 (France) Attribution: tatoeba.org #1682994 (Spamster) & #1683905 (Pfirsichbaeumchen)
x22561	Debatte	CC-BY 2.0 (France) Attribution: tatoeba.org #248230 (CM) & #1054917 (MUIRIEL)
x22562	erkälten	CC-BY 2.0 (France) Attribution: tatoeba.org #473593 (CK) & #639462 (jakov)
x22563	grässlich	CC-BY 2.0 (France) Attribution: tatoeba.org #6439983 (CK) & #13734582 (Waldelfe)
x22564	einstecken	CC-BY 2.0 (France) Attribution: tatoeba.org #301089 (CK) & #3135586 (Pfirsichbaeumchen)
x22565	braun	CC-BY 2.0 (France) Attribution: tatoeba.org #6661627 (CK) & #7485953 (Pfirsichbaeumchen)
x22566	Ärmel	CC-BY 2.0 (France) Attribution: tatoeba.org #239198 (CM) & #2573861 (Pfirsichbaeumchen)
x22567	verschicken	CC-BY 2.0 (France) Attribution: tatoeba.org #58460 (CM) & #2814169 (Tamy)
x22568	erwerben	CC-BY 2.0 (France) Attribution: tatoeba.org #45481 (Dejo) & #1950372 (Tamy)
x22569	pennen	CC-BY 2.0 (France) Attribution: tatoeba.org #7089436 (CK) & #7091757 (Luiaard)
x22570	herhören	CC-BY 2.0 (France) Attribution: tatoeba.org #450069 (CK) & #8861729 (mramosch)
x22571	Buchhalter	CC-BY 2.0 (France) Attribution: tatoeba.org #847121 (Source_Benedict_1921) & #12420423 (Waldelfe)
x22572	Effekt	CC-BY 2.0 (France) Attribution: tatoeba.org #3378681 (CK) & #3383558 (Pfirsichbaeumchen)
x22573	hinüber	CC-BY 2.0 (France) Attribution: tatoeba.org #4356532 (CK) & #4942981 (Hans_Adler)
x22574	Zauberei	CC-BY 2.0 (France) Attribution: tatoeba.org #8871069 (CK) & #8871176 (mramosch)
x22575	Budget	CC-BY 2.0 (France) Attribution: tatoeba.org #680444 (Source_VOA) & #8431840 (Luiaard)
x22576	ertränken	CC-BY 2.0 (France) Attribution: tatoeba.org #874946 (CM) & #8861749 (mramosch)
x22577	Verband	CC-BY 2.0 (France) Attribution: tatoeba.org #1578305 (CK) & #894828 (Pfirsichbaeumchen)
x22578	Komitee	CC-BY 2.0 (France) Attribution: tatoeba.org #31525 (CK) & #10084145 (wolfgangth)
x22579	hungern	CC-BY 2.0 (France) Attribution: tatoeba.org #2329045 (BraveSentry) & #2327115 (Esperantostern)
x22580	abwenden	CC-BY 2.0 (France) Attribution: tatoeba.org #1952014 (CK) & #1952387 (Pfirsichbaeumchen)
x22581	unauffällig	CC-BY 2.0 (France) Attribution: tatoeba.org #8279706 (lunchmeat317) & #8279494 (GuidoW)
x22582	pflücken	CC-BY 2.0 (France) Attribution: tatoeba.org #278495 (CK) & #2227044 (Esperantostern)
x22583	zurückbleiben	CC-BY 2.0 (France) Attribution: tatoeba.org #8356445 (Hybrid) & #8394027 (Pfirsichbaeumchen)
x22584	Sumpf	CC-BY 2.0 (France) Attribution: tatoeba.org #1117617 (Scott) & #1139106 (Esperantostern)
x22585	verjagen	CC-BY 2.0 (France) Attribution: tatoeba.org #1893861 (CK) & #1894092 (Pfirsichbaeumchen)
x22586	hinterer	CC-BY 2.0 (France) Attribution: tatoeba.org #8431476 (CK) & #8433154 (faehrmann)
x22587	erlösen	CC-BY 2.0 (France) Attribution: tatoeba.org #1188665 (darinmex) & #2997263 (pne)
x22588	polieren	CC-BY 2.0 (France) Attribution: tatoeba.org #2267008 (_undertoad) & #2301682 (Pfirsichbaeumchen)
x22589	Gegenzug	CC-BY 2.0 (France) Attribution: tatoeba.org #1954661 (CK) & #1967411 (Pfirsichbaeumchen)
x22590	Auszeichnung	CC-BY 2.0 (France) Attribution: tatoeba.org #317256 (CK) & #1844326 (Tamy)
x22591	runterfallen	CC-BY 2.0 (France) Attribution: tatoeba.org #1895755 (CK) & #2323982 (Zaghawa)
x22592	wegziehen	CC-BY 2.0 (France) Attribution: tatoeba.org #10760218 (sundown) & #11394443 (Pfirsichbaeumchen)
x22593	Parade	CC-BY 2.0 (France) Attribution: tatoeba.org #2258082 (_undertoad) & #2379722 (Pfirsichbaeumchen)
x22594	Altar	CC-BY 2.0 (France) Attribution: tatoeba.org #1388154 (CK) & #1818373 (Pfirsichbaeumchen)
x22595	wandeln	CC-BY 2.0 (France) Attribution: tatoeba.org #803166 (Source_VOA) & #4450111 (Pfirsichbaeumchen)
x22596	Routine	CC-BY 2.0 (France) Attribution: tatoeba.org #2548672 (CK) & #12276406 (Yorwba)
x22597	verfallen	CC-BY 2.0 (France) Attribution: tatoeba.org #3076538 (patgfisher) & #3076543 (Pfirsichbaeumchen)
x22598	Absatz	CC-BY 2.0 (France) Attribution: tatoeba.org #272867 (CK) & #766659 (dima555)
x22599	neutral	CC-BY 2.0 (France) Attribution: tatoeba.org #52442 (CK) & #340828 (MUIRIEL)
x22600	ihretwegen	CC-BY 2.0 (France) Attribution: tatoeba.org #2113414 (CH) & #11817441 (Pfirsichbaeumchen)
x22601	Amateur	CC-BY 2.0 (France) Attribution: tatoeba.org #8973571 (CK) & #9061227 (Pfirsichbaeumchen)
x22602	ausfindig	CC-BY 2.0 (France) Attribution: tatoeba.org #238301 (CK) & #4089339 (Dani6187)
x22603	Fledermaus	CC-BY 2.0 (France) Attribution: tatoeba.org #326644 (CM) & #13425140 (Waldelfe)
x22604	christlich	CC-BY 2.0 (France) Attribution: tatoeba.org #8358756 (AlanF_US) & #8404855 (Pfirsichbaeumchen)
x22605	Motto	CC-BY 2.0 (France) Attribution: tatoeba.org #1798804 (CM) & #1986493 (Pfirsichbaeumchen)
x22606	ernten	CC-BY 2.0 (France) Attribution: tatoeba.org #4060213 (Lepotdeterre) & #12684312 (Yorwba)
x22607	misstrauisch	CC-BY 2.0 (France) Attribution: tatoeba.org #11254418 (sundown) & #3093108 (brauchinet)
x22608	fortfahren	CC-BY 2.0 (France) Attribution: tatoeba.org #2203625 (CK) & #2204347 (Pfirsichbaeumchen)
x22609	Rudel	CC-BY 2.0 (France) Attribution: tatoeba.org #9090339 (Luiaard) & #9090342 (Luiaard)
x22610	klarmachen	CC-BY 2.0 (France) Attribution: tatoeba.org #68622 (CK) & #9977464 (Pfirsichbaeumchen)
x22611	bedauerlich	CC-BY 2.0 (France) Attribution: tatoeba.org #2268479 (_undertoad) & #2290168 (Pfirsichbaeumchen)
x22612	anstecken	CC-BY 2.0 (France) Attribution: tatoeba.org #10081386 (CK) & #10081389 (Pfirsichbaeumchen)
x22613	widerfahren	CC-BY 2.0 (France) Attribution: tatoeba.org #2092644 (CK) & #2263447 (Pfirsichbaeumchen)
x22614	massiv	CC-BY 2.0 (France) Attribution: tatoeba.org #3428620 (CK) & #3428961 (Pfirsichbaeumchen)
x22615	Körperverletzung	CC-BY 2.0 (France) Attribution: tatoeba.org #45098 (CM) & #1924038 (Tamy)
x22616	Chemikalie	CC-BY 2.0 (France) Attribution: tatoeba.org #3226484 (CK) & #3226568 (Pfirsichbaeumchen)
x22617	Hinterhalt	CC-BY 2.0 (France) Attribution: tatoeba.org #1723682 (Spamster) & #1724021 (Pfirsichbaeumchen)
x22618	schnattern	CC-BY 2.0 (France) Attribution: tatoeba.org #9440173 (sundown) & #2722636 (raggione)
x22619	Überdosis	CC-BY 2.0 (France) Attribution: tatoeba.org #2009268 (Spamster) & #12628934 (Naina)
x22620	Ferse	CC-BY 2.0 (France) Attribution: tatoeba.org #526828 (darinmex) & #753987 (Esperantostern)
x22621	anstoßen	CC-BY 2.0 (France) Attribution: tatoeba.org #3392689 (CK) & #2756195 (raggione)
x22622	auskommen	CC-BY 2.0 (France) Attribution: tatoeba.org #284397 (CK) & #1812893 (Tamy)
x22623	Klippe	CC-BY 2.0 (France) Attribution: tatoeba.org #10682062 (sundown) & #11235459 (Pfirsichbaeumchen)
x22624	Mischung	CC-BY 2.0 (France) Attribution: tatoeba.org #18235 (CK) & #608427 (virgil)
x22625	Luxus	CC-BY 2.0 (France) Attribution: tatoeba.org #325563 (CM) & #541348 (MUIRIEL)
x22626	übernatürlich	CC-BY 2.0 (France) Attribution: tatoeba.org #2912200 (astyng) & #3777635 (al_ex_an_der)
x22627	Schwung	CC-BY 2.0 (France) Attribution: tatoeba.org #2258665 (_undertoad) & #2265521 (Pfirsichbaeumchen)
x22628	Inspiration	CC-BY 2.0 (France) Attribution: tatoeba.org #5144360 (strangeanalyst) & #1062006 (Manfredo)
x22629	Jeep	CC-BY 2.0 (France) Attribution: tatoeba.org #2549566 (CK) & #9000669 (Luiaard)
x22630	Lebewesen	CC-BY 2.0 (France) Attribution: tatoeba.org #55150 (CM) & #3939809 (Dani6187)
x22631	Album	CC-BY 2.0 (France) Attribution: tatoeba.org #276082 (CK) & #793689 (Esperantostern)
x22632	gigantisch	CC-BY 2.0 (France) Attribution: tatoeba.org #312363 (CM) & #1204039 (samueldora)
x22633	bezeugen	CC-BY 2.0 (France) Attribution: tatoeba.org #254856 (CM) & #1511298 (Esperantostern)
x22634	Perspektive	CC-BY 2.0 (France) Attribution: tatoeba.org #10160595 (CK) & #10313651 (wannieh)
x22635	hämmern	CC-BY 2.0 (France) Attribution: tatoeba.org #8895484 (CK) & #8898173 (mramosch)
x22636	Bildung	CC-BY 2.0 (France) Attribution: tatoeba.org #19113 (CK) & #6144228 (Pfirsichbaeumchen)
x22637	einfangen	CC-BY 2.0 (France) Attribution: tatoeba.org #3594705 (CK) & #5807515 (raggione)
x22638	ehrenwert	CC-BY 2.0 (France) Attribution: tatoeba.org #5745383 (CM) & #12605705 (Waldelfe)
x22639	Vati	CC-BY 2.0 (France) Attribution: tatoeba.org #6054185 (Sethlang) & #6062047 (wolfgangth)
x22640	Klassiker	CC-BY 2.0 (France) Attribution: tatoeba.org #2077741 (Spamster) & #3239331 (Zaghawa)
x22641	Spanier	CC-BY 2.0 (France) Attribution: tatoeba.org #2258575 (_undertoad) & #2369709 (Pfirsichbaeumchen)
x22642	durchbrechen	CC-BY 2.0 (France) Attribution: tatoeba.org #10868564 (AlanF_US) & #12463778 (Yorwba)
x22643	durchsetzen	CC-BY 2.0 (France) Attribution: tatoeba.org #1650387 (dimitris) & #3960911 (Dani6187)
x22644	letztens	CC-BY 2.0 (France) Attribution: tatoeba.org #1316319 (CK) & #1516844 (riotlake)
x22645	niederschlagen	CC-BY 2.0 (France) Attribution: tatoeba.org #43976 (CM) & #2416617 (Tamy)
x22646	Rendezvous	CC-BY 2.0 (France) Attribution: tatoeba.org #261338 (CK) & #2232228 (Tamy)
x22647	konfrontieren	CC-BY 2.0 (France) Attribution: tatoeba.org #48452 (CM) & #787863 (Hans_Adler)
x22648	lokalisieren	CC-BY 2.0 (France) Attribution: tatoeba.org #65317 (CM) & #3863682 (raggione)
x22649	quer	CC-BY 2.0 (France) Attribution: tatoeba.org #307014 (CK) & #10119323 (Yorwba)
x22650	Begräbnis	CC-BY 2.0 (France) Attribution: tatoeba.org #44270 (CM) & #2461483 (Tamy)
x22651	europäisch	CC-BY 2.0 (France) Attribution: tatoeba.org #3627524 (Hybrid) & #6039675 (Pfirsichbaeumchen)
x22652	einreden	CC-BY 2.0 (France) Attribution: tatoeba.org #4664628 (CK) & #13029499 (Yorwba)
x22653	zutiefst	CC-BY 2.0 (France) Attribution: tatoeba.org #953818 (CK) & #1359908 (Espi)
x22654	bewaffnen	CC-BY 2.0 (France) Attribution: tatoeba.org #2258258 (_undertoad) & #2376831 (Pfirsichbaeumchen)
x22655	Clan	CC-BY 2.0 (France) Attribution: tatoeba.org #12084296 (CK) & #12423150 (Yorwba)
x22656	runtergehen	CC-BY 2.0 (France) Attribution: tatoeba.org #10091684 (sundown) & #3571609 (al_ex_an_der)
x22657	Erzähler	CC-BY 2.0 (France) Attribution: tatoeba.org #8586900 (CK) & #8888080 (mramosch)
x22658	Todesstrafe	CC-BY 2.0 (France) Attribution: tatoeba.org #10195469 (CK) & #10196112 (brauchinet)
x22659	teuflisch	CC-BY 2.0 (France) Attribution: tatoeba.org #12109824 (CK) & #12709975 (Waldelfe)
x22660	Taktik	CC-BY 2.0 (France) Attribution: tatoeba.org #1737470 (Spamster) & #1743628 (Pfirsichbaeumchen)
x22661	Mörderin	CC-BY 2.0 (France) Attribution: tatoeba.org #7240218 (CK) & #8868540 (Pfirsichbaeumchen)
x22662	Umkreis	CC-BY 2.0 (France) Attribution: tatoeba.org #57405 (CK) & #596361 (samueldora)
x22663	Rechtsanwalt	CC-BY 2.0 (France) Attribution: tatoeba.org #321064 (CM) & #413674 (xtofu80)
x22664	Bestrafung	CC-BY 2.0 (France) Attribution: tatoeba.org #279852 (CK) & #1625859 (Pfirsichbaeumchen)
x22665	Limousine	CC-BY 2.0 (France) Attribution: tatoeba.org #3722253 (CM) & #5394589 (Yakuwari)
x22666	Dienstmädchen	CC-BY 2.0 (France) Attribution: tatoeba.org #476463 (Eldad) & #9950689 (wolfgangth)
x22667	falten	CC-BY 2.0 (France) Attribution: tatoeba.org #6656571 (CK) & #12564375 (Waldelfe)
x22668	erhoffen	CC-BY 2.0 (France) Attribution: tatoeba.org #7197508 (CK) & #12387514 (Pfirsichbaeumchen)
x22669	real	CC-BY 2.0 (France) Attribution: tatoeba.org #1806177 (Spamster) & #12397800 (mayabe)
x22670	Popcorn	CC-BY 2.0 (France) Attribution: tatoeba.org #5551009 (Hybrid) & #5561847 (Pfirsichbaeumchen)
x22671	Schnurrbart	CC-BY 2.0 (France) Attribution: tatoeba.org #1128266 (CK) & #1058565 (Esperantostern)
x22672	Sprichwort	CC-BY 2.0 (France) Attribution: tatoeba.org #6071056 (sergiomelo) & #2801988 (Esperantostern)
x22673	Heer	CC-BY 2.0 (France) Attribution: tatoeba.org #805382 (Source_VOA) & #947265 (Pfirsichbaeumchen)
x22674	Blüte	CC-BY 2.0 (France) Attribution: tatoeba.org #35089 (CM) & #1530931 (samueldora)
x22675	Bedürfnis	CC-BY 2.0 (France) Attribution: tatoeba.org #10059196 (CK) & #10060091 (Pfirsichbaeumchen)
x22676	Chemie	CC-BY 2.0 (France) Attribution: tatoeba.org #680555 (Source_VOA) & #1286057 (Espi)
x22677	betrinken	CC-BY 2.0 (France) Attribution: tatoeba.org #11871517 (CK) & #12709011 (Waldelfe)
x22678	zucken	CC-BY 2.0 (France) Attribution: tatoeba.org #2321338 (MethodGT) & #2321374 (Tamy)
x22679	geradezu	CC-BY 2.0 (France) Attribution: tatoeba.org #2083236 (freddy1) & #2091870 (Espi)
x22680	Investor	CC-BY 2.0 (France) Attribution: tatoeba.org #4500342 (CK) & #5428941 (Esperantostern)
x22681	missachten	CC-BY 2.0 (France) Attribution: tatoeba.org #1951956 (CK) & #1952600 (Pfirsichbaeumchen)
x22682	engagieren	CC-BY 2.0 (France) Attribution: tatoeba.org #251678 (CM) & #1888775 (Tamy)
x22683	Gorilla	CC-BY 2.0 (France) Attribution: tatoeba.org #50387 (CM) & #1106967 (jast)
x22684	Matrose	CC-BY 2.0 (France) Attribution: tatoeba.org #7741114 (Hybrid) & #8377898 (Pfirsichbaeumchen)
x22685	Gramm	CC-BY 2.0 (France) Attribution: tatoeba.org #277432 (CK) & #4928319 (kolonjano)
x22686	stützen	CC-BY 2.0 (France) Attribution: tatoeba.org #55130 (CM) & #5415457 (Zaghawa)
x22687	verabreichen	CC-BY 2.0 (France) Attribution: tatoeba.org #27997 (CK) & #1907511 (Zaghawa)
x22688	gefälscht	CC-BY 2.0 (France) Attribution: tatoeba.org #266430 (papabear) & #630540 (samueldora)
x22689	Lastwagen	CC-BY 2.0 (France) Attribution: tatoeba.org #6873111 (CK) & #502029 (Espi)
x22690	entsetzlich	CC-BY 2.0 (France) Attribution: tatoeba.org #2262865 (CK) & #2263388 (Pfirsichbaeumchen)
x22691	Pfadfinder	CC-BY 2.0 (France) Attribution: tatoeba.org #5858643 (CK) & #8078744 (Luiaard)
x22692	beheben	CC-BY 2.0 (France) Attribution: tatoeba.org #11621536 (CK) & #12698432 (Waldelfe)
x22693	Hausarrest	CC-BY 2.0 (France) Attribution: tatoeba.org #2111728 (CK) & #7369987 (Yorwba)
x22694	Lösegeld	CC-BY 2.0 (France) Attribution: tatoeba.org #12575976 (CK) & #12576878 (Waldelfe)
x22695	Dinosaurier	CC-BY 2.0 (France) Attribution: tatoeba.org #2144570 (oneconor) & #2055907 (al_ex_an_der)
x22696	erzielen	CC-BY 2.0 (France) Attribution: tatoeba.org #4402167 (patgfisher) & #4437218 (Pfirsichbaeumchen)
x22697	zusammenleben	CC-BY 2.0 (France) Attribution: tatoeba.org #8932295 (shekitten) & #12051722 (mayabe)
x22698	aufessen	CC-BY 2.0 (France) Attribution: tatoeba.org #11948931 (sundown) & #1554848 (Esperantostern)
x22699	schütten	CC-BY 2.0 (France) Attribution: tatoeba.org #243373 (CK) & #1326584 (Sudajaengi)
x22700	Provinz	CC-BY 2.0 (France) Attribution: tatoeba.org #3643399 (Hybrid) & #3643343 (al_ex_an_der)
x22701	Bindung	CC-BY 2.0 (France) Attribution: tatoeba.org #48590 (CM) & #3979397 (Dani6187)
x22702	übermitteln	CC-BY 2.0 (France) Attribution: tatoeba.org #2245256 (CK) & #12825033 (Yorwba)
x22703	verblüffen	CC-BY 2.0 (France) Attribution: tatoeba.org #254312 (CK) & #8173139 (Pfirsichbaeumchen)
x22704	hinzu	CC-BY 2.0 (France) Attribution: tatoeba.org #50484 (CM) & #2482230 (Zaghawa)
x22705	Krüppel	CC-BY 2.0 (France) Attribution: tatoeba.org #7114449 (CM) & #7330283 (Pfirsichbaeumchen)
x22706	Treibstoff	CC-BY 2.0 (France) Attribution: tatoeba.org #63714 (CK) & #827933 (Zaghawa)
x22707	piepsen	CC-BY 2.0 (France) Attribution: tatoeba.org #8143460 (Hybrid) & #8144752 (Pfirsichbaeumchen)
x22708	wahrnehmen	CC-BY 2.0 (France) Attribution: tatoeba.org #72286 (CM) & #4448352 (Pfirsichbaeumchen)
x22709	Quarantäne	CC-BY 2.0 (France) Attribution: tatoeba.org #3722976 (CM) & #8630274 (Pfirsichbaeumchen)
x22710	Kommunist	CC-BY 2.0 (France) Attribution: tatoeba.org #5958488 (CK) & #8290655 (Luiaard)
x22711	Sturz	CC-BY 2.0 (France) Attribution: tatoeba.org #10524347 (sundown) & #8298188 (GuidoW)
x22712	Nachforschung	CC-BY 2.0 (France) Attribution: tatoeba.org #18672 (piksea) & #715095 (Esperantostern)
x22713	Hummer	CC-BY 2.0 (France) Attribution: tatoeba.org #11898087 (CK) & #12511883 (Naina)
x22714	misstrauen	CC-BY 2.0 (France) Attribution: tatoeba.org #11910224 (sundown) & #2223404 (al_ex_an_der)
x22715	stottern	CC-BY 2.0 (France) Attribution: tatoeba.org #310241 (sacredceltic) & #473989 (Kleinchen42)
x22716	meckern	CC-BY 2.0 (France) Attribution: tatoeba.org #273862 (CK) & #8306916 (GuidoW)
x22717	Wanne	CC-BY 2.0 (France) Attribution: tatoeba.org #2548710 (CK) & #2720380 (Pfirsichbaeumchen)
x22718	Taschenlampe	CC-BY 2.0 (France) Attribution: tatoeba.org #10727751 (CK) & #12662310 (Waldelfe)
x22719	entzünden	CC-BY 2.0 (France) Attribution: tatoeba.org #29464 (CK) & #3482043 (Zaghawa)
x22720	lauschen	CC-BY 2.0 (France) Attribution: tatoeba.org #2376003 (CK) & #12513097 (Waldelfe)
x22721	Kragen	CC-BY 2.0 (France) Attribution: tatoeba.org #2267048 (_undertoad) & #2301655 (Pfirsichbaeumchen)
x22722	verschenken	CC-BY 2.0 (France) Attribution: tatoeba.org #12159243 (CK) & #13359625 (Waldelfe)
x22723	Valentinstag	CC-BY 2.0 (France) Attribution: tatoeba.org #1487281 (CK) & #6038543 (Sciuro_Kvar)
x22724	anstelle	CC-BY 2.0 (France) Attribution: tatoeba.org #251407 (CK) & #1830705 (Tamy)
x22725	hinstellen	CC-BY 2.0 (France) Attribution: tatoeba.org #456363 (lukaszpp) & #2980774 (pne)
x22726	Ehrenwort	CC-BY 2.0 (France) Attribution: tatoeba.org #3329804 (CK) & #3499909 (al_ex_an_der)
x22727	Hauptrolle	CC-BY 2.0 (France) Attribution: tatoeba.org #11210618 (CK) & #11211770 (Pfirsichbaeumchen)
x22728	vernachlässigen	CC-BY 2.0 (France) Attribution: tatoeba.org #453432 (FeuDRenais) & #371247 (xtofu80)
x22729	durchschneiden	CC-BY 2.0 (France) Attribution: tatoeba.org #2711735 (sharptoothed) & #2711790 (Pfirsichbaeumchen)
x22730	Schlamm	CC-BY 2.0 (France) Attribution: tatoeba.org #3008014 (patgfisher) & #3007294 (al_ex_an_der)
x22731	Damm	CC-BY 2.0 (France) Attribution: tatoeba.org #682432 (Source_VOA) & #683015 (al_ex_an_der)
x22732	Made	CC-BY 2.0 (France) Attribution: tatoeba.org #281006 (CM) & #12254556 (Yorwba)
x22733	übergehen	CC-BY 2.0 (France) Attribution: tatoeba.org #57716 (CM) & #2723114 (Tamy)
x22734	zerschlagen	CC-BY 2.0 (France) Attribution: tatoeba.org #23814 (CK) & #1731428 (Pfirsichbaeumchen)
x22735	rudern	CC-BY 2.0 (France) Attribution: tatoeba.org #12458617 (CK) & #12459802 (Waldelfe)
x22736	meinerseits	CC-BY 2.0 (France) Attribution: tatoeba.org #7813303 (Hybrid) & #9950738 (Pfirsichbaeumchen)
x22737	Bemühung	CC-BY 2.0 (France) Attribution: tatoeba.org #1933582 (CK) & #2924584 (Pfirsichbaeumchen)
x22738	Attentäter	CC-BY 2.0 (France) Attribution: tatoeba.org #718427 (darinmex) & #12432609 (Yorwba)
x22739	aufwärmen	CC-BY 2.0 (France) Attribution: tatoeba.org #1841174 (CK) & #10299924 (Yorwba)
x22740	lebenslänglich	CC-BY 2.0 (France) Attribution: tatoeba.org #2009 (CK) & #801 (MUIRIEL)
x22741	verdrängen	CC-BY 2.0 (France) Attribution: tatoeba.org #265440 (CK) & #800839 (Pfirsichbaeumchen)
x22742	zugleich	CC-BY 2.0 (France) Attribution: tatoeba.org #625168 (darinmex) & #675123 (samueldora)
x22743	Schöpfer	CC-BY 2.0 (France) Attribution: tatoeba.org #1030597 (darinmex) & #1031152 (MUIRIEL)
x22744	trösten	CC-BY 2.0 (France) Attribution: tatoeba.org #248656 (CK) & #2221665 (Pfirsichbaeumchen)
x22745	Weltall	CC-BY 2.0 (France) Attribution: tatoeba.org #1488106 (arnxy20) & #12407985 (mayabe)
x22746	Hypothek	CC-BY 2.0 (France) Attribution: tatoeba.org #4497899 (CK) & #8470519 (Luiaard)
x22747	Lobby	CC-BY 2.0 (France) Attribution: tatoeba.org #6532404 (CK) & #8089198 (Luiaard)
x22748	ausbreiten	CC-BY 2.0 (France) Attribution: tatoeba.org #23878 (CK) & #370228 (MUIRIEL)
x22749	unzählig	CC-BY 2.0 (France) Attribution: tatoeba.org #270630 (CM) & #364464 (Wolf)
x22750	kränken	CC-BY 2.0 (France) Attribution: tatoeba.org #17044 (CK) & #911522 (Sudajaengi)
x22751	Campus	CC-BY 2.0 (France) Attribution: tatoeba.org #555020 (CM) & #555986 (cost)
x22752	wegrennen	CC-BY 2.0 (France) Attribution: tatoeba.org #1772519 (CK) & #1764791 (Pfirsichbaeumchen)
x22753	kandidieren	CC-BY 2.0 (France) Attribution: tatoeba.org #805316 (Source_VOA) & #981904 (Pfirsichbaeumchen)
x22754	Tageslicht	CC-BY 2.0 (France) Attribution: tatoeba.org #10230755 (sundown) & #13667824 (Waldelfe)
x22755	Initiative	CC-BY 2.0 (France) Attribution: tatoeba.org #1634774 (al_ex_an_der) & #1634773 (al_ex_an_der)
x22756	Massage	CC-BY 2.0 (France) Attribution: tatoeba.org #2091 (Swift) & #882 (MUIRIEL)
x22757	auftragen	CC-BY 2.0 (France) Attribution: tatoeba.org #10560846 (CK) & #11786742 (Pfirsichbaeumchen)
x22758	entsprechend	CC-BY 2.0 (France) Attribution: tatoeba.org #12269651 (CK) & #12645724 (Waldelfe)
x22759	umher	CC-BY 2.0 (France) Attribution: tatoeba.org #10678855 (CK) & #10679051 (Pfirsichbaeumchen)
x22760	Wahrscheinlichkeit	CC-BY 2.0 (France) Attribution: tatoeba.org #65027 (CM) & #1179250 (Sudajaengi)
x22761	beinhalten	CC-BY 2.0 (France) Attribution: tatoeba.org #250385 (CK) & #922035 (Sudajaengi)
x22762	Zeitalter	CC-BY 2.0 (France) Attribution: tatoeba.org #23086 (CK) & #841481 (samueldora)
x22763	Antrieb	CC-BY 2.0 (France) Attribution: tatoeba.org #3822222 (CK) & #12558879 (Waldelfe)
x22764	Armut	CC-BY 2.0 (France) Attribution: tatoeba.org #318539 (CK) & #521678 (xtofu80)
x22765	Einwand	CC-BY 2.0 (France) Attribution: tatoeba.org #41076 (CM) & #1854921 (Tamy)
x22766	wärmen	CC-BY 2.0 (France) Attribution: tatoeba.org #38500 (CK) & #12399009 (Pfirsichbaeumchen)
x22767	dreifach	CC-BY 2.0 (France) Attribution: tatoeba.org #61053 (CK) & #2485010 (Pfirsichbaeumchen)
x22768	speisen	CC-BY 2.0 (France) Attribution: tatoeba.org #1847752 (CK) & #1847892 (Tamy)
x22769	klammern	CC-BY 2.0 (France) Attribution: tatoeba.org #45392 (CM) & #1942029 (Tamy)
x22770	Araber	CC-BY 2.0 (France) Attribution: tatoeba.org #370557 (saeb) & #518447 (Espi)
x22771	kitzeln	CC-BY 2.0 (France) Attribution: tatoeba.org #9681625 (CK) & #2275711 (Pfirsichbaeumchen)
x22772	Muffin	CC-BY 2.0 (France) Attribution: tatoeba.org #1334717 (Scott) & #1526883 (al_ex_an_der)
x22773	Drang	CC-BY 2.0 (France) Attribution: tatoeba.org #2745778 (CK) & #2812908 (brauchinet)
x22774	Phänomen	CC-BY 2.0 (France) Attribution: tatoeba.org #1777513 (Spamster) & #1777676 (Pfirsichbaeumchen)
x22775	Blondine	CC-BY 2.0 (France) Attribution: tatoeba.org #664959 (bluepie88) & #8825031 (Pfirsichbaeumchen)
x22776	einweihen	CC-BY 2.0 (France) Attribution: tatoeba.org #2722382 (CK) & #12852643 (Yorwba)
x22777	züchten	CC-BY 2.0 (France) Attribution: tatoeba.org #307192 (CK) & #1990176 (Manfredo)
x22778	Rabbi	CC-BY 2.0 (France) Attribution: tatoeba.org #11890722 (CK) & #13728909 (Waldelfe)
x22779	Zins	CC-BY 2.0 (France) Attribution: tatoeba.org #18430 (Zifre) & #7550173 (Yorwba)
x22780	Zauberspruch	CC-BY 2.0 (France) Attribution: tatoeba.org #12114767 (sundown) & #9998221 (Melang)
x22781	vorspielen	CC-BY 2.0 (France) Attribution: tatoeba.org #2050567 (CK) & #4185037 (Trinkschokolade)
x22782	hierfür	CC-BY 2.0 (France) Attribution: tatoeba.org #847135 (Source_Benedict_1921) & #2659889 (Pfirsichbaeumchen)
x22783	Vergeltung	CC-BY 2.0 (France) Attribution: tatoeba.org #1935358 (Spamster) & #1935390 (Pfirsichbaeumchen)
x22784	immerzu	CC-BY 2.0 (France) Attribution: tatoeba.org #286370 (CM) & #1649048 (Pfirsichbaeumchen)
x22785	färben	CC-BY 2.0 (France) Attribution: tatoeba.org #6272586 (CK) & #7835718 (raggione)
x22786	Flut	CC-BY 2.0 (France) Attribution: tatoeba.org #680704 (Source_VOA) & #2399923 (Ennocb)
x22787	Auktion	CC-BY 2.0 (France) Attribution: tatoeba.org #19263 (CM) & #409113 (xtofu80)
x22788	Horizont	CC-BY 2.0 (France) Attribution: tatoeba.org #11839152 (sundown) & #4915210 (al_ex_an_der)
x22789	abspielen	CC-BY 2.0 (France) Attribution: tatoeba.org #11685097 (sundown) & #11663926 (Pfirsichbaeumchen)
x22790	Anker	CC-BY 2.0 (France) Attribution: tatoeba.org #1349176 (Spamster) & #2156597 (al_ex_an_der)
x22791	Mittagspause	CC-BY 2.0 (France) Attribution: tatoeba.org #7841471 (shekitten) & #8300389 (GuidoW)
x22792	toben	CC-BY 2.0 (France) Attribution: tatoeba.org #7008344 (Hybrid) & #7015373 (Pfirsichbaeumchen)
x22793	flüssig	CC-BY 2.0 (France) Attribution: tatoeba.org #13266465 (CK) & #13495875 (Waldelfe)
x22794	Rückseite	CC-BY 2.0 (France) Attribution: tatoeba.org #295957 (CK) & #1834492 (Wauzl)
x22795	Sirene	CC-BY 2.0 (France) Attribution: tatoeba.org #12326995 (CK) & #13230732 (Vortarulo)
x22796	Wildnis	CC-BY 2.0 (France) Attribution: tatoeba.org #682117 (Source_VOA) & #742314 (Pfirsichbaeumchen)
x22797	Bonus	CC-BY 2.0 (France) Attribution: tatoeba.org #33715 (CK) & #1873603 (Tamy)
x22798	Spender	CC-BY 2.0 (France) Attribution: tatoeba.org #5599639 (CK) & #5603104 (Pfirsichbaeumchen)
x22799	hinbekommen	CC-BY 2.0 (France) Attribution: tatoeba.org #2928214 (CM) & #1454650 (al_ex_an_der)
x22800	Abstimmung	CC-BY 2.0 (France) Attribution: tatoeba.org #12003441 (shekitten) & #12004386 (brauchinet)
x22801	mittags	CC-BY 2.0 (France) Attribution: tatoeba.org #258971 (CK) & #12500514 (mayabe)
x22802	Bridge	CC-BY 2.0 (France) Attribution: tatoeba.org #2050622 (CK) & #2051464 (Pfirsichbaeumchen)
x22803	Segel	CC-BY 2.0 (France) Attribution: tatoeba.org #28543 (CK) & #8074785 (Pfirsichbaeumchen)
x22804	Pulver	CC-BY 2.0 (France) Attribution: tatoeba.org #3170663 (CK) & #6821424 (dasbeispielholz)
x22805	krumm	CC-BY 2.0 (France) Attribution: tatoeba.org #263635 (CM) & #12397883 (mayabe)
x22806	überflüssig	CC-BY 2.0 (France) Attribution: tatoeba.org #1114847 (CM) & #13716558 (Naina)
x22807	Rockmusik	CC-BY 2.0 (France) Attribution: tatoeba.org #6175284 (shekitten) & #4309096 (Esperantostern)
x22808	seither	CC-BY 2.0 (France) Attribution: tatoeba.org #11119921 (sundown) & #11520111 (Pfirsichbaeumchen)
x22809	Beruhigungsmittel	CC-BY 2.0 (France) Attribution: tatoeba.org #1548383 (CK) & #2932543 (Pfirsichbaeumchen)
x22810	zusammenkommen	CC-BY 2.0 (France) Attribution: tatoeba.org #1886665 (CK) & #8453259 (Tamy)
x22811	durchdringen	CC-BY 2.0 (France) Attribution: tatoeba.org #10131079 (AlanF_US) & #2222543 (al_ex_an_der)
x22812	anwenden	CC-BY 2.0 (France) Attribution: tatoeba.org #10815477 (megamanenm) & #12566730 (Waldelfe)
x22813	Christ	CC-BY 2.0 (France) Attribution: tatoeba.org #9939671 (ddnktr) & #10697224 (Pfirsichbaeumchen)
x22814	Ursprung	CC-BY 2.0 (France) Attribution: tatoeba.org #27035 (CK) & #923494 (Sudajaengi)
x22815	Berechnung	CC-BY 2.0 (France) Attribution: tatoeba.org #4825453 (whitefishglobal) & #1798176 (Tamy)
x22816	gutaussehend	CC-BY 2.0 (France) Attribution: tatoeba.org #6325812 (Hybrid) & #7213205 (Pfirsichbaeumchen)
x22817	abkaufen	CC-BY 2.0 (France) Attribution: tatoeba.org #3150715 (CK) & #3344606 (pne)
x22818	Vorwand	CC-BY 2.0 (France) Attribution: tatoeba.org #297581 (CM) & #454709 (xtofu80)
x22819	erhängen	CC-BY 2.0 (France) Attribution: tatoeba.org #299273 (CK) & #1049747 (Sudajaengi)
x22820	Verschwendung	CC-BY 2.0 (France) Attribution: tatoeba.org #10306123 (CM) & #2243801 (Esperantostern)
x22821	Klempner	CC-BY 2.0 (France) Attribution: tatoeba.org #3387490 (CK) & #3387567 (Pfirsichbaeumchen)
x22822	jetzig	CC-BY 2.0 (France) Attribution: tatoeba.org #70722 (CK) & #793778 (Manfredo)
x22823	schwänzen	CC-BY 2.0 (France) Attribution: tatoeba.org #410544 (CK) & #373567 (xtofu80)
x22824	Duell	CC-BY 2.0 (France) Attribution: tatoeba.org #804384 (Source_VOA) & #860400 (Esperantostern)
x22825	weiterfahren	CC-BY 2.0 (France) Attribution: tatoeba.org #2458475 (CK) & #3128263 (Manfredo)
x22826	Vaterland	CC-BY 2.0 (France) Attribution: tatoeba.org #2262664 (CM) & #10135289 (Yorwba)
x22827	auszahlen	CC-BY 2.0 (France) Attribution: tatoeba.org #5748310 (CM) & #13002532 (Quaissa)
x22828	annähernd	CC-BY 2.0 (France) Attribution: tatoeba.org #7198949 (CK) & #8661669 (Melang)
x22829	verdrehen	CC-BY 2.0 (France) Attribution: tatoeba.org #6020522 (mailohilohi) & #6021595 (brauchinet)
x22830	Wechsel	CC-BY 2.0 (France) Attribution: tatoeba.org #265827 (CK) & #719526 (Esperantostern)
x22831	Anpassung	CC-BY 2.0 (France) Attribution: tatoeba.org #1637347 (dimitris) & #1981446 (Tamy)
x22832	Schwindler	CC-BY 2.0 (France) Attribution: tatoeba.org #2218015 (CK) & #13002840 (Vortarulo)
x22833	Glanz	CC-BY 2.0 (France) Attribution: tatoeba.org #263576 (CK) & #3316652 (Tamy)
x22834	belassen	CC-BY 2.0 (France) Attribution: tatoeba.org #2007440 (CK) & #4901927 (Zaghawa)
x22835	Date	CC-BY 2.0 (France) Attribution: tatoeba.org #6691365 (Hybrid) & #6691366 (srovorake)
x22836	Stiefvater	CC-BY 2.0 (France) Attribution: tatoeba.org #10701246 (AlanF_US) & #10701626 (mks)
x22837	Insasse	CC-BY 2.0 (France) Attribution: tatoeba.org #4013663 (CK) & #8367883 (Luiaard)
x22838	Aufenthaltsort	CC-BY 2.0 (France) Attribution: tatoeba.org #1528928 (erikspen) & #3123124 (samueldora)
x22839	Leichnam	CC-BY 2.0 (France) Attribution: tatoeba.org #2852158 (patgfisher) & #2851949 (al_ex_an_der)
x22840	verschlingen	CC-BY 2.0 (France) Attribution: tatoeba.org #64021 (CM) & #967346 (Sudajaengi)
x22841	Rückweg	CC-BY 2.0 (France) Attribution: tatoeba.org #248688 (CK) & #1693339 (Pfirsichbaeumchen)
x22842	erfrieren	CC-BY 2.0 (France) Attribution: tatoeba.org #6395759 (Hybrid) & #8043894 (Pfirsichbaeumchen)
x22843	Heimweg	CC-BY 2.0 (France) Attribution: tatoeba.org #2299525 (CK) & #2898621 (raggione)
x22844	Menschlichkeit	CC-BY 2.0 (France) Attribution: tatoeba.org #376936 (saeb) & #1933540 (Ennocb)
x22845	Immobilie	CC-BY 2.0 (France) Attribution: tatoeba.org #681799 (Source_VOA) & #1536393 (al_ex_an_der)
x22846	Fingernagel	CC-BY 2.0 (France) Attribution: tatoeba.org #663265 (darinmex) & #1488280 (Zaghawa)
x22847	verschlüsseln	CC-BY 2.0 (France) Attribution: tatoeba.org #3618463 (Hybrid) & #6098859 (Pfirsichbaeumchen)
x22848	überreichen	CC-BY 2.0 (France) Attribution: tatoeba.org #19197 (CK) & #1328644 (Vortarulo)
x22849	Aufsatz	CC-BY 2.0 (France) Attribution: tatoeba.org #2053805 (CK) & #5449910 (Pfirsichbaeumchen)
x22850	Patriot	CC-BY 2.0 (France) Attribution: tatoeba.org #11589533 (ddnktr) & #11589758 (Pfirsichbaeumchen)
x22851	erbitten	CC-BY 2.0 (France) Attribution: tatoeba.org #321064 (CM) & #413674 (xtofu80)
x22852	nachmittags	CC-BY 2.0 (France) Attribution: tatoeba.org #248662 (CK) & #2234662 (Pfirsichbaeumchen)
x22853	Reporterin	CC-BY 2.0 (France) Attribution: tatoeba.org #11890882 (CK) & #12585050 (Waldelfe)
x22854	Filmstar	CC-BY 2.0 (France) Attribution: tatoeba.org #397932 (CK) & #1769497 (Tamy)
x22855	beschimpfen	CC-BY 2.0 (France) Attribution: tatoeba.org #306972 (CK) & #762399 (xtofu80)
x22856	Telefonat	CC-BY 2.0 (France) Attribution: tatoeba.org #2952750 (CK) & #3011465 (Manfredo)
x22857	blinzeln	CC-BY 2.0 (France) Attribution: tatoeba.org #884455 (CM) & #1606449 (Espi)
x22858	dergleichen	CC-BY 2.0 (France) Attribution: tatoeba.org #308168 (CK) & #637459 (Pfirsichbaeumchen)
x22859	Massaker	CC-BY 2.0 (France) Attribution: tatoeba.org #3822762 (CK) & #12331668 (Yorwba)
x22860	Nebenwirkung	CC-BY 2.0 (France) Attribution: tatoeba.org #10885197 (ddnktr) & #12351441 (nexx)
x22861	Pinguin	CC-BY 2.0 (France) Attribution: tatoeba.org #1406501 (Spamster) & #1695481 (Pfirsichbaeumchen)
x22862	labern	CC-BY 2.0 (France) Attribution: tatoeba.org #9265200 (CK) & #9265203 (Pfirsichbaeumchen)
x22863	Lamm	CC-BY 2.0 (France) Attribution: tatoeba.org #7732978 (CK) & #12605370 (Waldelfe)
x22864	Dachboden	CC-BY 2.0 (France) Attribution: tatoeba.org #3732240 (CK) & #7010086 (driini)
x22865	keinesfalls	CC-BY 2.0 (France) Attribution: tatoeba.org #2208749 (CK) & #2697923 (raggione)
x22866	bislang	CC-BY 2.0 (France) Attribution: tatoeba.org #1991975 (CK) & #1992038 (al_ex_an_der)
x22867	anflehen	CC-BY 2.0 (France) Attribution: tatoeba.org #3395422 (Hybrid) & #3399687 (Pfirsichbaeumchen)
x22868	Lichtjahr	CC-BY 2.0 (France) Attribution: tatoeba.org #785565 (ingenius000) & #11503204 (Pfirsichbaeumchen)
x22869	Verteidiger	CC-BY 2.0 (France) Attribution: tatoeba.org #2268088 (_undertoad) & #2290579 (Pfirsichbaeumchen)
x22870	Sonde	CC-BY 2.0 (France) Attribution: tatoeba.org #9779148 (Hybrid) & #9814358 (Pfirsichbaeumchen)
x22871	Verbrennung	CC-BY 2.0 (France) Attribution: tatoeba.org #23891 (CK) & #6937928 (moskytoo)
x22872	Frechheit	CC-BY 2.0 (France) Attribution: tatoeba.org #296254 (CM) & #784122 (Hans_Adler)
x22873	auslachen	CC-BY 2.0 (France) Attribution: tatoeba.org #69206 (CK) & #1530926 (samueldora)
x22874	schäbig	CC-BY 2.0 (France) Attribution: tatoeba.org #44241 (Zifre) & #2460950 (Tamy)
x22875	verspüren	CC-BY 2.0 (France) Attribution: tatoeba.org #1532027 (LittleBoy) & #8957253 (wolfgangth)
x22876	Mordwaffe	CC-BY 2.0 (France) Attribution: tatoeba.org #4627640 (Hybrid) & #7116471 (Pfirsichbaeumchen)
x22877	Torpedo	CC-BY 2.0 (France) Attribution: tatoeba.org #12381111 (ddnktr) & #12381211 (Pfirsichbaeumchen)
x22878	Pflege	CC-BY 2.0 (France) Attribution: tatoeba.org #307568 (CS) & #1041904 (Esperantostern)
x22879	Kanzler	CC-BY 2.0 (France) Attribution: tatoeba.org #62752 (CK) & #3009535 (Pfirsichbaeumchen)
x22880	Schlitten	CC-BY 2.0 (France) Attribution: tatoeba.org #279659 (Eldad) & #514704 (xtofu80)
x22881	Magier	CC-BY 2.0 (France) Attribution: tatoeba.org #6341666 (CK) & #12566657 (Waldelfe)
x22882	Muschel	CC-BY 2.0 (France) Attribution: tatoeba.org #8910238 (sundown) & #8641876 (Melang)
x22883	indisch	CC-BY 2.0 (France) Attribution: tatoeba.org #1892624 (CM) & #3462962 (Pfirsichbaeumchen)
x22884	Packung	CC-BY 2.0 (France) Attribution: tatoeba.org #2258866 (_undertoad) & #2365501 (Pfirsichbaeumchen)
x22885	befestigen	CC-BY 2.0 (France) Attribution: tatoeba.org #44114 (CK) & #620625 (samueldora)
x22886	besteigen	CC-BY 2.0 (France) Attribution: tatoeba.org #899009 (CK) & #1695826 (Pfirsichbaeumchen)
x22887	worin	CC-BY 2.0 (France) Attribution: tatoeba.org #9023337 (mccarras) & #10012966 (sakslane)
x22888	verärgern	CC-BY 2.0 (France) Attribution: tatoeba.org #260972 (CK) & #1819148 (pne)
x22889	Komödie	CC-BY 2.0 (France) Attribution: tatoeba.org #257171 (CK) & #1311174 (Esperantostern)
x22890	Materie	CC-BY 2.0 (France) Attribution: tatoeba.org #7850112 (Hybrid) & #13603624 (Waldelfe)
x22891	mithalten	CC-BY 2.0 (France) Attribution: tatoeba.org #41502 (CK) & #1985768 (Tamy)
x22892	berufen	CC-BY 2.0 (France) Attribution: tatoeba.org #2301285 (CK) & #8653227 (Luiaard)
x22893	einfahren	CC-BY 2.0 (France) Attribution: tatoeba.org #252386 (CK) & #3143621 (faehrmann)
x22894	schummeln	CC-BY 2.0 (France) Attribution: tatoeba.org #1841696 (CK) & #1841975 (Pfirsichbaeumchen)
x22895	Haustür	CC-BY 2.0 (France) Attribution: tatoeba.org #2253373 (_undertoad) & #2404430 (Pfirsichbaeumchen)
x22896	Trophäe	CC-BY 2.0 (France) Attribution: tatoeba.org #329649 (fcbond) & #414205 (xtofu80)
x22897	stabilisieren	CC-BY 2.0 (France) Attribution: tatoeba.org #279893 (CM) & #1665131 (al_ex_an_der)
x22898	Eigentümer	CC-BY 2.0 (France) Attribution: tatoeba.org #4964004 (CK) & #7489785 (Yorwba)
x22899	Regiment	CC-BY 2.0 (France) Attribution: tatoeba.org #12179213 (CK) & #12616762 (Waldelfe)
x22900	entschärfen	CC-BY 2.0 (France) Attribution: tatoeba.org #3238868 (CK) & #3239055 (Trinkschokolade)
x22901	Anomalie	CC-BY 2.0 (France) Attribution: tatoeba.org #1125579 (Scott) & #12452405 (Yorwba)
x22902	Artefakt	CC-BY 2.0 (France) Attribution: tatoeba.org #1325251 (Scott) & #1325261 (Vortarulo)
x22903	Spaghetti	CC-BY 2.0 (France) Attribution: tatoeba.org #10359633 (CK) & #10359866 (Pfirsichbaeumchen)
x22904	Einstein	CC-BY 2.0 (France) Attribution: tatoeba.org #71910 (CK) & #413759 (xtofu80)
x22905	Grille	CC-BY 2.0 (France) Attribution: tatoeba.org #10424339 (CK) & #10302625 (Yorwba)
x22906	Ausschlag	CC-BY 2.0 (France) Attribution: tatoeba.org #39813 (Swift) & #12531130 (Naina)
x22907	Anstalt	CC-BY 2.0 (France) Attribution: tatoeba.org #324509 (CM) & #4005356 (pullnosemans)
x22908	Strang	CC-BY 2.0 (France) Attribution: tatoeba.org #2069347 (_undertoad) & #2406042 (Pfirsichbaeumchen)
x22909	alarmieren	CC-BY 2.0 (France) Attribution: tatoeba.org #2872105 (CK) & #2872806 (Pfirsichbaeumchen)
x22910	glänzen	CC-BY 2.0 (France) Attribution: tatoeba.org #660094 (darinmex) & #662133 (stefz)
x22911	Aufruhr	CC-BY 2.0 (France) Attribution: tatoeba.org #10161839 (ddnktr) & #12512706 (Naina)
x22912	Sicherung	CC-BY 2.0 (France) Attribution: tatoeba.org #2253483 (_undertoad) & #2404406 (Pfirsichbaeumchen)
x22913	motivieren	CC-BY 2.0 (France) Attribution: tatoeba.org #7020978 (JustRandomUsr) & #7019614 (list)
x22914	Snack	CC-BY 2.0 (France) Attribution: tatoeba.org #881796 (CK) & #12596540 (mayabe)
x22915	Erleichterung	CC-BY 2.0 (France) Attribution: tatoeba.org #312489 (CK) & #766587 (dima555)
x22916	Geschäftspartner	CC-BY 2.0 (France) Attribution: tatoeba.org #2163180 (Source_VOA) & #9753551 (Yorwba)
x22917	unbedeutend	CC-BY 2.0 (France) Attribution: tatoeba.org #681483 (Source_VOA) & #774202 (Pfirsichbaeumchen)
x22918	Partie	CC-BY 2.0 (France) Attribution: tatoeba.org #9809627 (CK) & #13275719 (Waldelfe)
x22919	Niveau	CC-BY 2.0 (France) Attribution: tatoeba.org #340461 (tinacalysto) & #835 (MUIRIEL)
x22920	Mathematik	CC-BY 2.0 (France) Attribution: tatoeba.org #5529386 (Hybrid) & #6103269 (Pfirsichbaeumchen)
x22921	erneuern	CC-BY 2.0 (France) Attribution: tatoeba.org #4132567 (CK) & #10159261 (wolfgangth)
x22922	afrikanisch	CC-BY 2.0 (France) Attribution: tatoeba.org #1782694 (Amastan) & #1783153 (Pfirsichbaeumchen)
x22923	Arbeitgeber	CC-BY 2.0 (France) Attribution: tatoeba.org #46452 (CK) & #888581 (Espi)
x22924	Schließfach	CC-BY 2.0 (France) Attribution: tatoeba.org #340840 (CM) & #696007 (Esperantostern)
x22925	nageln	CC-BY 2.0 (France) Attribution: tatoeba.org #11867153 (CK) & #12834647 (Waldelfe)
x22926	duschen	CC-BY 2.0 (France) Attribution: tatoeba.org #436925 (lukaszpp) & #8131900 (Pfirsichbaeumchen)
x22927	Sorgerecht	CC-BY 2.0 (France) Attribution: tatoeba.org #276715 (CM) & #3059926 (thomasvw)
x22928	Page	CC-BY 2.0 (France) Attribution: tatoeba.org #33867 (Dejo) & #369898 (kriskelvin)
x22929	lebenslang	CC-BY 2.0 (France) Attribution: tatoeba.org #22416 (CK) & #1833719 (Tamy)
x22930	Senior	CC-BY 2.0 (France) Attribution: tatoeba.org #64127 (CK) & #10534280 (Yorwba)
x22931	Kunstwerk	CC-BY 2.0 (France) Attribution: tatoeba.org #3386886 (CK) & #12293946 (mayabe)
x22932	Krokodil	CC-BY 2.0 (France) Attribution: tatoeba.org #9400110 (Amastan) & #13095604 (Vortarulo)
x22933	versehentlich	CC-BY 2.0 (France) Attribution: tatoeba.org #301808 (CK) & #423832 (MUIRIEL)
x22934	Software	CC-BY 2.0 (France) Attribution: tatoeba.org #6774794 (Eccles17) & #8696589 (Yorwba)
x22935	strafen	CC-BY 2.0 (France) Attribution: tatoeba.org #272908 (CM) & #1783297 (Pfirsichbaeumchen)
x22936	vorbeigehen	CC-BY 2.0 (France) Attribution: tatoeba.org #4913188 (Hybrid) & #4913652 (Pfirsichbaeumchen)
x22937	Zuflucht	CC-BY 2.0 (France) Attribution: tatoeba.org #8433277 (Hybrid) & #10212720 (Pfirsichbaeumchen)
x22938	Union	CC-BY 2.0 (France) Attribution: tatoeba.org #805344 (Source_VOA) & #981882 (Esperantostern)
x22939	ungeduldig	CC-BY 2.0 (France) Attribution: tatoeba.org #275313 (CK) & #660917 (Manfredo)
x22940	Teich	CC-BY 2.0 (France) Attribution: tatoeba.org #3550126 (CK) & #8239353 (MisterTrouser)
x22941	nachlassen	CC-BY 2.0 (France) Attribution: tatoeba.org #12217692 (sundown) & #2297262 (Pfirsichbaeumchen)
x22942	unruhig	CC-BY 2.0 (France) Attribution: tatoeba.org #2266075 (_undertoad) & #2309287 (Pfirsichbaeumchen)
x22943	erhören	CC-BY 2.0 (France) Attribution: tatoeba.org #8404046 (CK) & #1514838 (Pfirsichbaeumchen)
x22944	Schmutz	CC-BY 2.0 (France) Attribution: tatoeba.org #10066384 (CK) & #12627258 (Waldelfe)
x22945	horchen	CC-BY 2.0 (France) Attribution: tatoeba.org #298443 (CK) & #366510 (lilygilder)
x22946	Atombombe	CC-BY 2.0 (France) Attribution: tatoeba.org #24027 (CK) & #369841 (kriskelvin)
x22947	Belästigung	CC-BY 2.0 (France) Attribution: tatoeba.org #51336 (CM) & #703447 (samueldora)
x22948	wachsam	CC-BY 2.0 (France) Attribution: tatoeba.org #307775 (CK) & #1287426 (Espi)
x22949	zurücknehmen	CC-BY 2.0 (France) Attribution: tatoeba.org #239714 (CM) & #2915937 (Zaghawa)
x22950	Aspekt	CC-BY 2.0 (France) Attribution: tatoeba.org #1601 (CK) & #405 (MUIRIEL)
x22951	Flora	CC-BY 2.0 (France) Attribution: tatoeba.org #2327383 (Hybrid) & #2330164 (Pfirsichbaeumchen)
x22952	begrenzen	CC-BY 2.0 (France) Attribution: tatoeba.org #660089 (darinmex) & #661404 (Esperantostern)
x22953	Favorit	CC-BY 2.0 (France) Attribution: tatoeba.org #2646083 (CK) & #8631116 (Pfirsichbaeumchen)
x22954	Kindermädchen	CC-BY 2.0 (France) Attribution: tatoeba.org #5004894 (CK) & #8076610 (Pfirsichbaeumchen)
x22955	Gerichtssaal	CC-BY 2.0 (France) Attribution: tatoeba.org #4255963 (orcrist) & #4256102 (raggione)
x22956	Taxifahrer	CC-BY 2.0 (France) Attribution: tatoeba.org #6232350 (CK) & #12644758 (Waldelfe)
x22957	Stützpunkt	CC-BY 2.0 (France) Attribution: tatoeba.org #1675305 (CK) & #1675302 (Pfirsichbaeumchen)
x22958	Kontinent	CC-BY 2.0 (France) Attribution: tatoeba.org #2882570 (evkon) & #3177631 (a_coder)
x22959	unmittelbar	CC-BY 2.0 (France) Attribution: tatoeba.org #23219 (Swift) & #846836 (Esperantostern)
x22960	bezaubernd	CC-BY 2.0 (France) Attribution: tatoeba.org #914111 (Jane_Austen) & #1521348 (Pfirsichbaeumchen)
x22961	Attacke	CC-BY 2.0 (France) Attribution: tatoeba.org #942543 (spockofvulcan) & #399040 (xtofu80)
x22962	Vorlesung	CC-BY 2.0 (France) Attribution: tatoeba.org #7722664 (CK) & #7724401 (raggione)
x22963	unvorstellbar	CC-BY 2.0 (France) Attribution: tatoeba.org #1775042 (potatosoup) & #3133778 (al_ex_an_der)
x22964	entschlüsseln	CC-BY 2.0 (France) Attribution: tatoeba.org #2486783 (Opiejay888) & #3052594 (Pfirsichbaeumchen)
x22965	weihen	CC-BY 2.0 (France) Attribution: tatoeba.org #58959 (CM) & #1812404 (Tamy)
x22966	Ehrgeiz	CC-BY 2.0 (France) Attribution: tatoeba.org #287121 (CM) & #649604 (samueldora)
x22967	Todesfall	CC-BY 2.0 (France) Attribution: tatoeba.org #285661 (CK) & #777482 (Manfredo)
x22968	entnehmen	CC-BY 2.0 (France) Attribution: tatoeba.org #2678426 (WestofEden) & #3234369 (raggione)
x22969	glänzend	CC-BY 2.0 (France) Attribution: tatoeba.org #65329 (CK) & #888549 (Espi)
x22970	Glückstag	CC-BY 2.0 (France) Attribution: tatoeba.org #2210813 (Hybrid) & #5016557 (brauchinet)
x22971	Hacker	CC-BY 2.0 (France) Attribution: tatoeba.org #516085 (darinmex) & #1105494 (jast)
x22972	klappern	CC-BY 2.0 (France) Attribution: tatoeba.org #325250 (CM) & #459363 (xtofu80)
x22973	demonstrieren	CC-BY 2.0 (France) Attribution: tatoeba.org #21325 (CK) & #1593865 (Sudajaengi)
x22974	durchfallen	CC-BY 2.0 (France) Attribution: tatoeba.org #2590562 (CK) & #2590765 (raggione)
x22975	strömen	CC-BY 2.0 (France) Attribution: tatoeba.org #58130 (CK) & #2783796 (Tamy)
x22976	Hingabe	CC-BY 2.0 (France) Attribution: tatoeba.org #2684387 (Hybrid) & #2684553 (Pfirsichbaeumchen)
x22977	Eule	CC-BY 2.0 (France) Attribution: tatoeba.org #10457453 (shekitten) & #12511998 (Naina)
x22978	vorlegen	CC-BY 2.0 (France) Attribution: tatoeba.org #4593702 (CK) & #4596737 (raggione)
x22979	diplomatisch	CC-BY 2.0 (France) Attribution: tatoeba.org #521020 (darinmex) & #937978 (Esperantostern)
x22980	Sattel	CC-BY 2.0 (France) Attribution: tatoeba.org #9941613 (CK) & #12461075 (Waldelfe)
x22981	Poesie	CC-BY 2.0 (France) Attribution: tatoeba.org #9125725 (Missy_Hissy) & #3860106 (Zaghawa)
x22982	Yen	CC-BY 2.0 (France) Attribution: tatoeba.org #238800 (CK) & #1211712 (PeterR)
x22983	schlüpfen	CC-BY 2.0 (France) Attribution: tatoeba.org #10547340 (CK) & #12585023 (Waldelfe)
x22984	Gebot	CC-BY 2.0 (France) Attribution: tatoeba.org #4665292 (CK) & #6701819 (Pfirsichbaeumchen)
x22985	Prediger	CC-BY 2.0 (France) Attribution: tatoeba.org #2045839 (CK) & #2120276 (Zaghawa)
x22986	bombardieren	CC-BY 2.0 (France) Attribution: tatoeba.org #278682 (CK) & #755453 (Manfredo)
x22987	massieren	CC-BY 2.0 (France) Attribution: tatoeba.org #1935036 (Spamster) & #1935122 (Pfirsichbaeumchen)
x22988	derartig	CC-BY 2.0 (France) Attribution: tatoeba.org #296026 (CK) & #3366967 (Pfirsichbaeumchen)
x22989	faszinierend	CC-BY 2.0 (France) Attribution: tatoeba.org #3614725 (Hybrid) & #6488869 (Pfirsichbaeumchen)
x22990	plagen	CC-BY 2.0 (France) Attribution: tatoeba.org #306841 (CK) & #406651 (xtofu80)
x22991	Gastfreundschaft	CC-BY 2.0 (France) Attribution: tatoeba.org #2642745 (CK) & #3608140 (Pfirsichbaeumchen)
x22992	Belastung	CC-BY 2.0 (France) Attribution: tatoeba.org #240989 (CK) & #496131 (al_ex_an_der)
x22993	sterbend	CC-BY 2.0 (France) Attribution: tatoeba.org #44296 (CK) & #2466490 (Tamy)
x22994	Stamm	CC-BY 2.0 (France) Attribution: tatoeba.org #805494 (Source_VOA) & #13594227 (Waldelfe)
x22995	Prototyp	CC-BY 2.0 (France) Attribution: tatoeba.org #9116812 (CK) & #11808608 (Pfirsichbaeumchen)
x22996	entfliehen	CC-BY 2.0 (France) Attribution: tatoeba.org #1682249 (Spamster) & #1683955 (Pfirsichbaeumchen)
x22997	legendär	CC-BY 2.0 (France) Attribution: tatoeba.org #2811744 (patgfisher) & #2811754 (Pfirsichbaeumchen)
x22998	feierlich	CC-BY 2.0 (France) Attribution: tatoeba.org #8826738 (sundown) & #2430480 (freddy1)
x22999	Erfüllung	CC-BY 2.0 (France) Attribution: tatoeba.org #1125628 (Scott) & #1868524 (Manfredo)
x23000	auskennen	CC-BY 2.0 (France) Attribution: tatoeba.org #2543223 (CK) & #12279164 (Pfirsichbaeumchen)
x23001	Neuanfang	CC-BY 2.0 (France) Attribution: tatoeba.org #1170422 (CM) & #1930758 (Ennocb)
x23002	Angewohnheit	CC-BY 2.0 (France) Attribution: tatoeba.org #28637 (CK) & #634264 (Manfredo)
x23003	Standard	CC-BY 2.0 (France) Attribution: tatoeba.org #286397 (CK) & #960256 (Esperantostern)
x23004	vernehmen	CC-BY 2.0 (France) Attribution: tatoeba.org #286976 (CM) & #4508031 (Yeti)
x23005	Heuchler	CC-BY 2.0 (France) Attribution: tatoeba.org #3723508 (CM) & #13594365 (Waldelfe)
x23006	oberflächlich	CC-BY 2.0 (France) Attribution: tatoeba.org #290474 (CM) & #612342 (virgil)
x23007	Selbstvertrauen	CC-BY 2.0 (France) Attribution: tatoeba.org #11675071 (sundown) & #4807492 (Tamy)
x23008	Verwirrung	CC-BY 2.0 (France) Attribution: tatoeba.org #1737269 (Spamster) & #3509967 (al_ex_an_der)
x23009	Übereinstimmung	CC-BY 2.0 (France) Attribution: tatoeba.org #321389 (CK) & #742399 (Esperantostern)
x23010	Komplikation	CC-BY 2.0 (France) Attribution: tatoeba.org #2884360 (patgfisher) & #2882840 (raggione)
x23011	bessern	CC-BY 2.0 (France) Attribution: tatoeba.org #8920040 (sundown) & #8701062 (Yorwba)
x23012	beeindruckend	CC-BY 2.0 (France) Attribution: tatoeba.org #6316445 (sundown) & #8053112 (Esperantostern)
x23013	Bote	CC-BY 2.0 (France) Attribution: tatoeba.org #2546577 (CK) & #12483133 (Waldelfe)
x23014	herb	CC-BY 2.0 (France) Attribution: tatoeba.org #1587252 (Spamster) & #1600356 (Pfirsichbaeumchen)
x23015	Umweg	CC-BY 2.0 (France) Attribution: tatoeba.org #46018 (CM) & #2503018 (Tamy)
x23016	Videospiel	CC-BY 2.0 (France) Attribution: tatoeba.org #9453395 (DJ_Saidez) & #9983723 (Pfirsichbaeumchen)
x23017	Tyrann	CC-BY 2.0 (France) Attribution: tatoeba.org #11790282 (shekitten) & #11790286 (mhr)
x23018	Großteil	CC-BY 2.0 (France) Attribution: tatoeba.org #48897 (CK) & #655395 (al_ex_an_der)
x23019	Bürgerkrieg	CC-BY 2.0 (France) Attribution: tatoeba.org #804203 (Source_VOA) & #836141 (Pfirsichbaeumchen)
x23020	Gegenmittel	CC-BY 2.0 (France) Attribution: tatoeba.org #4494716 (CK) & #8246276 (Luiaard)
x23021	hinfallen	CC-BY 2.0 (France) Attribution: tatoeba.org #1345547 (CK) & #372909 (xtofu80)
x23022	Potenzial	CC-BY 2.0 (France) Attribution: tatoeba.org #2254998 (CK) & #10053512 (wolfgangth)
x23023	zusammenbringen	CC-BY 2.0 (France) Attribution: tatoeba.org #5539114 (CK) & #5539145 (Pfirsichbaeumchen)
x23024	Gier	CC-BY 2.0 (France) Attribution: tatoeba.org #41050 (CM) & #1964886 (Tamy)
x23025	vage	CC-BY 2.0 (France) Attribution: tatoeba.org #288687 (CK) & #592923 (samueldora)
x23026	Metapher	CC-BY 2.0 (France) Attribution: tatoeba.org #3865467 (patgfisher) & #3865474 (raggione)
x23027	verstören	CC-BY 2.0 (France) Attribution: tatoeba.org #954770 (CK) & #2757025 (raggione)
x23028	sündigen	CC-BY 2.0 (France) Attribution: tatoeba.org #831787 (Swift) & #1282720 (Esperantostern)
x23029	psychiatrisch	CC-BY 2.0 (France) Attribution: tatoeba.org #9849520 (NurseMeeks) & #10151367 (driini)
x23030	Donnerwetter	CC-BY 2.0 (France) Attribution: tatoeba.org #10370416 (terrywallwork) & #10371745 (Pfirsichbaeumchen)
x23031	Erdbeere	CC-BY 2.0 (France) Attribution: tatoeba.org #3187258 (CK) & #3187322 (Pfirsichbaeumchen)
x23032	eintauschen	CC-BY 2.0 (France) Attribution: tatoeba.org #10335016 (CK) & #13100219 (Yorwba)
x23033	versohlen	CC-BY 2.0 (France) Attribution: tatoeba.org #541766 (darinmex) & #559901 (ysmalan)
x23034	Chirurg	CC-BY 2.0 (France) Attribution: tatoeba.org #5186556 (CM) & #13309105 (Waldelfe)
x23035	Erscheinung	CC-BY 2.0 (France) Attribution: tatoeba.org #324825 (CM) & #771852 (Esperantostern)
x23036	Leibwächter	CC-BY 2.0 (France) Attribution: tatoeba.org #9086943 (DJ_Saidez) & #3539727 (al_ex_an_der)
x23037	verüben	CC-BY 2.0 (France) Attribution: tatoeba.org #9344968 (Alkrasnov) & #13725335 (Waldelfe)
x23038	zusammenstellen	CC-BY 2.0 (France) Attribution: tatoeba.org #11592639 (CK) & #11592814 (Pfirsichbaeumchen)
x23039	Gehör	CC-BY 2.0 (France) Attribution: tatoeba.org #6033174 (CK) & #6021625 (brauchinet)
x23040	Arbeitszimmer	CC-BY 2.0 (France) Attribution: tatoeba.org #2268182 (_undertoad) & #2290475 (Pfirsichbaeumchen)
x23041	schlank	CC-BY 2.0 (France) Attribution: tatoeba.org #316144 (CK) & #664816 (Manfredo)
x23042	förmlich	CC-BY 2.0 (France) Attribution: tatoeba.org #239894 (CK) & #8081311 (Pfirsichbaeumchen)
x23043	aufschlagen	CC-BY 2.0 (France) Attribution: tatoeba.org #1223897 (Scott) & #2118137 (Pfirsichbaeumchen)
x23044	Verehrer	CC-BY 2.0 (France) Attribution: tatoeba.org #1895751 (CK) & #1907401 (Pfirsichbaeumchen)
x23045	Säufer	CC-BY 2.0 (France) Attribution: tatoeba.org #17580 (bmorsello) & #8599268 (Roujin)
x23046	Vorurteil	CC-BY 2.0 (France) Attribution: tatoeba.org #3821406 (CK) & #5244403 (christian42)
x23047	ärztlich	CC-BY 2.0 (France) Attribution: tatoeba.org #28026 (CK) & #5949053 (raggione)
x23048	schubsen	CC-BY 2.0 (France) Attribution: tatoeba.org #1977709 (Spamster) & #7413049 (Yorwba)
x23049	leidtun	CC-BY 2.0 (France) Attribution: tatoeba.org #2890603 (CK) & #2890601 (Pfirsichbaeumchen)
x23050	vielmehr	CC-BY 2.0 (France) Attribution: tatoeba.org #2258641 (_undertoad) & #2369682 (Pfirsichbaeumchen)
x23051	lebhaft	CC-BY 2.0 (France) Attribution: tatoeba.org #294883 (CK) & #841426 (xtofu80)
x23052	ausstatten	CC-BY 2.0 (France) Attribution: tatoeba.org #21626 (CK) & #8591462 (Yorwba)
x23053	Hellseher	CC-BY 2.0 (France) Attribution: tatoeba.org #2301559 (Hybrid) & #2301730 (Pfirsichbaeumchen)
x23054	verabscheuen	CC-BY 2.0 (France) Attribution: tatoeba.org #2245593 (CK) & #2435232 (Pfirsichbaeumchen)
x23055	Festnahme	CC-BY 2.0 (France) Attribution: tatoeba.org #8864870 (CK) & #8867973 (Pfirsichbaeumchen)
x23056	interviewen	CC-BY 2.0 (France) Attribution: tatoeba.org #11948978 (sundown) & #12193529 (Pfirsichbaeumchen)
x23057	Kapsel	CC-BY 2.0 (France) Attribution: tatoeba.org #61229 (CM) & #4755820 (bonny37)
x23058	Mühle	CC-BY 2.0 (France) Attribution: tatoeba.org #9006326 (Hybrid) & #9006882 (Pfirsichbaeumchen)
x23059	Server	CC-BY 2.0 (France) Attribution: tatoeba.org #682143 (Source_VOA) & #738145 (al_ex_an_der)
x23060	berechtigen	CC-BY 2.0 (France) Attribution: tatoeba.org #71072 (Shiawase) & #7153607 (raggione)
x23061	Gegenleistung	CC-BY 2.0 (France) Attribution: tatoeba.org #1916096 (Spamster) & #1918573 (Pfirsichbaeumchen)
x23062	Management	CC-BY 2.0 (France) Attribution: tatoeba.org #6927541 (Eccles17) & #6929114 (brauchinet)
x23063	Täuschung	CC-BY 2.0 (France) Attribution: tatoeba.org #2883711 (Hybrid) & #2883835 (Pfirsichbaeumchen)
x23064	Zitat	CC-BY 2.0 (France) Attribution: tatoeba.org #10184904 (megamanenm) & #10185346 (Pfirsichbaeumchen)
x23065	juristisch	CC-BY 2.0 (France) Attribution: tatoeba.org #321064 (CM) & #413674 (xtofu80)
x23066	brummen	CC-BY 2.0 (France) Attribution: tatoeba.org #1662834 (Amastan) & #1713460 (Pfirsichbaeumchen)
x23067	hinhalten	CC-BY 2.0 (France) Attribution: tatoeba.org #12335775 (ddnktr) & #12336908 (Pfirsichbaeumchen)
x23068	verwischen	CC-BY 2.0 (France) Attribution: tatoeba.org #12282842 (CK) & #12627371 (Waldelfe)
x23069	Ninja	CC-BY 2.0 (France) Attribution: tatoeba.org #2276568 (Hybrid) & #8833543 (Pfirsichbaeumchen)
x23070	auffordern	CC-BY 2.0 (France) Attribution: tatoeba.org #3560948 (Hybrid) & #3563120 (Pfirsichbaeumchen)
x23071	rammen	CC-BY 2.0 (France) Attribution: tatoeba.org #3079112 (niceguydave) & #3077980 (al_ex_an_der)
x23072	Elektrizität	CC-BY 2.0 (France) Attribution: tatoeba.org #680798 (Source_VOA) & #971002 (Sudajaengi)
x23073	Vorstrafe	CC-BY 2.0 (France) Attribution: tatoeba.org #2359568 (CK) & #2498601 (al_ex_an_der)
x23074	Ruine	CC-BY 2.0 (France) Attribution: tatoeba.org #10534803 (sundown) & #9477426 (Yorwba)
x23075	rücksichtslos	CC-BY 2.0 (France) Attribution: tatoeba.org #322821 (CM) & #3968673 (Dani6187)
x23076	erwägen	CC-BY 2.0 (France) Attribution: tatoeba.org #4496864 (CK) & #11932160 (Naina)
x23077	monatelang	CC-BY 2.0 (France) Attribution: tatoeba.org #25007 (CK) & #805163 (al_ex_an_der)
x23078	krallen	CC-BY 2.0 (France) Attribution: tatoeba.org #44554 (CM) & #1900436 (Tamy)
x23079	abdecken	CC-BY 2.0 (France) Attribution: tatoeba.org #3258552 (CM) & #13734589 (Waldelfe)
x23080	Aufführung	CC-BY 2.0 (France) Attribution: tatoeba.org #7120393 (CM) & #7372652 (Pfirsichbaeumchen)
x23081	fluchen	CC-BY 2.0 (France) Attribution: tatoeba.org #240479 (CK) & #724046 (kolonjano)
x23082	verstummen	CC-BY 2.0 (France) Attribution: tatoeba.org #1462701 (CK) & #372324 (xtofu80)
x23083	Anstrengung	CC-BY 2.0 (France) Attribution: tatoeba.org #271322 (CK) & #1308941 (Esperantostern)
x23084	Kiefer	CC-BY 2.0 (France) Attribution: tatoeba.org #1405944 (CK) & #1559923 (Pfirsichbaeumchen)
x23085	würdigen	CC-BY 2.0 (France) Attribution: tatoeba.org #681618 (Source_VOA) & #765003 (al_ex_an_der)
x23086	Pakt	CC-BY 2.0 (France) Attribution: tatoeba.org #2007814 (CK) & #12557322 (Yorwba)
x23087	derart	CC-BY 2.0 (France) Attribution: tatoeba.org #38745 (CK) & #1735404 (Pfirsichbaeumchen)
x23088	Seuche	CC-BY 2.0 (France) Attribution: tatoeba.org #2247288 (Hybrid) & #8688500 (Pfirsichbaeumchen)
x23089	Individuum	CC-BY 2.0 (France) Attribution: tatoeba.org #51411 (CM) & #2415523 (Zaghawa)
x23090	unterirdisch	CC-BY 2.0 (France) Attribution: tatoeba.org #805486 (Source_VOA) & #1783268 (Pfirsichbaeumchen)
x23091	Unterschlupf	CC-BY 2.0 (France) Attribution: tatoeba.org #3104459 (patgfisher) & #3104466 (Pfirsichbaeumchen)
x23092	Tätowierung	CC-BY 2.0 (France) Attribution: tatoeba.org #11763454 (CK) & #11763452 (Pfirsichbaeumchen)
x23093	Familienmitglied	CC-BY 2.0 (France) Attribution: tatoeba.org #325571 (CM) & #7775294 (Yorwba)
x23094	brandneu	CC-BY 2.0 (France) Attribution: tatoeba.org #3264710 (CK) & #3265367 (dinkel_girl)
x23095	Jazz	CC-BY 2.0 (France) Attribution: tatoeba.org #2361637 (CK) & #3033997 (pne)
x23096	Komiker	CC-BY 2.0 (France) Attribution: tatoeba.org #68471 (CK) & #455111 (xtofu80)
x23097	blenden	CC-BY 2.0 (France) Attribution: tatoeba.org #435020 (lukaszpp) & #897002 (Espi)
x23098	Aufprall	CC-BY 2.0 (France) Attribution: tatoeba.org #682020 (Source_VOA) & #748816 (al_ex_an_der)
x23099	Senf	CC-BY 2.0 (France) Attribution: tatoeba.org #11020284 (CM) & #12450688 (Waldelfe)
x23100	Papagei	CC-BY 2.0 (France) Attribution: tatoeba.org #65170 (Dejo) & #3351965 (raggione)
x23101	ausgleichen	CC-BY 2.0 (France) Attribution: tatoeba.org #2270021 (_undertoad) & #2289384 (Pfirsichbaeumchen)
x23102	Schwiegersohn	CC-BY 2.0 (France) Attribution: tatoeba.org #287610 (CS) & #762222 (xtofu80)
x23103	zerquetschen	CC-BY 2.0 (France) Attribution: tatoeba.org #526828 (darinmex) & #753987 (Esperantostern)
x23104	hindurch	CC-BY 2.0 (France) Attribution: tatoeba.org #12119264 (sundown) & #11697778 (mhr)
x23105	Höflichkeit	CC-BY 2.0 (France) Attribution: tatoeba.org #326096 (CK) & #4909190 (al_ex_an_der)
x23106	Sonnenbrille	CC-BY 2.0 (France) Attribution: tatoeba.org #1941288 (_undertoad) & #2233462 (Pfirsichbaeumchen)
x23107	Gesichtsausdruck	CC-BY 2.0 (France) Attribution: tatoeba.org #285813 (CK) & #7886335 (Pfirsichbaeumchen)
x23108	Expedition	CC-BY 2.0 (France) Attribution: tatoeba.org #1853707 (LanguageExpert) & #1853705 (al_ex_an_der)
x23109	Triumph	CC-BY 2.0 (France) Attribution: tatoeba.org #682322 (Source_VOA) & #707536 (Pfirsichbaeumchen)
x23110	Absturz	CC-BY 2.0 (France) Attribution: tatoeba.org #311367 (CK) & #1032662 (Kiwisplit)
x23111	Parlament	CC-BY 2.0 (France) Attribution: tatoeba.org #66591 (CM) & #2752547 (Pfirsichbaeumchen)
x23112	Demonstration	CC-BY 2.0 (France) Attribution: tatoeba.org #50230 (CM) & #1166326 (Haehnchenpaella)
x23113	nachschauen	CC-BY 2.0 (France) Attribution: tatoeba.org #2247750 (CK) & #6643556 (Felixjp)
x23114	letztlich	CC-BY 2.0 (France) Attribution: tatoeba.org #541980 (darinmex) & #5239079 (Pfirsichbaeumchen)
x23115	antik	CC-BY 2.0 (France) Attribution: tatoeba.org #316619 (CK) & #1359486 (Esperantostern)
x23116	tagelang	CC-BY 2.0 (France) Attribution: tatoeba.org #995273 (naomgabo) & #1717917 (Espi)
x23117	Meisterwerk	CC-BY 2.0 (France) Attribution: tatoeba.org #8885809 (iiujik) & #8878019 (Yorwba)
x23118	Maß	CC-BY 2.0 (France) Attribution: tatoeba.org #52362 (CK) & #5174154 (Tamy)
x23119	Außenseiter	CC-BY 2.0 (France) Attribution: tatoeba.org #2325993 (CK) & #4454788 (Vortarulo)
x23120	Manuskript	CC-BY 2.0 (France) Attribution: tatoeba.org #9463546 (AlanF_US) & #1537226 (nemoli)
x23121	Börse	CC-BY 2.0 (France) Attribution: tatoeba.org #21204 (CK) & #12527973 (mayabe)
x23122	Atemzug	CC-BY 2.0 (France) Attribution: tatoeba.org #315171 (CK) & #379915 (xtofu80)
x23123	Kooperation	CC-BY 2.0 (France) Attribution: tatoeba.org #54485 (CK) & #481679 (Ullalia)
x23124	Schwerkraft	CC-BY 2.0 (France) Attribution: tatoeba.org #681098 (Source_VOA) & #1527791 (Pfirsichbaeumchen)
x23125	Unterbrechung	CC-BY 2.0 (France) Attribution: tatoeba.org #8973566 (sundown) & #969177 (Esperantostern)
x23126	verschütten	CC-BY 2.0 (France) Attribution: tatoeba.org #2271338 (CK) & #3844714 (Pfirsichbaeumchen)
x23127	bescheren	CC-BY 2.0 (France) Attribution: tatoeba.org #9812218 (CK) & #9812221 (Pfirsichbaeumchen)
x23128	Untergrund	CC-BY 2.0 (France) Attribution: tatoeba.org #693397 (darinmex) & #725021 (Manfredo)
x23129	überspringen	CC-BY 2.0 (France) Attribution: tatoeba.org #293817 (CK) & #8809180 (wolfgangth)
x23130	Territorium	CC-BY 2.0 (France) Attribution: tatoeba.org #237812 (CK) & #797204 (xtofu80)
x23131	Waffel	CC-BY 2.0 (France) Attribution: tatoeba.org #1683806 (Spamster) & #1683887 (Pfirsichbaeumchen)
x23132	Pyramide	CC-BY 2.0 (France) Attribution: tatoeba.org #2740458 (Hybrid) & #2745319 (Pfirsichbaeumchen)
x23133	vermischen	CC-BY 2.0 (France) Attribution: tatoeba.org #681499 (Source_VOA) & #772878 (al_ex_an_der)
x23134	liebevoll	CC-BY 2.0 (France) Attribution: tatoeba.org #2264240 (sharptoothed) & #3979408 (Dani6187)
x23135	Antibiotikum	CC-BY 2.0 (France) Attribution: tatoeba.org #3826719 (CK) & #3850315 (Tamy)
x23136	Braut	CC-BY 2.0 (France) Attribution: tatoeba.org #312912 (CK) & #7335124 (Yorwba)
x23137	zulegen	CC-BY 2.0 (France) Attribution: tatoeba.org #31219 (CK) & #641147 (Pfirsichbaeumchen)
x23138	Innenstadt	CC-BY 2.0 (France) Attribution: tatoeba.org #1365720 (CK) & #2942253 (Pfirsichbaeumchen)
x23139	Defekt	CC-BY 2.0 (France) Attribution: tatoeba.org #1512331 (CK) & #1228943 (al_ex_an_der)
x23140	Ablauf	CC-BY 2.0 (France) Attribution: tatoeba.org #58533 (CK) & #2824478 (Tamy)
x23141	Vorliebe	CC-BY 2.0 (France) Attribution: tatoeba.org #1270784 (CM) & #5382086 (Pfirsichbaeumchen)
x23142	Schaufel	CC-BY 2.0 (France) Attribution: tatoeba.org #3374154 (CK) & #12407579 (mayabe)
x23143	Verzögerung	CC-BY 2.0 (France) Attribution: tatoeba.org #24488 (CK) & #3864697 (Pfirsichbaeumchen)
x23144	zurückfahren	CC-BY 2.0 (France) Attribution: tatoeba.org #12447073 (CK) & #12448966 (Waldelfe)
x23145	miserabel	CC-BY 2.0 (France) Attribution: tatoeba.org #2548740 (CK) & #10033766 (wolfgangth)
x23146	schmal	CC-BY 2.0 (France) Attribution: tatoeba.org #10918511 (sundown) & #3244066 (raggione)
x23147	Rücksitz	CC-BY 2.0 (France) Attribution: tatoeba.org #3831123 (CK) & #3949633 (Kuraimegami)
x23148	Eröffnung	CC-BY 2.0 (France) Attribution: tatoeba.org #7790183 (sharris123) & #10678491 (Yorwba)
x23149	Physik	CC-BY 2.0 (France) Attribution: tatoeba.org #681987 (Source_VOA) & #753926 (Zaghawa)
x23150	Tango	CC-BY 2.0 (France) Attribution: tatoeba.org #1040740 (CK) & #1982581 (Alois)
x23151	verstopfen	CC-BY 2.0 (France) Attribution: tatoeba.org #2261567 (_undertoad) & #2344914 (Pfirsichbaeumchen)
x23152	gewaltsam	CC-BY 2.0 (France) Attribution: tatoeba.org #287362 (CM) & #1508307 (Zaghawa)
x23153	runterholen	CC-BY 2.0 (France) Attribution: tatoeba.org #8230200 (CK) & #12420410 (Waldelfe)
x23154	Korruption	CC-BY 2.0 (France) Attribution: tatoeba.org #4979784 (Hybrid) & #6849427 (Pfirsichbaeumchen)
x23155	anschließend	CC-BY 2.0 (France) Attribution: tatoeba.org #4499184 (CK) & #4874685 (raggione)
x23156	zugreifen	CC-BY 2.0 (France) Attribution: tatoeba.org #6664583 (CK) & #13578909 (Waldelfe)
x23157	herab	CC-BY 2.0 (France) Attribution: tatoeba.org #268272 (Dejo) & #7550120 (Yorwba)
x23158	Entschluss	CC-BY 2.0 (France) Attribution: tatoeba.org #5411701 (CK) & #11817483 (Pfirsichbaeumchen)
x23159	Mücke	CC-BY 2.0 (France) Attribution: tatoeba.org #827686 (McDutchie) & #806819 (Manfredo)
x23160	rassistisch	CC-BY 2.0 (France) Attribution: tatoeba.org #270378 (CM) & #4245172 (Pfirsichbaeumchen)
x23161	Desaster	CC-BY 2.0 (France) Attribution: tatoeba.org #680704 (Source_VOA) & #2399923 (Ennocb)
x23162	Menschenleben	CC-BY 2.0 (France) Attribution: tatoeba.org #47177 (CK) & #1462953 (Manfredo)
x23163	beanspruchen	CC-BY 2.0 (France) Attribution: tatoeba.org #304606 (CK) & #2008151 (Manfredo)
x23164	anhand	CC-BY 2.0 (France) Attribution: tatoeba.org #27182 (jakov) & #931759 (jakov)
x23165	Auslöser	CC-BY 2.0 (France) Attribution: tatoeba.org #6673998 (Eccles17) & #6675078 (brauchinet)
x23166	Smoking	CC-BY 2.0 (France) Attribution: tatoeba.org #730696 (CK) & #730694 (al_ex_an_der)
x23167	rausschmeißen	CC-BY 2.0 (France) Attribution: tatoeba.org #62880 (CK) & #2342191 (Zaghawa)
x23168	Triebwerk	CC-BY 2.0 (France) Attribution: tatoeba.org #11778686 (ddnktr) & #13725064 (Waldelfe)
x23169	Seide	CC-BY 2.0 (France) Attribution: tatoeba.org #239261 (CM) & #8861692 (mramosch)
x23170	entlasten	CC-BY 2.0 (France) Attribution: tatoeba.org #695160 (darinmex) & #728818 (Esperantostern)
x23171	bizarr	CC-BY 2.0 (France) Attribution: tatoeba.org #7357078 (Eccles17) & #12450477 (Waldelfe)
x23172	schleudern	CC-BY 2.0 (France) Attribution: tatoeba.org #673309 (darinmex) & #2120266 (Zaghawa)
x23173	zuteilen	CC-BY 2.0 (France) Attribution: tatoeba.org #3501301 (CK) & #1615409 (Pfirsichbaeumchen)
x23174	überfordern	CC-BY 2.0 (France) Attribution: tatoeba.org #1897729 (CK) & #1907177 (Pfirsichbaeumchen)
x23175	versinken	CC-BY 2.0 (France) Attribution: tatoeba.org #11254460 (sundown) & #10655263 (annalog)
x23176	tüchtig	CC-BY 2.0 (France) Attribution: tatoeba.org #262071 (CM) & #6084182 (raggione)
x23177	spalten	CC-BY 2.0 (France) Attribution: tatoeba.org #43762 (CM) & #2384686 (Tamy)
x23178	Blei	CC-BY 2.0 (France) Attribution: tatoeba.org #8916571 (CK) & #1219205 (Sudajaengi)
x23179	erreichbar	CC-BY 2.0 (France) Attribution: tatoeba.org #10636539 (AlanF_US) & #10636886 (Pfirsichbaeumchen)
x23180	aneinander	CC-BY 2.0 (France) Attribution: tatoeba.org #3951898 (Hybrid) & #13596258 (Waldelfe)
x23181	Puzzle	CC-BY 2.0 (France) Attribution: tatoeba.org #6616506 (Eccles17) & #6972200 (Pfirsichbaeumchen)
x23182	krepieren	CC-BY 2.0 (France) Attribution: tatoeba.org #3153864 (CK) & #5224639 (Esperantostern)
x23183	sonntags	CC-BY 2.0 (France) Attribution: tatoeba.org #1495724 (CK) & #1771395 (Pfirsichbaeumchen)
x23184	Katholik	CC-BY 2.0 (France) Attribution: tatoeba.org #12195764 (Miktsoanit) & #9788584 (driini)
x23185	Pudding	CC-BY 2.0 (France) Attribution: tatoeba.org #1830480 (CK) & #1925224 (Pfirsichbaeumchen)
x23186	Anrufer	CC-BY 2.0 (France) Attribution: tatoeba.org #279321 (CK) & #1203983 (Sudajaengi)
x23187	Mikrofon	CC-BY 2.0 (France) Attribution: tatoeba.org #5774838 (CK) & #5868856 (raggione)
x23188	Tabak	CC-BY 2.0 (France) Attribution: tatoeba.org #8009429 (CK) & #8280348 (Luiaard)
x23189	Halskette	CC-BY 2.0 (France) Attribution: tatoeba.org #311910 (CK) & #12393877 (Yorwba)
x23190	Mythos	CC-BY 2.0 (France) Attribution: tatoeba.org #3822140 (CK) & #1907073 (Pfirsichbaeumchen)
x23191	abbekommen	CC-BY 2.0 (France) Attribution: tatoeba.org #7838285 (CK) & #7838582 (raggione)
x23192	Marihuana	CC-BY 2.0 (France) Attribution: tatoeba.org #9849555 (NurseMeeks) & #10111574 (driini)
x23193	Lebenszeichen	CC-BY 2.0 (France) Attribution: tatoeba.org #6945897 (Eccles17) & #6971998 (Pfirsichbaeumchen)
x23194	Sklaverei	CC-BY 2.0 (France) Attribution: tatoeba.org #2491816 (AlanF_US) & #2492160 (Pfirsichbaeumchen)
x23195	Sponsor	CC-BY 2.0 (France) Attribution: tatoeba.org #12219271 (CK) & #12660832 (Waldelfe)
x23196	vorliegen	CC-BY 2.0 (France) Attribution: tatoeba.org #8137262 (CK) & #8144888 (Pfirsichbaeumchen)
x23197	Verlegenheit	CC-BY 2.0 (France) Attribution: tatoeba.org #11910093 (sundown) & #2918230 (Manfredo)
x23198	Behälter	CC-BY 2.0 (France) Attribution: tatoeba.org #3396666 (CK) & #3405915 (Pfirsichbaeumchen)
x23199	ungeschickt	CC-BY 2.0 (France) Attribution: tatoeba.org #267839 (CK) & #2617284 (raggione)
x23200	Bereitschaft	CC-BY 2.0 (France) Attribution: tatoeba.org #1775055 (Eldad) & #1775038 (al_ex_an_der)
x23201	Angeber	CC-BY 2.0 (France) Attribution: tatoeba.org #2199109 (Hybrid) & #5341221 (Sudajaengi)
x23202	Ausschuss	CC-BY 2.0 (France) Attribution: tatoeba.org #43611 (CK) & #2367251 (Tamy)
x23203	Kürbis	CC-BY 2.0 (France) Attribution: tatoeba.org #9107021 (CK) & #12279166 (Pfirsichbaeumchen)
x23204	sortieren	CC-BY 2.0 (France) Attribution: tatoeba.org #9960700 (sundown) & #824507 (jakov)
x23205	vorhersagen	CC-BY 2.0 (France) Attribution: tatoeba.org #681779 (Source_VOA) & #758124 (Pfirsichbaeumchen)
x23206	Gründer	CC-BY 2.0 (France) Attribution: tatoeba.org #462976 (lukaszpp) & #3242642 (Pfirsichbaeumchen)
x23207	Bengel	CC-BY 2.0 (France) Attribution: tatoeba.org #3728034 (CM) & #4111354 (Dani6187)
x23208	entzücken	CC-BY 2.0 (France) Attribution: tatoeba.org #7745003 (TracyPoff) & #12667295 (Waldelfe)
x23209	Eintrag	CC-BY 2.0 (France) Attribution: tatoeba.org #1498989 (weihaiping) & #782022 (Hans_Adler)
x23210	zerfetzen	CC-BY 2.0 (France) Attribution: tatoeba.org #11790754 (CK) & #12641655 (Waldelfe)
x23211	Psychologie	CC-BY 2.0 (France) Attribution: tatoeba.org #56912 (CM) & #1925455 (Tamy)
x23212	Wahlkampf	CC-BY 2.0 (France) Attribution: tatoeba.org #807310 (Source_VOA) & #927289 (Pfirsichbaeumchen)
x23213	kreieren	CC-BY 2.0 (France) Attribution: tatoeba.org #12784245 (CK) & #13115086 (Yorwba)
x23214	Alarmanlage	CC-BY 2.0 (France) Attribution: tatoeba.org #12274174 (CK) & #12643962 (Waldelfe)
x23215	Lanze	CC-BY 2.0 (France) Attribution: tatoeba.org #10360256 (AlanF_US) & #12684182 (Yorwba)
x23216	Jahrestag	CC-BY 2.0 (France) Attribution: tatoeba.org #1934760 (Spamster) & #1935192 (Pfirsichbaeumchen)
x23217	Abtreibung	CC-BY 2.0 (France) Attribution: tatoeba.org #55465 (Zifre) & #5265998 (Sudajaengi)
x23218	hinnehmen	CC-BY 2.0 (France) Attribution: tatoeba.org #8050417 (CK) & #13449188 (Naina)
x23219	experimentieren	CC-BY 2.0 (France) Attribution: tatoeba.org #5753327 (CM) & #8323065 (Luiaard)
x23220	Verbrechen	CC-BY 2.0 (France) Attribution: tatoeba.org #2693524 (WestofEden) & #3860419 (Tickler)
x23221	Grieche	CC-BY 2.0 (France) Attribution: tatoeba.org #239872 (CK) & #13428156 (Waldelfe)
x23222	Kommission	CC-BY 2.0 (France) Attribution: tatoeba.org #280024 (CK) & #834950 (xtofu80)
x23223	schlampig	CC-BY 2.0 (France) Attribution: tatoeba.org #7349495 (AlanF_US) & #11826530 (Naina)
x23224	abschlagen	CC-BY 2.0 (France) Attribution: tatoeba.org #6659380 (CK) & #6879492 (Pfirsichbaeumchen)
x23225	unterwerfen	CC-BY 2.0 (France) Attribution: tatoeba.org #619128 (ulyssemc1) & #1765597 (Zaghawa)
x23226	Kavallerie	CC-BY 2.0 (France) Attribution: tatoeba.org #2259279 (_undertoad) & #2352147 (Pfirsichbaeumchen)
x23227	allerseits	CC-BY 2.0 (France) Attribution: tatoeba.org #22127 (CK) & #6701555 (ruth_tatoeba)
x23228	konkret	CC-BY 2.0 (France) Attribution: tatoeba.org #9464692 (sundown) & #1576393 (al_ex_an_der)
x23229	Beifall	CC-BY 2.0 (France) Attribution: tatoeba.org #8973566 (sundown) & #969177 (Esperantostern)
x23230	Krug	CC-BY 2.0 (France) Attribution: tatoeba.org #2267655 (_undertoad) & #2293980 (Pfirsichbaeumchen)
x23231	ausleihen	CC-BY 2.0 (France) Attribution: tatoeba.org #3002532 (patgfisher) & #3002361 (klagefall)
x23232	fegen	CC-BY 2.0 (France) Attribution: tatoeba.org #1369535 (CK) & #2238105 (Pfirsichbaeumchen)
x23233	missverstehen	CC-BY 2.0 (France) Attribution: tatoeba.org #2033773 (CK) & #2717445 (raggione)
x23234	ausrasten	CC-BY 2.0 (France) Attribution: tatoeba.org #7451955 (Hybrid) & #9125402 (Pfirsichbaeumchen)
x23235	wahrlich	CC-BY 2.0 (France) Attribution: tatoeba.org #7917335 (Hybrid) & #11273513 (Pfirsichbaeumchen)
x23236	Bedienung	CC-BY 2.0 (France) Attribution: tatoeba.org #65664 (CK) & #6592304 (Pfirsichbaeumchen)
x23237	Truhe	CC-BY 2.0 (France) Attribution: tatoeba.org #9710344 (AlanF_US) & #1951223 (Tamy)
x23238	imitieren	CC-BY 2.0 (France) Attribution: tatoeba.org #11630087 (CK) & #12659104 (Waldelfe)
x23239	hochkommen	CC-BY 2.0 (France) Attribution: tatoeba.org #308019 (CK) & #581443 (cost)
x23240	Schlucht	CC-BY 2.0 (France) Attribution: tatoeba.org #10072302 (AlanF_US) & #12441194 (Yorwba)
x23241	Bekanntschaft	CC-BY 2.0 (France) Attribution: tatoeba.org #317273 (TRANG) & #357494 (MUIRIEL)
x23242	schöpfen	CC-BY 2.0 (France) Attribution: tatoeba.org #10501995 (sundown) & #2358248 (al_ex_an_der)
x23243	Obhut	CC-BY 2.0 (France) Attribution: tatoeba.org #257958 (CK) & #790447 (Espi)
x23244	Scheinwerfer	CC-BY 2.0 (France) Attribution: tatoeba.org #4501273 (CK) & #12412593 (Yorwba)
x23245	aushelfen	CC-BY 2.0 (France) Attribution: tatoeba.org #2187749 (Hybrid) & #2188577 (Pfirsichbaeumchen)
x23246	Stapel	CC-BY 2.0 (France) Attribution: tatoeba.org #681414 (Source_VOA) & #817876 (Pfirsichbaeumchen)
x23247	verstreuen	CC-BY 2.0 (France) Attribution: tatoeba.org #8356449 (Hybrid) & #8394021 (Pfirsichbaeumchen)
x23248	nuklear	CC-BY 2.0 (France) Attribution: tatoeba.org #453046 (Swift) & #3557114 (Pfirsichbaeumchen)
x23249	shoppen	CC-BY 2.0 (France) Attribution: tatoeba.org #282511 (CK) & #418974 (MUIRIEL)
x23250	Mithilfe	CC-BY 2.0 (France) Attribution: tatoeba.org #1396344 (CK) & #1766618 (Pfirsichbaeumchen)
x23251	Fassung	CC-BY 2.0 (France) Attribution: tatoeba.org #290238 (CK) & #10177693 (wolfgangth)
x23252	selbstsüchtig	CC-BY 2.0 (France) Attribution: tatoeba.org #1913103 (CK) & #1913652 (Pfirsichbaeumchen)
x23253	Hindernis	CC-BY 2.0 (France) Attribution: tatoeba.org #2716465 (Dejo) & #743948 (xtofu80)
x23254	Organismus	CC-BY 2.0 (France) Attribution: tatoeba.org #2065142 (halfb1t) & #2066554 (Pfirsichbaeumchen)
x23255	erhaben	CC-BY 2.0 (France) Attribution: tatoeba.org #682207 (Source_VOA) & #771916 (jakov)
x23256	Integrität	CC-BY 2.0 (France) Attribution: tatoeba.org #3142957 (CK) & #3143301 (brauchinet)
x23257	Hinterkopf	CC-BY 2.0 (France) Attribution: tatoeba.org #302461 (CM) & #3931444 (Trinkschokolade)
x23258	Unheil	CC-BY 2.0 (France) Attribution: tatoeba.org #2812428 (patgfisher) & #2812260 (raggione)
x23259	Schmerzmittel	CC-BY 2.0 (France) Attribution: tatoeba.org #278322 (CK) & #2658790 (Pfirsichbaeumchen)
x23260	agieren	CC-BY 2.0 (France) Attribution: tatoeba.org #8657100 (AlanF_US) & #12254523 (Yorwba)
x23261	Ohnmacht	CC-BY 2.0 (France) Attribution: tatoeba.org #6008867 (Hybrid) & #9969940 (Pfirsichbaeumchen)
x23262	Autoschlüssel	CC-BY 2.0 (France) Attribution: tatoeba.org #1808153 (pne) & #644155 (sigfrido)
x23263	Leichenhalle	CC-BY 2.0 (France) Attribution: tatoeba.org #467845 (CK) & #750282 (samueldora)
x23264	Pelz	CC-BY 2.0 (France) Attribution: tatoeba.org #61149 (CK) & #3638076 (Tamy)
x23265	hineinziehen	CC-BY 2.0 (France) Attribution: tatoeba.org #2539441 (CK) & #7790006 (Tamy)
x23266	vorbeifahren	CC-BY 2.0 (France) Attribution: tatoeba.org #262192 (CK) & #11452930 (simonwilmes)
x23267	inmitten	CC-BY 2.0 (France) Attribution: tatoeba.org #44766 (CM) & #746019 (Esperantostern)
x23268	ausnahmsweise	CC-BY 2.0 (France) Attribution: tatoeba.org #1832119 (Spamster) & #1836296 (Pfirsichbaeumchen)
x23269	flicken	CC-BY 2.0 (France) Attribution: tatoeba.org #7359047 (AlanF_US) & #7364502 (Pfirsichbaeumchen)
x23270	sowjetisch	CC-BY 2.0 (France) Attribution: tatoeba.org #41255 (CM) & #561509 (cost)
x23271	gleiten	CC-BY 2.0 (France) Attribution: tatoeba.org #278219 (CM) & #1103333 (Haehnchenpaella)
x23272	Millionär	CC-BY 2.0 (France) Attribution: tatoeba.org #703109 (papabear) & #1332430 (al_ex_an_der)
x23273	Augenbraue	CC-BY 2.0 (France) Attribution: tatoeba.org #2783114 (catcher) & #8120768 (Esperantostern)
x23274	preisgeben	CC-BY 2.0 (France) Attribution: tatoeba.org #5413975 (AlanF_US) & #5476948 (raggione)
x23275	Begeisterung	CC-BY 2.0 (France) Attribution: tatoeba.org #10910338 (sundown) & #4114290 (raggione)
x23276	Forscher	CC-BY 2.0 (France) Attribution: tatoeba.org #294475 (CK) & #13668203 (Naina)
x23277	Kuckuck	CC-BY 2.0 (France) Attribution: tatoeba.org #63693 (CK) & #865433 (Manfredo)
x23278	Unabhängigkeit	CC-BY 2.0 (France) Attribution: tatoeba.org #4999926 (CK) & #12084659 (mayabe)
x23279	radioaktiv	CC-BY 2.0 (France) Attribution: tatoeba.org #2169931 (CM) & #4145050 (Pfirsichbaeumchen)
x23280	Unfug	CC-BY 2.0 (France) Attribution: tatoeba.org #41627 (CK) & #2015903 (Tamy)
x23281	kidnappen	CC-BY 2.0 (France) Attribution: tatoeba.org #1114162 (Scott) & #1386485 (al_ex_an_der)
x23282	zornig	CC-BY 2.0 (France) Attribution: tatoeba.org #52299 (Swift) & #12567203 (mayabe)
x23283	vereinigen	CC-BY 2.0 (France) Attribution: tatoeba.org #690919 (ulyssemc1) & #693835 (Esperantostern)
x23284	Business	CC-BY 2.0 (France) Attribution: tatoeba.org #15976 (Swift) & #12629841 (mayabe)
x23285	Antiquität	CC-BY 2.0 (France) Attribution: tatoeba.org #11894199 (CK) & #12585055 (Waldelfe)
x23286	versöhnen	CC-BY 2.0 (France) Attribution: tatoeba.org #706408 (papabear) & #1204050 (samueldora)
x23287	prägen	CC-BY 2.0 (France) Attribution: tatoeba.org #2111602 (CK) & #4942723 (Hans_Adler)
x23288	verwüsten	CC-BY 2.0 (France) Attribution: tatoeba.org #10167422 (CK) & #10168474 (Pfirsichbaeumchen)
x23289	stehend	CC-BY 2.0 (France) Attribution: tatoeba.org #9093306 (sundown) & #9079616 (Yorwba)
x23290	Schwiegervater	CC-BY 2.0 (France) Attribution: tatoeba.org #1555874 (Espi) & #716643 (Hans07)
x23291	Mitteilung	CC-BY 2.0 (France) Attribution: tatoeba.org #284009 (CK) & #408612 (xtofu80)
x23292	gegeneinander	CC-BY 2.0 (France) Attribution: tatoeba.org #10567888 (CK) & #10569467 (Pfirsichbaeumchen)
x23293	verzögern	CC-BY 2.0 (France) Attribution: tatoeba.org #2259723 (_undertoad) & #2351758 (Pfirsichbaeumchen)
x23294	Kapital	CC-BY 2.0 (France) Attribution: tatoeba.org #2259297 (_undertoad) & #2352105 (Pfirsichbaeumchen)
x23295	Impfstoff	CC-BY 2.0 (France) Attribution: tatoeba.org #3730566 (CM) & #12485805 (Waldelfe)
x23296	Verkleidung	CC-BY 2.0 (France) Attribution: tatoeba.org #320345 (CM) & #612444 (virgil)
x23297	überführen	CC-BY 2.0 (France) Attribution: tatoeba.org #287734 (CM) & #414016 (xtofu80)
x23298	Enkelkind	CC-BY 2.0 (France) Attribution: tatoeba.org #43353 (CK) & #617788 (cost)
x23299	nachholen	CC-BY 2.0 (France) Attribution: tatoeba.org #248763 (CK) & #1693370 (Pfirsichbaeumchen)
x23300	abscheulich	CC-BY 2.0 (France) Attribution: tatoeba.org #28320 (CK) & #5216615 (Pfirsichbaeumchen)
x23301	aufrufen	CC-BY 2.0 (France) Attribution: tatoeba.org #247097 (CK) & #614627 (MUIRIEL)
x23302	Schwiegermutter	CC-BY 2.0 (France) Attribution: tatoeba.org #10748445 (sundown) & #9286299 (Pfirsichbaeumchen)
x23303	spektakulär	CC-BY 2.0 (France) Attribution: tatoeba.org #681955 (Source_VOA) & #754324 (Zaghawa)
x23304	Vereinigung	CC-BY 2.0 (France) Attribution: tatoeba.org #681585 (Source_VOA) & #12975018 (Yorwba)
x23305	Wohlstand	CC-BY 2.0 (France) Attribution: tatoeba.org #682385 (Source_VOA) & #689630 (Pfirsichbaeumchen)
x23306	hallen	CC-BY 2.0 (France) Attribution: tatoeba.org #1923428 (CK) & #1924015 (Pfirsichbaeumchen)
x23307	verziehen	CC-BY 2.0 (France) Attribution: tatoeba.org #63463 (CM) & #1238466 (Esperantostern)
x23308	Mikro	CC-BY 2.0 (France) Attribution: tatoeba.org #10094827 (ddnktr) & #10095948 (Pfirsichbaeumchen)
x23309	Adoption	CC-BY 2.0 (France) Attribution: tatoeba.org #1343752 (Chrikaru) & #1503197 (Pfirsichbaeumchen)
x23310	ausrutschen	CC-BY 2.0 (France) Attribution: tatoeba.org #2268138 (_undertoad) & #2290510 (Pfirsichbaeumchen)
x23311	Fußboden	CC-BY 2.0 (France) Attribution: tatoeba.org #268093 (CK) & #9846826 (Pfirsichbaeumchen)
x23312	praktizieren	CC-BY 2.0 (France) Attribution: tatoeba.org #7969486 (Hybrid) & #7996966 (Pfirsichbaeumchen)
x23313	wochenlang	CC-BY 2.0 (France) Attribution: tatoeba.org #8717430 (sundown) & #8601108 (brauchinet)
x23314	Morgengrauen	CC-BY 2.0 (France) Attribution: tatoeba.org #10602349 (sundown) & #10608792 (Pfirsichbaeumchen)
x23315	liebenswürdig	CC-BY 2.0 (France) Attribution: tatoeba.org #310835 (CK) & #646812 (Pfirsichbaeumchen)
x23316	zwitschern	CC-BY 2.0 (France) Attribution: tatoeba.org #10762526 (AlanF_US) & #10762528 (Pfirsichbaeumchen)
x23317	Blutgruppe	CC-BY 2.0 (France) Attribution: tatoeba.org #528304 (fanty) & #338287 (Sprachprofi)
x23318	Notizbuch	CC-BY 2.0 (France) Attribution: tatoeba.org #55221 (CK) & #1323220 (samueldora)
x23319	beistehen	CC-BY 2.0 (France) Attribution: tatoeba.org #24635 (CK) & #804859 (Manfredo)
x23320	Verwendung	CC-BY 2.0 (France) Attribution: tatoeba.org #10996943 (CK) & #11827520 (Pfirsichbaeumchen)
x23321	Nord	CC-BY 2.0 (France) Attribution: tatoeba.org #10953891 (sundown) & #10759718 (Yorwba)
x23322	Peso	CC-BY 2.0 (France) Attribution: tatoeba.org #2258954 (_undertoad) & #2365469 (Pfirsichbaeumchen)
x23323	Nachtschicht	CC-BY 2.0 (France) Attribution: tatoeba.org #1726887 (belgavox) & #8839788 (wolfgangth)
x23324	abfinden	CC-BY 2.0 (France) Attribution: tatoeba.org #8973437 (sundown) & #7884966 (Pfirsichbaeumchen)
x23325	einlösen	CC-BY 2.0 (France) Attribution: tatoeba.org #437035 (lukaszpp) & #2942602 (Dani6187)
x23326	Evolution	CC-BY 2.0 (France) Attribution: tatoeba.org #1876171 (Spamster) & #1876183 (Tamy)
x23327	misshandeln	CC-BY 2.0 (France) Attribution: tatoeba.org #11211612 (CK) & #11211670 (Pfirsichbaeumchen)
x23328	künstlerisch	CC-BY 2.0 (France) Attribution: tatoeba.org #42847 (CM) & #2218738 (Tamy)
x23329	Rektor	CC-BY 2.0 (France) Attribution: tatoeba.org #370681 (saeb) & #1391369 (al_ex_an_der)
x23330	Höhle	CC-BY 2.0 (France) Attribution: tatoeba.org #11801447 (sundown) & #12003710 (Pfirsichbaeumchen)
x23331	Vorgang	CC-BY 2.0 (France) Attribution: tatoeba.org #1552324 (Spamster) & #1552325 (Pfirsichbaeumchen)
x23332	zutrauen	CC-BY 2.0 (France) Attribution: tatoeba.org #1217906 (PeterR) & #1217937 (PeterR)
x23333	attackieren	CC-BY 2.0 (France) Attribution: tatoeba.org #6897896 (CK) & #13267549 (Waldelfe)
x23334	unterziehen	CC-BY 2.0 (France) Attribution: tatoeba.org #2266319 (_undertoad) & #2306969 (Pfirsichbaeumchen)
x23335	ärgerlich	CC-BY 2.0 (France) Attribution: tatoeba.org #300098 (CM) & #783847 (Hans_Adler)
x23336	Diskretion	CC-BY 2.0 (France) Attribution: tatoeba.org #657067 (darinmex) & #865808 (Espi)
x23337	Frosch	CC-BY 2.0 (France) Attribution: tatoeba.org #4198288 (CK) & #4200879 (Pfirsichbaeumchen)
x23338	Evakuierung	CC-BY 2.0 (France) Attribution: tatoeba.org #4016049 (CK) & #12831192 (Waldelfe)
x23339	Vernichtung	CC-BY 2.0 (France) Attribution: tatoeba.org #21722 (CK) & #1771682 (Tamy)
x23340	kürzen	CC-BY 2.0 (France) Attribution: tatoeba.org #247749 (CK) & #569561 (Espi)
x23341	knutschen	CC-BY 2.0 (France) Attribution: tatoeba.org #11262352 (sundown) & #933016 (Fingerhut)
x23342	Glücksspiel	CC-BY 2.0 (France) Attribution: tatoeba.org #2245720 (CK) & #2430503 (Pfirsichbaeumchen)
x23343	Allergie	CC-BY 2.0 (France) Attribution: tatoeba.org #2245872 (CK) & #9998808 (wolfgangth)
x23344	abblasen	CC-BY 2.0 (France) Attribution: tatoeba.org #1415863 (CK) & #1811973 (Pfirsichbaeumchen)
x23345	verkriechen	CC-BY 2.0 (France) Attribution: tatoeba.org #11642615 (sundown) & #2415924 (brauchinet)
x23346	einberufen	CC-BY 2.0 (France) Attribution: tatoeba.org #32297 (CK) & #677025 (Zaghawa)
x23347	stationieren	CC-BY 2.0 (France) Attribution: tatoeba.org #6296931 (Hybrid) & #6952734 (Pfirsichbaeumchen)
x23348	spezialisieren	CC-BY 2.0 (France) Attribution: tatoeba.org #954322 (CK) & #3118724 (dinkel_girl)
x23349	zertrümmern	CC-BY 2.0 (France) Attribution: tatoeba.org #45128 (CK) & #1927477 (Tamy)
x23350	Gästezimmer	CC-BY 2.0 (France) Attribution: tatoeba.org #1126702 (CK) & #1188591 (Sudajaengi)
x23351	Therapeut	CC-BY 2.0 (France) Attribution: tatoeba.org #682230 (Source_VOA) & #720258 (Pfirsichbaeumchen)
x23352	Polizeirevier	CC-BY 2.0 (France) Attribution: tatoeba.org #240372 (CK) & #1446817 (Esperantostern)
x23353	Handwerk	CC-BY 2.0 (France) Attribution: tatoeba.org #2735472 (CK) & #5645321 (Pfirsichbaeumchen)
x23354	irritieren	CC-BY 2.0 (France) Attribution: tatoeba.org #38850 (Swift) & #3421248 (pne)
x23355	eignen	CC-BY 2.0 (France) Attribution: tatoeba.org #60808 (Eldad) & #646827 (Pfirsichbaeumchen)
x23356	Schlaftablette	CC-BY 2.0 (France) Attribution: tatoeba.org #2540659 (CK) & #3555379 (Pfirsichbaeumchen)
x23357	zurückgewinnen	CC-BY 2.0 (France) Attribution: tatoeba.org #2042883 (CK) & #2777552 (Pfirsichbaeumchen)
x23358	Lenkrad	CC-BY 2.0 (France) Attribution: tatoeba.org #7777021 (CK) & #7777180 (Connum)
x23359	Frühjahr	CC-BY 2.0 (France) Attribution: tatoeba.org #9974465 (sundown) & #851286 (Esperantostern)
x23360	Grundschule	CC-BY 2.0 (France) Attribution: tatoeba.org #8919982 (sundown) & #3522874 (Pfirsichbaeumchen)
x23361	Glatze	CC-BY 2.0 (France) Attribution: tatoeba.org #252273 (CK) & #930572 (Fingerhut)
x23362	abbringen	CC-BY 2.0 (France) Attribution: tatoeba.org #2033965 (CK) & #6462883 (Pfirsichbaeumchen)
x23363	verzehren	CC-BY 2.0 (France) Attribution: tatoeba.org #3444349 (patgfisher) & #3444047 (freddy1)
x23364	Geburtstagsparty	CC-BY 2.0 (France) Attribution: tatoeba.org #309975 (CK) & #930878 (MUIRIEL)
x23365	Telefonbuch	CC-BY 2.0 (France) Attribution: tatoeba.org #279366 (CK) & #12402693 (Yorwba)
x23366	Strömung	CC-BY 2.0 (France) Attribution: tatoeba.org #3118272 (Hybrid) & #6107536 (Pfirsichbaeumchen)
x23367	Schwachstelle	CC-BY 2.0 (France) Attribution: tatoeba.org #271017 (CK) & #642080 (Huluk)
x23368	andernfalls	CC-BY 2.0 (France) Attribution: tatoeba.org #261458 (jakov) & #920147 (jakov)
x23369	hierlassen	CC-BY 2.0 (France) Attribution: tatoeba.org #1951997 (CK) & #1952445 (Pfirsichbaeumchen)
x23370	zärtlich	CC-BY 2.0 (France) Attribution: tatoeba.org #22559 (Dejo) & #5193708 (Esperantostern)
x23371	Vorführung	CC-BY 2.0 (France) Attribution: tatoeba.org #1683856 (Spamster) & #1683877 (Pfirsichbaeumchen)
x23372	strahlend	CC-BY 2.0 (France) Attribution: tatoeba.org #287567 (CM) & #1784632 (Aldain)
x23373	Genesung	CC-BY 2.0 (France) Attribution: tatoeba.org #283473 (CM) & #410555 (xtofu80)
x23374	Kleinstadt	CC-BY 2.0 (France) Attribution: tatoeba.org #682212 (Source_VOA) & #730677 (Pfirsichbaeumchen)
x23375	vorherig	CC-BY 2.0 (France) Attribution: tatoeba.org #12411497 (CK) & #13437205 (Waldelfe)
x23376	melken	CC-BY 2.0 (France) Attribution: tatoeba.org #9161742 (CK) & #12456309 (Augustus)
x23377	hingeben	CC-BY 2.0 (France) Attribution: tatoeba.org #69447 (CK) & #341968 (lilygilder)
x23378	Jackett	CC-BY 2.0 (France) Attribution: tatoeba.org #8396560 (shekitten) & #8346151 (mramosch)
x23379	Traube	CC-BY 2.0 (France) Attribution: tatoeba.org #2267114 (_undertoad) & #2301623 (Pfirsichbaeumchen)
x23380	vorsingen	CC-BY 2.0 (France) Attribution: tatoeba.org #4740672 (patgfisher) & #4742946 (raggione)
x23381	Sündenbock	CC-BY 2.0 (France) Attribution: tatoeba.org #2218437 (CK) & #3137091 (al_ex_an_der)
x23382	Neigung	CC-BY 2.0 (France) Attribution: tatoeba.org #6076647 (CK) & #10095102 (wolfgangth)
x23383	schieflaufen	CC-BY 2.0 (France) Attribution: tatoeba.org #5436842 (CK) & #5436880 (Pfirsichbaeumchen)
x23384	Orangensaft	CC-BY 2.0 (France) Attribution: tatoeba.org #3401908 (Hybrid) & #6113279 (Pfirsichbaeumchen)
x23385	Exil	CC-BY 2.0 (France) Attribution: tatoeba.org #673213 (darinmex) & #749717 (Manfredo)
x23386	Ära	CC-BY 2.0 (France) Attribution: tatoeba.org #3007072 (CM) & #3007073 (Pfirsichbaeumchen)
x23387	Großzügigkeit	CC-BY 2.0 (France) Attribution: tatoeba.org #4132338 (CK) & #4134604 (Pfirsichbaeumchen)
x23388	durchleben	CC-BY 2.0 (France) Attribution: tatoeba.org #292118 (CK) & #1519051 (Pfirsichbaeumchen)
x23389	anderswo	CC-BY 2.0 (France) Attribution: tatoeba.org #12148841 (CK) & #13458534 (Vortarulo)
x23390	Komma	CC-BY 2.0 (France) Attribution: tatoeba.org #9211671 (sundown) & #2858772 (al_ex_an_der)
x23391	Kopfhörer	CC-BY 2.0 (France) Attribution: tatoeba.org #6833097 (CK) & #6834925 (Pfirsichbaeumchen)
x23392	Skulptur	CC-BY 2.0 (France) Attribution: tatoeba.org #9472055 (DJ_Saidez) & #6724935 (list)
x23393	festsitzen	CC-BY 2.0 (France) Attribution: tatoeba.org #2253150 (_undertoad) & #2404527 (Pfirsichbaeumchen)
x23394	Freundlichkeit	CC-BY 2.0 (France) Attribution: tatoeba.org #54470 (CK) & #714086 (Manfredo)
x23395	leiblich	CC-BY 2.0 (France) Attribution: tatoeba.org #2889519 (Hybrid) & #5880023 (Pfirsichbaeumchen)
x23396	faulen	CC-BY 2.0 (France) Attribution: tatoeba.org #2509505 (sharptoothed) & #2514582 (al_ex_an_der)
x23397	unwiderstehlich	CC-BY 2.0 (France) Attribution: tatoeba.org #704435 (Zifre) & #1494675 (Zaghawa)
x23398	Diamant	CC-BY 2.0 (France) Attribution: tatoeba.org #2512858 (sharptoothed) & #2911856 (Pfirsichbaeumchen)
x23399	herbei	CC-BY 2.0 (France) Attribution: tatoeba.org #4496266 (CK) & #8668471 (mramosch)
x23400	Fund	CC-BY 2.0 (France) Attribution: tatoeba.org #12210413 (CK) & #12428022 (Waldelfe)
x23401	Vorzug	CC-BY 2.0 (France) Attribution: tatoeba.org #47557 (CK) & #3234020 (Pfirsichbaeumchen)
x23402	Straßensperre	CC-BY 2.0 (France) Attribution: tatoeba.org #682150 (Source_VOA) & #737350 (Pfirsichbaeumchen)
x23403	schlachten	CC-BY 2.0 (France) Attribution: tatoeba.org #953566 (CK) & #2349902 (Pfirsichbaeumchen)
x23404	forschen	CC-BY 2.0 (France) Attribution: tatoeba.org #2267339 (_undertoad) & #2297226 (Pfirsichbaeumchen)
x23405	unerlaubt	CC-BY 2.0 (France) Attribution: tatoeba.org #2830768 (patgfisher) & #2852926 (Pfirsichbaeumchen)
x23406	Lupe	CC-BY 2.0 (France) Attribution: tatoeba.org #9942555 (CK) & #12621583 (Waldelfe)
x23407	Bataillon	CC-BY 2.0 (France) Attribution: tatoeba.org #699993 (darinmex) & #10055837 (brauchinet)
x23408	kuscheln	CC-BY 2.0 (France) Attribution: tatoeba.org #926817 (bojnin) & #930849 (Espi)
x23409	aufheitern	CC-BY 2.0 (France) Attribution: tatoeba.org #3593449 (CK) & #11902164 (Naina)
x23410	Pfirsich	CC-BY 2.0 (France) Attribution: tatoeba.org #7152075 (sapphrein) & #7559932 (Luiaard)
x23411	abbauen	CC-BY 2.0 (France) Attribution: tatoeba.org #6772023 (Hybrid) & #7015312 (Pfirsichbaeumchen)
x23412	Waschbär	CC-BY 2.0 (France) Attribution: tatoeba.org #9143942 (CK) & #12905930 (Waldelfe)
x23413	derzeitig	CC-BY 2.0 (France) Attribution: tatoeba.org #279957 (CM) & #770423 (samueldora)
x23414	spiegeln	CC-BY 2.0 (France) Attribution: tatoeba.org #245048 (CK) & #6043886 (raggione)
x23415	Grad	CC-BY 2.0 (France) Attribution: tatoeba.org #290741 (CS) & #8296694 (dasbeispielholz)
x23416	Spritztour	CC-BY 2.0 (France) Attribution: tatoeba.org #268685 (CM) & #1562696 (al_ex_an_der)
x23417	Tornado	CC-BY 2.0 (France) Attribution: tatoeba.org #9415746 (CK) & #13718486 (Waldelfe)
x23418	durchlaufen	CC-BY 2.0 (France) Attribution: tatoeba.org #269060 (CM) & #1444735 (hectorM)
x23419	Drecksarbeit	CC-BY 2.0 (France) Attribution: tatoeba.org #2034600 (CK) & #2042262 (Pfirsichbaeumchen)
x23420	Schiedsrichter	CC-BY 2.0 (France) Attribution: tatoeba.org #6687566 (CK) & #12463654 (Yorwba)
x23421	Dorfbewohner	CC-BY 2.0 (France) Attribution: tatoeba.org #24317 (CK) & #460089 (landano)
x23422	Hochverrat	CC-BY 2.0 (France) Attribution: tatoeba.org #669567 (darinmex) & #2225442 (Pfirsichbaeumchen)
x23423	gesetzlich	CC-BY 2.0 (France) Attribution: tatoeba.org #3610727 (CK) & #3610728 (al_ex_an_der)
x23424	Geburtstagsgeschenk	CC-BY 2.0 (France) Attribution: tatoeba.org #12462156 (CK) & #12462499 (Waldelfe)
x23425	Heiratsantrag	CC-BY 2.0 (France) Attribution: tatoeba.org #290974 (CK) & #787818 (Hans_Adler)
x23426	revanchieren	CC-BY 2.0 (France) Attribution: tatoeba.org #12457275 (CK) & #12458658 (Waldelfe)
x23427	eingestehen	CC-BY 2.0 (France) Attribution: tatoeba.org #300612 (CK) & #553313 (Espi)
x23428	aufholen	CC-BY 2.0 (France) Attribution: tatoeba.org #248763 (CK) & #1693371 (Pfirsichbaeumchen)
x23429	Nachschub	CC-BY 2.0 (France) Attribution: tatoeba.org #9177374 (CK) & #11948660 (Naina)
x23430	Hang	CC-BY 2.0 (France) Attribution: tatoeba.org #327880 (CK) & #10129319 (Yorwba)
x23431	wider	CC-BY 2.0 (France) Attribution: tatoeba.org #2179166 (Hybrid) & #2179360 (Pfirsichbaeumchen)
x23432	bedecken	CC-BY 2.0 (France) Attribution: tatoeba.org #10369147 (sundown) & #344619 (MUIRIEL)
x23433	anstrengend	CC-BY 2.0 (France) Attribution: tatoeba.org #3519547 (CK) & #3608663 (Jan_Schreiber)
x23434	Besorgnis	CC-BY 2.0 (France) Attribution: tatoeba.org #42524 (CM) & #2161461 (Tamy)
x23435	ausräumen	CC-BY 2.0 (France) Attribution: tatoeba.org #2267210 (_undertoad) & #2297361 (Pfirsichbaeumchen)
x23436	Diplomat	CC-BY 2.0 (France) Attribution: tatoeba.org #288865 (CM) & #640032 (al_ex_an_der)
x23437	Aufruf	CC-BY 2.0 (France) Attribution: tatoeba.org #3930002 (Delian) & #8661805 (Melang)
x23438	Schwelle	CC-BY 2.0 (France) Attribution: tatoeba.org #1415700 (CS) & #6476574 (Pfirsichbaeumchen)
x23439	Verschluss	CC-BY 2.0 (France) Attribution: tatoeba.org #311910 (CK) & #12393877 (Yorwba)
x23440	wegschaffen	CC-BY 2.0 (France) Attribution: tatoeba.org #3178601 (CK) & #3891191 (raggione)
x23441	abkühlen	CC-BY 2.0 (France) Attribution: tatoeba.org #5474302 (CK) & #1445809 (hectorM)
x23442	Intuition	CC-BY 2.0 (France) Attribution: tatoeba.org #3342438 (Hybrid) & #3344147 (Pfirsichbaeumchen)
x23443	standhalten	CC-BY 2.0 (France) Attribution: tatoeba.org #1495984 (CK) & #7978375 (Pfirsichbaeumchen)
x23444	Veteran	CC-BY 2.0 (France) Attribution: tatoeba.org #251175 (CK) & #365318 (Wolf)
x23445	einwickeln	CC-BY 2.0 (France) Attribution: tatoeba.org #525827 (CK) & #11565580 (Pfirsichbaeumchen)
x23446	Wikinger	CC-BY 2.0 (France) Attribution: tatoeba.org #2722425 (CK) & #2727130 (Pfirsichbaeumchen)
x23447	niederbrennen	CC-BY 2.0 (France) Attribution: tatoeba.org #285699 (CK) & #744328 (Pfirsichbaeumchen)
x23448	zusammensetzen	CC-BY 2.0 (France) Attribution: tatoeba.org #24107 (CS) & #1856301 (Zaghawa)
x23449	Verleger	CC-BY 2.0 (France) Attribution: tatoeba.org #59203 (CM) & #963786 (Sudajaengi)
x23450	vorzüglich	CC-BY 2.0 (France) Attribution: tatoeba.org #1003122 (ellasevia) & #1730289 (Pfirsichbaeumchen)
x23451	heimfahren	CC-BY 2.0 (France) Attribution: tatoeba.org #265457 (CK) & #573223 (Manfredo)
x23452	grübeln	CC-BY 2.0 (France) Attribution: tatoeba.org #43752 (papabear) & #1550328 (Zaghawa)
x23453	Offenbarung	CC-BY 2.0 (France) Attribution: tatoeba.org #42389 (CK) & #2145612 (Tamy)
x23454	bewundernswert	CC-BY 2.0 (France) Attribution: tatoeba.org #2266127 (_undertoad) & #2309268 (Pfirsichbaeumchen)
x23455	jährlich	CC-BY 2.0 (France) Attribution: tatoeba.org #841680 (CM) & #2933248 (Pfirsichbaeumchen)
x23456	Abendbrot	CC-BY 2.0 (France) Attribution: tatoeba.org #3395583 (CK) & #3407578 (Pfirsichbaeumchen)
x23457	Putz	CC-BY 2.0 (France) Attribution: tatoeba.org #11149624 (sundown) & #11313069 (Pfirsichbaeumchen)
x23458	Kritiker	CC-BY 2.0 (France) Attribution: tatoeba.org #9496571 (shekitten) & #9496178 (Esperantostern)
x23459	dermaßen	CC-BY 2.0 (France) Attribution: tatoeba.org #255261 (CK) & #4453492 (rocco_granata)
x23460	Notwendigkeit	CC-BY 2.0 (France) Attribution: tatoeba.org #10778545 (CK) & #13275783 (Waldelfe)
x23461	Behinderung	CC-BY 2.0 (France) Attribution: tatoeba.org #2358696 (CK) & #3263756 (Pfirsichbaeumchen)
x23462	Fährte	CC-BY 2.0 (France) Attribution: tatoeba.org #325816 (CK) & #845977 (Zaghawa)
x23463	Bankier	CC-BY 2.0 (France) Attribution: tatoeba.org #2020918 (Spamster) & #2030581 (Pfirsichbaeumchen)
x23464	schränken	CC-BY 2.0 (France) Attribution: tatoeba.org #10687236 (sundown) & #6672206 (brauchinet)
x23465	Streifenwagen	CC-BY 2.0 (France) Attribution: tatoeba.org #35134 (CK) & #13482945 (Vortarulo)
x23466	Kahn	CC-BY 2.0 (France) Attribution: tatoeba.org #2298116 (Hybrid) & #8043907 (Pfirsichbaeumchen)
x23467	befallen	CC-BY 2.0 (France) Attribution: tatoeba.org #47454 (CK) & #1990177 (Manfredo)
x23468	Auftritt	CC-BY 2.0 (France) Attribution: tatoeba.org #285626 (CK) & #784673 (al_ex_an_der)
x23469	landesweit	CC-BY 2.0 (France) Attribution: tatoeba.org #2247288 (Hybrid) & #8688500 (Pfirsichbaeumchen)
x23470	Erfinder	CC-BY 2.0 (France) Attribution: tatoeba.org #11901102 (CK) & #12615286 (Waldelfe)
x23471	Ventil	CC-BY 2.0 (France) Attribution: tatoeba.org #10164939 (ddnktr) & #10166054 (Pfirsichbaeumchen)
x23472	Empire	CC-BY 2.0 (France) Attribution: tatoeba.org #65207 (CK) & #2086005 (Zaghawa)
x23473	Berühmtheit	CC-BY 2.0 (France) Attribution: tatoeba.org #291747 (CK) & #821978 (al_ex_an_der)
x23474	hineingehen	CC-BY 2.0 (France) Attribution: tatoeba.org #1841701 (CK) & #1841978 (Pfirsichbaeumchen)
x23475	Omelett	CC-BY 2.0 (France) Attribution: tatoeba.org #8883859 (sundown) & #3298586 (Manfredo)
x23476	kanadisch	CC-BY 2.0 (France) Attribution: tatoeba.org #7702760 (CK) & #7704395 (Pfirsichbaeumchen)
x23477	Appartement	CC-BY 2.0 (France) Attribution: tatoeba.org #627713 (blay_paul) & #713178 (Esperantostern)
x23478	unterhaltsam	CC-BY 2.0 (France) Attribution: tatoeba.org #2915169 (Hybrid) & #2915184 (Pfirsichbaeumchen)
x23479	herausbekommen	CC-BY 2.0 (France) Attribution: tatoeba.org #1264752 (CK) & #8135111 (Pfirsichbaeumchen)
x23480	schmollen	CC-BY 2.0 (France) Attribution: tatoeba.org #2248186 (CK) & #11101186 (Pfirsichbaeumchen)
x23481	Verwandlung	CC-BY 2.0 (France) Attribution: tatoeba.org #5734782 (CM) & #12852665 (Yorwba)
x23482	erlassen	CC-BY 2.0 (France) Attribution: tatoeba.org #7697591 (potatoindespair) & #12423271 (Yorwba)
x23483	Gemüt	CC-BY 2.0 (France) Attribution: tatoeba.org #2268353 (_undertoad) & #2290487 (Pfirsichbaeumchen)
x23484	bemitleiden	CC-BY 2.0 (France) Attribution: tatoeba.org #887054 (CK) & #9979639 (giefingl)
x23485	beträchtlich	CC-BY 2.0 (France) Attribution: tatoeba.org #10345141 (sundown) & #10286659 (sakslane)
x23486	Protein	CC-BY 2.0 (France) Attribution: tatoeba.org #566121 (darinmex) & #801855 (Manfredo)
x23487	viermal	CC-BY 2.0 (France) Attribution: tatoeba.org #72605 (CM) & #943238 (Miyako)
x23488	Migräne	CC-BY 2.0 (France) Attribution: tatoeba.org #13201126 (rul) & #13332981 (Waldelfe)
x23489	Subjekt	CC-BY 2.0 (France) Attribution: tatoeba.org #320022 (CK) & #806760 (Manfredo)
x23490	strikt	CC-BY 2.0 (France) Attribution: tatoeba.org #33983 (CM) & #1888780 (Tamy)
x23491	quetschen	CC-BY 2.0 (France) Attribution: tatoeba.org #10682049 (sundown) & #8591502 (Yorwba)
x23492	Hexerei	CC-BY 2.0 (France) Attribution: tatoeba.org #8871069 (CK) & #8871175 (mramosch)
x23493	Akku	CC-BY 2.0 (France) Attribution: tatoeba.org #57703 (CK) & #641662 (al_ex_an_der)
x23494	kahl	CC-BY 2.0 (France) Attribution: tatoeba.org #5858129 (CK) & #10095073 (wolfgangth)
x23495	Kröte	CC-BY 2.0 (France) Attribution: tatoeba.org #1103222 (supplementfacts) & #581261 (Pfirsichbaeumchen)
x23496	Unverschämtheit	CC-BY 2.0 (France) Attribution: tatoeba.org #2258808 (_undertoad) & #2365532 (Pfirsichbaeumchen)
x23497	Wendung	CC-BY 2.0 (France) Attribution: tatoeba.org #46814 (CM) & #1423228 (al_ex_an_der)
x23498	saubermachen	CC-BY 2.0 (France) Attribution: tatoeba.org #5305604 (CK) & #5316130 (Pfirsichbaeumchen)
x23499	weiterführen	CC-BY 2.0 (France) Attribution: tatoeba.org #240297 (CK) & #786608 (Pfirsichbaeumchen)
x23500	Angsthase	CC-BY 2.0 (France) Attribution: tatoeba.org #1805353 (Amastan) & #1805385 (al_ex_an_der)
x23501	Lagerraum	CC-BY 2.0 (France) Attribution: tatoeba.org #319976 (CK) & #1392969 (al_ex_an_der)
x23502	Meerjungfrau	CC-BY 2.0 (France) Attribution: tatoeba.org #279063 (CM) & #5310054 (Pfirsichbaeumchen)
x23503	grau	CC-BY 2.0 (France) Attribution: tatoeba.org #1190461 (Anon) & #696286 (Manfredo)
x23504	unterhalb	CC-BY 2.0 (France) Attribution: tatoeba.org #9006861 (Hybrid) & #9006873 (Pfirsichbaeumchen)
x23505	nachvollziehen	CC-BY 2.0 (France) Attribution: tatoeba.org #250817 (CK) & #1314813 (Pfirsichbaeumchen)
x23506	Energiequelle	CC-BY 2.0 (France) Attribution: tatoeba.org #275097 (CK) & #341403 (MUIRIEL)
x23507	einchecken	CC-BY 2.0 (France) Attribution: tatoeba.org #10657412 (sundown) & #10501799 (Yorwba)
x23508	Eiscreme	CC-BY 2.0 (France) Attribution: tatoeba.org #740936 (CK) & #773601 (Esperantostern)
x23509	Bürde	CC-BY 2.0 (France) Attribution: tatoeba.org #549162 (darinmex) & #1865116 (Zaghawa)
x23510	Elite	CC-BY 2.0 (France) Attribution: tatoeba.org #8332970 (CK) & #4101267 (Dani6187)
x23511	Todesurteil	CC-BY 2.0 (France) Attribution: tatoeba.org #2359096 (CK) & #3987968 (Pfirsichbaeumchen)
x23512	vertrauenswürdig	CC-BY 2.0 (France) Attribution: tatoeba.org #8882005 (mialiesperantistas) & #12562651 (Waldelfe)
x23513	handhaben	CC-BY 2.0 (France) Attribution: tatoeba.org #5845885 (CK) & #7464229 (Pfirsichbaeumchen)
x23514	gescheit	CC-BY 2.0 (France) Attribution: tatoeba.org #315992 (CM) & #8861718 (mramosch)
x23515	verkörpern	CC-BY 2.0 (France) Attribution: tatoeba.org #11169275 (sundown) & #932840 (Sudajaengi)
x23516	Säge	CC-BY 2.0 (France) Attribution: tatoeba.org #12217393 (CK) & #12690947 (Waldelfe)
x23517	Skript	CC-BY 2.0 (France) Attribution: tatoeba.org #8535274 (CK) & #8541849 (Pfirsichbaeumchen)
x23518	Gleichung	CC-BY 2.0 (France) Attribution: tatoeba.org #681809 (Source_VOA) & #756061 (al_ex_an_der)
x23519	Strohhalm	CC-BY 2.0 (France) Attribution: tatoeba.org #11184954 (sundown) & #9962251 (giefingl)
x23520	Anhaltspunkt	CC-BY 2.0 (France) Attribution: tatoeba.org #8023911 (CK) & #12455689 (Waldelfe)
x23521	wohlauf	CC-BY 2.0 (France) Attribution: tatoeba.org #21706 (Zifre) & #581341 (samueldora)
x23522	Handbuch	CC-BY 2.0 (France) Attribution: tatoeba.org #3356215 (CK) & #4604220 (Manfredo)
x23523	Sammler	CC-BY 2.0 (France) Attribution: tatoeba.org #9207157 (CK) & #12750407 (Waldelfe)
x23524	verwirklichen	CC-BY 2.0 (France) Attribution: tatoeba.org #27558 (CK) & #12406125 (mayabe)
x23525	miauen	CC-BY 2.0 (France) Attribution: tatoeba.org #1665628 (Amastan) & #1714655 (Pfirsichbaeumchen)
x23526	vulkanisch	CC-BY 2.0 (France) Attribution: tatoeba.org #12221194 (Miktsoanit) & #12219109 (mhr)
x23527	Stalker	CC-BY 2.0 (France) Attribution: tatoeba.org #3726540 (CM) & #8470476 (Luiaard)
x23528	Erdnussbutter	CC-BY 2.0 (France) Attribution: tatoeba.org #3738416 (CK) & #8082732 (Luiaard)
x23529	Mumie	CC-BY 2.0 (France) Attribution: tatoeba.org #9346449 (DJ_Saidez) & #1065905 (MUIRIEL)
x23530	Testergebnis	CC-BY 2.0 (France) Attribution: tatoeba.org #39454 (CK) & #2715513 (raggione)
x23531	zynisch	CC-BY 2.0 (France) Attribution: tatoeba.org #954241 (CK) & #3292028 (Manfredo)
x23532	hypothetisch	CC-BY 2.0 (France) Attribution: tatoeba.org #10699490 (CK) & #12412659 (Yorwba)
x23533	Konkurrent	CC-BY 2.0 (France) Attribution: tatoeba.org #7960742 (deniko) & #4068613 (Pfirsichbaeumchen)
x23534	grauenhaft	CC-BY 2.0 (France) Attribution: tatoeba.org #619870 (ulyssemc1) & #2228502 (Pfirsichbaeumchen)
x23535	verseuchen	CC-BY 2.0 (France) Attribution: tatoeba.org #58125 (CM) & #2783786 (Tamy)
x23536	behüten	CC-BY 2.0 (France) Attribution: tatoeba.org #269618 (CM) & #359607 (MUIRIEL)
x23537	Pfennig	CC-BY 2.0 (France) Attribution: tatoeba.org #73206 (CK) & #442925 (Espi)
x23538	aufrechterhalten	CC-BY 2.0 (France) Attribution: tatoeba.org #13247805 (Lumi) & #13309150 (Waldelfe)
x23539	Sabotage	CC-BY 2.0 (France) Attribution: tatoeba.org #1869888 (Spamster) & #1870206 (Pfirsichbaeumchen)
x23540	nimmer	CC-BY 2.0 (France) Attribution: tatoeba.org #3378953 (CK) & #3379218 (freddy1)
x23541	Rotwein	CC-BY 2.0 (France) Attribution: tatoeba.org #10736262 (sundown) & #3369875 (al_ex_an_der)
x23542	tausendmal	CC-BY 2.0 (France) Attribution: tatoeba.org #12510611 (CK) & #12512293 (Waldelfe)
x23543	Trab	CC-BY 2.0 (France) Attribution: tatoeba.org #57847 (CM) & #2743862 (Tamy)
x23544	Lebensstil	CC-BY 2.0 (France) Attribution: tatoeba.org #269978 (CM) & #705869 (Manfredo)
x23545	Lebensversicherung	CC-BY 2.0 (France) Attribution: tatoeba.org #258997 (CK) & #381089 (Ole)
x23546	heimgehen	CC-BY 2.0 (France) Attribution: tatoeba.org #8592116 (CK) & #8599039 (Roujin)
x23547	rhythmisch	CC-BY 2.0 (France) Attribution: tatoeba.org #245910 (CM) & #787409 (Hans_Adler)
x23548	rausfliegen	CC-BY 2.0 (France) Attribution: tatoeba.org #6263216 (CK) & #12331169 (Pfirsichbaeumchen)
x23549	herrichten	CC-BY 2.0 (France) Attribution: tatoeba.org #259576 (CM) & #2994907 (Pfirsichbaeumchen)
x23550	Herzanfall	CC-BY 2.0 (France) Attribution: tatoeba.org #269006 (CK) & #1059042 (Esperantostern)
x23551	Ferkel	CC-BY 2.0 (France) Attribution: tatoeba.org #1895562 (CK) & #1909295 (Pfirsichbaeumchen)
x23552	verschlechtern	CC-BY 2.0 (France) Attribution: tatoeba.org #8143123 (CK) & #8144816 (Pfirsichbaeumchen)
x23553	nächtlich	CC-BY 2.0 (France) Attribution: tatoeba.org #3232161 (Hybrid) & #10287471 (Pfirsichbaeumchen)
x23554	Korn	CC-BY 2.0 (France) Attribution: tatoeba.org #2711689 (sharptoothed) & #2711804 (Pfirsichbaeumchen)
x23555	Fülle	CC-BY 2.0 (France) Attribution: tatoeba.org #278724 (CM) & #395427 (xtofu80)
x23556	Walzer	CC-BY 2.0 (France) Attribution: tatoeba.org #312025 (CK) & #645662 (Manfredo)
x23557	bereinigen	CC-BY 2.0 (France) Attribution: tatoeba.org #5803910 (CK) & #5805978 (Pfirsichbaeumchen)
x23558	auslegen	CC-BY 2.0 (France) Attribution: tatoeba.org #10614523 (CK) & #10614528 (Pfirsichbaeumchen)
x23559	wörtlich	CC-BY 2.0 (France) Attribution: tatoeba.org #3865467 (patgfisher) & #3865474 (raggione)
x23560	ungünstig	CC-BY 2.0 (France) Attribution: tatoeba.org #2267901 (_undertoad) & #2291699 (Pfirsichbaeumchen)
x23561	lasten	CC-BY 2.0 (France) Attribution: tatoeba.org #59011 (CM) & #769410 (BraveSentry)
x23562	Straßenseite	CC-BY 2.0 (France) Attribution: tatoeba.org #3610608 (CK) & #3613054 (raggione)
x23563	farbig	CC-BY 2.0 (France) Attribution: tatoeba.org #70933 (CK) & #755476 (Pfirsichbaeumchen)
x23564	authentisch	CC-BY 2.0 (France) Attribution: tatoeba.org #2207447 (Hybrid) & #10774996 (Pfirsichbaeumchen)
x23565	wiedergeben	CC-BY 2.0 (France) Attribution: tatoeba.org #7736703 (CK) & #12648774 (Waldelfe)
x23566	absprechen	CC-BY 2.0 (France) Attribution: tatoeba.org #244197 (CK) & #638329 (al_ex_an_der)
x23567	ankämpfen	CC-BY 2.0 (France) Attribution: tatoeba.org #1313257 (CK) & #4943252 (Hans_Adler)
x23568	gedeihen	CC-BY 2.0 (France) Attribution: tatoeba.org #57684 (CK) & #2721276 (Tamy)
x23569	Beule	CC-BY 2.0 (France) Attribution: tatoeba.org #3436673 (CK) & #7454050 (Luiaard)
x23570	Weltmeister	CC-BY 2.0 (France) Attribution: tatoeba.org #296088 (CM) & #2261650 (freddy1)
x23571	Weihnachtsgeschenk	CC-BY 2.0 (France) Attribution: tatoeba.org #5705314 (CK) & #7665293 (wolfgangth)
x23572	Knappe	CC-BY 2.0 (France) Attribution: tatoeba.org #5320300 (Hybrid) & #8200580 (Pfirsichbaeumchen)
x23573	zerschneiden	CC-BY 2.0 (France) Attribution: tatoeba.org #316967 (CK) & #10847305 (Yorwba)
x23574	reinplatzen	CC-BY 2.0 (France) Attribution: tatoeba.org #1951977 (CK) & #1952524 (Pfirsichbaeumchen)
x23575	Ellbogen	CC-BY 2.0 (France) Attribution: tatoeba.org #707464 (papabear) & #481846 (Espi)
x23576	Tournee	CC-BY 2.0 (France) Attribution: tatoeba.org #50359 (CM) & #911109 (Sudajaengi)
x23577	Antenne	CC-BY 2.0 (France) Attribution: tatoeba.org #45368 (CM) & #1938035 (Tamy)
x23578	erzwingen	CC-BY 2.0 (France) Attribution: tatoeba.org #2303425 (Hybrid) & #7196509 (Pfirsichbaeumchen)
x23579	distanzieren	CC-BY 2.0 (France) Attribution: tatoeba.org #317567 (CM) & #353845 (lilygilder)
x23580	Wachstum	CC-BY 2.0 (France) Attribution: tatoeba.org #266794 (CM) & #1536729 (samueldora)
x23581	Ankündigung	CC-BY 2.0 (France) Attribution: tatoeba.org #12994419 (CK) & #12995764 (Waldelfe)
x23582	Gurt	CC-BY 2.0 (France) Attribution: tatoeba.org #1345490 (CK) & #1511480 (Esperantostern)
x23583	morgig	CC-BY 2.0 (France) Attribution: tatoeba.org #322664 (CM) & #11803182 (Pfirsichbaeumchen)
x23584	voraussagen	CC-BY 2.0 (France) Attribution: tatoeba.org #1954685 (CK) & #1967464 (Pfirsichbaeumchen)
x23585	Versorgung	CC-BY 2.0 (France) Attribution: tatoeba.org #909568 (CK) & #5763620 (Pfirsichbaeumchen)
x23586	Kolumne	CC-BY 2.0 (France) Attribution: tatoeba.org #61091 (CK) & #1785097 (Aldain)
x23587	vortragen	CC-BY 2.0 (France) Attribution: tatoeba.org #7829891 (sharris123) & #7830105 (Pfirsichbaeumchen)
x23588	unterliegen	CC-BY 2.0 (France) Attribution: tatoeba.org #9866307 (DJ_Saidez) & #9926841 (Pfirsichbaeumchen)
x23589	zwinkern	CC-BY 2.0 (France) Attribution: tatoeba.org #6873235 (CK) & #1714336 (Pfirsichbaeumchen)
x23590	Tagesanbruch	CC-BY 2.0 (France) Attribution: tatoeba.org #2031097 (CK) & #11538159 (Pfirsichbaeumchen)
x23591	Roller	CC-BY 2.0 (France) Attribution: tatoeba.org #1495897 (CK) & #1496425 (Pfirsichbaeumchen)
x23592	Darsteller	CC-BY 2.0 (France) Attribution: tatoeba.org #662665 (bluepie88) & #370318 (xtofu80)
x23593	Weile	CC-BY 2.0 (France) Attribution: tatoeba.org #272097 (CK) & #2981297 (pne)
x23594	Ruck	CC-BY 2.0 (France) Attribution: tatoeba.org #1463237 (CM) & #1463238 (al_ex_an_der)
x23595	gebühren	CC-BY 2.0 (France) Attribution: tatoeba.org #28569 (CK) & #524513 (samueldora)
x23596	abschicken	CC-BY 2.0 (France) Attribution: tatoeba.org #265995 (CK) & #823391 (al_ex_an_der)
x23597	verdrücken	CC-BY 2.0 (France) Attribution: tatoeba.org #9963312 (shekitten) & #10794118 (Yorwba)
x23598	beladen	CC-BY 2.0 (France) Attribution: tatoeba.org #2640934 (CK) & #2747779 (Pfirsichbaeumchen)
x23599	Banker	CC-BY 2.0 (France) Attribution: tatoeba.org #11895844 (CK) & #11973178 (Naina)
x23600	Prügelei	CC-BY 2.0 (France) Attribution: tatoeba.org #238213 (CK) & #812445 (stupiddog)
x23601	Kaff	CC-BY 2.0 (France) Attribution: tatoeba.org #6698888 (CK) & #13505257 (Waldelfe)
x23602	mangeln	CC-BY 2.0 (France) Attribution: tatoeba.org #46978 (CK) & #1697934 (Esperantostern)
x23603	austrinken	CC-BY 2.0 (France) Attribution: tatoeba.org #4904133 (Shangri_La93) & #6373809 (Pfirsichbaeumchen)
x23604	spekulieren	CC-BY 2.0 (France) Attribution: tatoeba.org #8089703 (CK) & #12974997 (Yorwba)
x23605	streuen	CC-BY 2.0 (France) Attribution: tatoeba.org #10658793 (Lebensfreude) & #1208826 (Esperantostern)
x23606	Getreide	CC-BY 2.0 (France) Attribution: tatoeba.org #681093 (Source_VOA) & #3319971 (freddy1)
x23607	Gänsehaut	CC-BY 2.0 (France) Attribution: tatoeba.org #33132 (Zifre) & #933540 (Fingerhut)
x23608	verzerren	CC-BY 2.0 (France) Attribution: tatoeba.org #1851425 (CK) & #1854545 (Pfirsichbaeumchen)
x23609	Bademantel	CC-BY 2.0 (France) Attribution: tatoeba.org #5388809 (Yakuwari) & #5388807 (Yakuwari)
x23610	Waisenkind	CC-BY 2.0 (France) Attribution: tatoeba.org #325656 (qdii) & #638748 (Pfirsichbaeumchen)
x23611	anbauen	CC-BY 2.0 (France) Attribution: tatoeba.org #1009237 (CM) & #2228442 (Pfirsichbaeumchen)
x23612	verdauen	CC-BY 2.0 (France) Attribution: tatoeba.org #29934 (CM) & #707666 (Manfredo)
x23613	Express	CC-BY 2.0 (France) Attribution: tatoeba.org #10982549 (sundown) & #4737461 (tarsier)
x23614	Blutvergießen	CC-BY 2.0 (France) Attribution: tatoeba.org #3826188 (CK) & #10321027 (Pfirsichbaeumchen)
x23615	Hauptstraße	CC-BY 2.0 (France) Attribution: tatoeba.org #62149 (CM) & #6960531 (moskytoo)
x23616	anheben	CC-BY 2.0 (France) Attribution: tatoeba.org #34668 (CK) & #12528231 (mayabe)
x23617	Überlegung	CC-BY 2.0 (France) Attribution: tatoeba.org #56699 (CM) & #2298854 (Pfirsichbaeumchen)
x23618	Pfiff	CC-BY 2.0 (France) Attribution: tatoeba.org #241338 (CK) & #3455755 (raggione)
x23619	Schwächling	CC-BY 2.0 (France) Attribution: tatoeba.org #5851210 (CK) & #8378871 (Luiaard)
x23620	Rückschlag	CC-BY 2.0 (France) Attribution: tatoeba.org #5613532 (Hybrid) & #7985150 (Pfirsichbaeumchen)
x23621	miterleben	CC-BY 2.0 (France) Attribution: tatoeba.org #62752 (CK) & #3009535 (Pfirsichbaeumchen)
x23622	anlocken	CC-BY 2.0 (France) Attribution: tatoeba.org #7888287 (Hybrid) & #11935228 (Pfirsichbaeumchen)
x23623	Arche	CC-BY 2.0 (France) Attribution: tatoeba.org #69799 (CM) & #6867327 (list)
x23624	Flugticket	CC-BY 2.0 (France) Attribution: tatoeba.org #303025 (CK) & #396386 (MUIRIEL)
x23625	vertagen	CC-BY 2.0 (France) Attribution: tatoeba.org #9096862 (sundown) & #8801745 (Melang)
x23626	grollen	CC-BY 2.0 (France) Attribution: tatoeba.org #4309800 (patgfisher) & #2722620 (raggione)
x23627	verschlimmern	CC-BY 2.0 (France) Attribution: tatoeba.org #5848861 (CK) & #12939345 (Waldelfe)
x23628	Skalpell	CC-BY 2.0 (France) Attribution: tatoeba.org #12381011 (ddnktr) & #13041022 (Yorwba)
x23629	breiten	CC-BY 2.0 (France) Attribution: tatoeba.org #400144 (CK) & #1698528 (al_ex_an_der)
x23630	Pastete	CC-BY 2.0 (France) Attribution: tatoeba.org #5265479 (CK) & #7500237 (Yorwba)
x23631	Kamm	CC-BY 2.0 (France) Attribution: tatoeba.org #5801963 (Eccles17) & #5802175 (brauchinet)
x23632	Honorar	CC-BY 2.0 (France) Attribution: tatoeba.org #44061 (CK) & #2422430 (Tamy)
x23633	spuken	CC-BY 2.0 (France) Attribution: tatoeba.org #1818944 (Amastan) & #3541975 (raggione)
x23634	kommandieren	CC-BY 2.0 (France) Attribution: tatoeba.org #1096319 (CK) & #2717220 (Pfirsichbaeumchen)
x23635	Fußabdruck	CC-BY 2.0 (France) Attribution: tatoeba.org #3374765 (CK) & #13693597 (Naina)
x23636	Strahl	CC-BY 2.0 (France) Attribution: tatoeba.org #263365 (CK) & #446264 (landano)
x23637	circa	CC-BY 2.0 (France) Attribution: tatoeba.org #263737 (CK) & #8604229 (Roujin)
x23638	Geldbeutel	CC-BY 2.0 (France) Attribution: tatoeba.org #5967782 (thomsmells) & #1090462 (MUIRIEL)
x23639	verwehren	CC-BY 2.0 (France) Attribution: tatoeba.org #3924476 (BHO) & #4023673 (pullnosemans)
x23640	Motivation	CC-BY 2.0 (France) Attribution: tatoeba.org #10077496 (DJ_Saidez) & #10077633 (Pfirsichbaeumchen)
x23641	Konferenzraum	CC-BY 2.0 (France) Attribution: tatoeba.org #62883 (CM) & #368785 (xtofu80)
x23642	rau	CC-BY 2.0 (France) Attribution: tatoeba.org #311904 (CM) & #1865003 (Zaghawa)
x23643	Kripo	CC-BY 2.0 (France) Attribution: tatoeba.org #11170578 (CK) & #12688814 (Waldelfe)
x23644	Pokal	CC-BY 2.0 (France) Attribution: tatoeba.org #12211534 (sundown) & #12212908 (Pfirsichbaeumchen)
x23645	untertauchen	CC-BY 2.0 (France) Attribution: tatoeba.org #1305872 (CM) & #9606594 (Yorwba)
x23646	Küken	CC-BY 2.0 (France) Attribution: tatoeba.org #2733557 (CK) & #9020720 (Pfirsichbaeumchen)
x23647	weiterarbeiten	CC-BY 2.0 (France) Attribution: tatoeba.org #10465494 (CK) & #10465968 (Pfirsichbaeumchen)
x23648	flattern	CC-BY 2.0 (France) Attribution: tatoeba.org #6947006 (Hybrid) & #7015332 (Pfirsichbaeumchen)
x23649	zufälligerweise	CC-BY 2.0 (France) Attribution: tatoeba.org #40535 (CS) & #9976233 (Laoan)
x23650	Tötung	CC-BY 2.0 (France) Attribution: tatoeba.org #560313 (darinmex) & #763170 (Esperantostern)
x23651	assistieren	CC-BY 2.0 (France) Attribution: tatoeba.org #8541275 (CK) & #12481582 (Waldelfe)
x23652	diagnostizieren	CC-BY 2.0 (France) Attribution: tatoeba.org #11943222 (sundown) & #10769330 (Yorwba)
x23653	erkranken	CC-BY 2.0 (France) Attribution: tatoeba.org #295229 (CK) & #3263664 (Pfirsichbaeumchen)
x23654	tappen	CC-BY 2.0 (France) Attribution: tatoeba.org #521874 (saeb) & #701340 (Esperantostern)
x23655	Gesindel	CC-BY 2.0 (France) Attribution: tatoeba.org #802187 (Source_VOA) & #1040920 (al_ex_an_der)
x23656	Beihilfe	CC-BY 2.0 (France) Attribution: tatoeba.org #669567 (darinmex) & #2225442 (Pfirsichbaeumchen)
x23657	Unkraut	CC-BY 2.0 (France) Attribution: tatoeba.org #2717122 (WestofEden) & #3234365 (raggione)
x23658	schildern	CC-BY 2.0 (France) Attribution: tatoeba.org #239673 (CM) & #366411 (Wolf)
x23659	Fundament	CC-BY 2.0 (France) Attribution: tatoeba.org #682044 (Source_VOA) & #748712 (al_ex_an_der)
x23660	gestrig	CC-BY 2.0 (France) Attribution: tatoeba.org #10339601 (CK) & #10339751 (Pfirsichbaeumchen)
x23661	vererben	CC-BY 2.0 (France) Attribution: tatoeba.org #2947981 (Dejo) & #2357047 (Esperantostern)
x23662	Glühbirne	CC-BY 2.0 (France) Attribution: tatoeba.org #37449 (CK) & #351759 (MUIRIEL)
x23663	mechanisch	CC-BY 2.0 (France) Attribution: tatoeba.org #3310053 (CK) & #4065683 (Pfirsichbaeumchen)
x23664	zumute	CC-BY 2.0 (France) Attribution: tatoeba.org #11630533 (sundown) & #11630776 (Pfirsichbaeumchen)
x23665	erstmals	CC-BY 2.0 (France) Attribution: tatoeba.org #73396 (CK) & #10077625 (Pfirsichbaeumchen)
x23666	Traktor	CC-BY 2.0 (France) Attribution: tatoeba.org #44528 (CM) & #900231 (Espi)
x23667	ängstigen	CC-BY 2.0 (France) Attribution: tatoeba.org #801758 (CM) & #5327763 (raggione)
x23668	irgendwoher	CC-BY 2.0 (France) Attribution: tatoeba.org #3737916 (CK) & #12616605 (Waldelfe)
x23669	jaulen	CC-BY 2.0 (France) Attribution: tatoeba.org #2360719 (CK) & #8718081 (foamy)
x23670	abstatten	CC-BY 2.0 (France) Attribution: tatoeba.org #1111466 (Scott) & #1111472 (Pfirsichbaeumchen)
x23671	unvergesslich	CC-BY 2.0 (France) Attribution: tatoeba.org #5464287 (Hybrid) & #5464289 (Pfirsichbaeumchen)
x23672	Sekt	CC-BY 2.0 (France) Attribution: tatoeba.org #6267755 (CK) & #8261397 (Luiaard)
x23673	knöpfen	CC-BY 2.0 (France) Attribution: tatoeba.org #671198 (CK) & #674801 (Esperantostern)
x23674	Schimpanse	CC-BY 2.0 (France) Attribution: tatoeba.org #10943034 (CM) & #13719257 (Waldelfe)
x23675	funkeln	CC-BY 2.0 (France) Attribution: tatoeba.org #3961549 (Hybrid) & #3961553 (brauchinet)
x23676	zusammenhalten	CC-BY 2.0 (France) Attribution: tatoeba.org #3178431 (CK) & #5499605 (Pfirsichbaeumchen)
x23677	Expertin	CC-BY 2.0 (France) Attribution: tatoeba.org #1895560 (CK) & #1909289 (Pfirsichbaeumchen)
x23678	via	CC-BY 2.0 (France) Attribution: tatoeba.org #253013 (CK) & #2400847 (freddy1)
x23679	Gatte	CC-BY 2.0 (France) Attribution: tatoeba.org #941300 (CK) & #1218963 (samueldora)
x23680	Überblick	CC-BY 2.0 (France) Attribution: tatoeba.org #11174435 (CK) & #13035478 (Waldelfe)
x23681	Freiraum	CC-BY 2.0 (France) Attribution: tatoeba.org #2246015 (CK) & #12407595 (mayabe)
x23682	Beurteilung	CC-BY 2.0 (France) Attribution: tatoeba.org #54341 (CK) & #342637 (MUIRIEL)
x23683	erläutern	CC-BY 2.0 (France) Attribution: tatoeba.org #41771 (CK) & #2032403 (Tamy)
x23684	Perfektion	CC-BY 2.0 (France) Attribution: tatoeba.org #4172043 (Hybrid) & #4177543 (Pfirsichbaeumchen)
x23685	haufenweise	CC-BY 2.0 (France) Attribution: tatoeba.org #295550 (CK) & #1022585 (Sudajaengi)
x23686	stattgeben	CC-BY 2.0 (France) Attribution: tatoeba.org #2247164 (CK) & #2247292 (Pfirsichbaeumchen)
x23687	Halsband	CC-BY 2.0 (France) Attribution: tatoeba.org #44557 (CK) & #1900452 (Tamy)
x23688	Einsicht	CC-BY 2.0 (France) Attribution: tatoeba.org #1933577 (CK) & #3271806 (Zaghawa)
x23689	drängeln	CC-BY 2.0 (France) Attribution: tatoeba.org #2111494 (CK) & #7064855 (quicksanddiver)
x23690	Jahrtausend	CC-BY 2.0 (France) Attribution: tatoeba.org #9211686 (sundown) & #2182639 (al_ex_an_der)
x23691	Aquarium	CC-BY 2.0 (France) Attribution: tatoeba.org #4179595 (JNQ) & #4366763 (pullnosemans)
x23692	Einzelgänger	CC-BY 2.0 (France) Attribution: tatoeba.org #1657253 (marcelostockle) & #2977795 (Pfirsichbaeumchen)
x23693	eindrucksvoll	CC-BY 2.0 (France) Attribution: tatoeba.org #11159970 (sundown) & #1407520 (PeterR)
x23694	schnellstens	CC-BY 2.0 (France) Attribution: tatoeba.org #2016895 (CK) & #5606587 (Vortarulo)
x23695	Playboy	CC-BY 2.0 (France) Attribution: tatoeba.org #401974 (Grayster) & #441108 (xtofu80)
x23696	gleichmäßig	CC-BY 2.0 (France) Attribution: tatoeba.org #2266365 (_undertoad) & #2306899 (Pfirsichbaeumchen)
x23697	Postbote	CC-BY 2.0 (France) Attribution: tatoeba.org #2796800 (sharptoothed) & #4143550 (Pfirsichbaeumchen)
x23698	bücken	CC-BY 2.0 (France) Attribution: tatoeba.org #44233 (CK) & #1495405 (Manfredo)
x23699	einstweilig	CC-BY 2.0 (France) Attribution: tatoeba.org #285760 (CK) & #12593024 (Waldelfe)
x23700	Einblick	CC-BY 2.0 (France) Attribution: tatoeba.org #57211 (CM) & #2462789 (Pfirsichbaeumchen)
x23701	Merkmal	CC-BY 2.0 (France) Attribution: tatoeba.org #2265803 (_undertoad) & #2932485 (Pfirsichbaeumchen)
x23702	herankommen	CC-BY 2.0 (France) Attribution: tatoeba.org #25847 (CM) & #1086919 (xtofu80)
x23703	Esszimmer	CC-BY 2.0 (France) Attribution: tatoeba.org #2268182 (_undertoad) & #2290476 (Pfirsichbaeumchen)
x23704	Außenwelt	CC-BY 2.0 (France) Attribution: tatoeba.org #278738 (CM) & #616876 (samueldora)
x23705	Athlet	CC-BY 2.0 (France) Attribution: tatoeba.org #290317 (CK) & #876438 (Pfirsichbaeumchen)
x23706	Gehaltserhöhung	CC-BY 2.0 (France) Attribution: tatoeba.org #1415951 (CK) & #2991402 (Manfredo)
x23707	Trinker	CC-BY 2.0 (France) Attribution: tatoeba.org #3008205 (CK) & #10072658 (wolfgangth)
x23708	überschätzen	CC-BY 2.0 (France) Attribution: tatoeba.org #15824 (Swift) & #782905 (Manfredo)
x23709	Begierde	CC-BY 2.0 (France) Attribution: tatoeba.org #324955 (CM) & #1615368 (Pfirsichbaeumchen)
x23710	duften	CC-BY 2.0 (France) Attribution: tatoeba.org #318144 (CK) & #3873029 (raggione)
x23711	gläubig	CC-BY 2.0 (France) Attribution: tatoeba.org #1941206 (Spamster) & #12502263 (Naina)
x23712	Zufriedenheit	CC-BY 2.0 (France) Attribution: tatoeba.org #2985627 (sharptoothed) & #3982834 (Pfirsichbaeumchen)
x23713	Weide	CC-BY 2.0 (France) Attribution: tatoeba.org #2268433 (_undertoad) & #2290243 (Pfirsichbaeumchen)
x23714	Bowling	CC-BY 2.0 (France) Attribution: tatoeba.org #953201 (CK) & #1343516 (Zaghawa)
x23715	Sympathie	CC-BY 2.0 (France) Attribution: tatoeba.org #487156 (CM) & #3089697 (Manfredo)
x23716	konstruieren	CC-BY 2.0 (France) Attribution: tatoeba.org #1495984 (CK) & #7978375 (Pfirsichbaeumchen)
x23717	belauschen	CC-BY 2.0 (France) Attribution: tatoeba.org #325437 (CK) & #3847682 (Tickler)
x23718	Bescheidenheit	CC-BY 2.0 (France) Attribution: tatoeba.org #3730253 (CM) & #4488068 (Pfirsichbaeumchen)
x23719	Übersee	CC-BY 2.0 (France) Attribution: tatoeba.org #10899841 (CK) & #10899939 (Pfirsichbaeumchen)
x23720	Londoner	CC-BY 2.0 (France) Attribution: tatoeba.org #29282 (CK) & #547741 (jakov)
x23721	Schutzengel	CC-BY 2.0 (France) Attribution: tatoeba.org #5336946 (patgfisher) & #11765930 (Pfirsichbaeumchen)
x23722	Weizen	CC-BY 2.0 (France) Attribution: tatoeba.org #4308072 (patgfisher) & #3528168 (al_ex_an_der)
x23723	Gips	CC-BY 2.0 (France) Attribution: tatoeba.org #241510 (CM) & #4355414 (raggione)
x23724	übersteigen	CC-BY 2.0 (France) Attribution: tatoeba.org #9493422 (sundown) & #8381771 (brauchinet)
x23725	Transaktion	CC-BY 2.0 (France) Attribution: tatoeba.org #5729778 (CM) & #8166128 (dasbeispielholz)
x23726	Skizze	CC-BY 2.0 (France) Attribution: tatoeba.org #3532131 (CK) & #3608570 (Jan_Schreiber)
x23727	Hochzeitsreise	CC-BY 2.0 (France) Attribution: tatoeba.org #2546277 (CK) & #3001862 (Manfredo)
x23728	Provision	CC-BY 2.0 (France) Attribution: tatoeba.org #266028 (CK) & #782055 (Hans_Adler)
x23729	krächzen	CC-BY 2.0 (France) Attribution: tatoeba.org #8836888 (sundown) & #959996 (Sudajaengi)
x23730	Asyl	CC-BY 2.0 (France) Attribution: tatoeba.org #3826506 (CK) & #4020351 (pullnosemans)
x23731	ausatmen	CC-BY 2.0 (France) Attribution: tatoeba.org #6570587 (Hybrid) & #11140725 (Pfirsichbaeumchen)
x23732	Manipulation	CC-BY 2.0 (France) Attribution: tatoeba.org #6104482 (mailohilohi) & #12463681 (Yorwba)
x23733	Siedler	CC-BY 2.0 (France) Attribution: tatoeba.org #805400 (Source_VOA) & #869225 (Pfirsichbaeumchen)
x23734	Möwe	CC-BY 2.0 (France) Attribution: tatoeba.org #63543 (CK) & #2009814 (Manfredo)
x23735	zurücklegen	CC-BY 2.0 (France) Attribution: tatoeba.org #30961 (CK) & #12689461 (mayabe)
x23736	scheuen	CC-BY 2.0 (France) Attribution: tatoeba.org #265036 (CK) & #12406218 (mayabe)
x23737	olympisch	CC-BY 2.0 (France) Attribution: tatoeba.org #1756818 (Spamster) & #1757683 (Pfirsichbaeumchen)
x23738	unbegrenzt	CC-BY 2.0 (France) Attribution: tatoeba.org #1020863 (CM) & #1020865 (al_ex_an_der)
x23739	Cheeseburger	CC-BY 2.0 (France) Attribution: tatoeba.org #7840842 (RobinvanderVliet) & #8317338 (Luiaard)
x23740	Pickel	CC-BY 2.0 (France) Attribution: tatoeba.org #309143 (CM) & #476990 (Ullalia)
x23741	Weihnachtsbaum	CC-BY 2.0 (France) Attribution: tatoeba.org #23580 (CK) & #12408980 (mayabe)
x23742	Liebesgeschichte	CC-BY 2.0 (France) Attribution: tatoeba.org #3687675 (CM) & #10033809 (Melang)
x23743	selbstlos	CC-BY 2.0 (France) Attribution: tatoeba.org #5290987 (Adelpa) & #5290991 (Pfirsichbaeumchen)
x23744	übereinstimmen	CC-BY 2.0 (France) Attribution: tatoeba.org #317693 (CM) & #3770619 (mauersegler)
x23745	zähmen	CC-BY 2.0 (France) Attribution: tatoeba.org #6873470 (CK) & #843624 (jakov)
x23746	belieben	CC-BY 2.0 (France) Attribution: tatoeba.org #2982582 (Hybrid) & #6999446 (Pfirsichbaeumchen)
x23747	Edelstein	CC-BY 2.0 (France) Attribution: tatoeba.org #3783391 (popball) & #4176568 (Dani6187)
x23748	Nervenzusammenbruch	CC-BY 2.0 (France) Attribution: tatoeba.org #2968099 (CM) & #7712544 (wolfgangth)
x23749	abseits	CC-BY 2.0 (France) Attribution: tatoeba.org #8895263 (Hybrid) & #11084668 (Pfirsichbaeumchen)
x23750	röntgen	CC-BY 2.0 (France) Attribution: tatoeba.org #10921810 (sundown) & #8634367 (Melang)
x23751	chillen	CC-BY 2.0 (France) Attribution: tatoeba.org #2413893 (CK) & #2723155 (Zaghawa)
x23752	fehl	CC-BY 2.0 (France) Attribution: tatoeba.org #57993 (CK) & #2765496 (Tamy)
x23753	Balken	CC-BY 2.0 (France) Attribution: tatoeba.org #57880 (CM) & #2751517 (Tamy)
x23754	Wiedergutmachung	CC-BY 2.0 (France) Attribution: tatoeba.org #4402002 (CM) & #4878104 (Pfirsichbaeumchen)
x23755	Pasta	CC-BY 2.0 (France) Attribution: tatoeba.org #7702267 (Yanahma) & #8082782 (Luiaard)
x23756	Geschick	CC-BY 2.0 (France) Attribution: tatoeba.org #681054 (Source_VOA) & #829536 (Esperantostern)
x23757	Einwanderer	CC-BY 2.0 (France) Attribution: tatoeba.org #33333 (CK) & #479031 (Ullalia)
x23758	trotzen	CC-BY 2.0 (France) Attribution: tatoeba.org #5800852 (CK) & #12443913 (Waldelfe)
x23759	Ehrengast	CC-BY 2.0 (France) Attribution: tatoeba.org #5736960 (zumley) & #5775613 (Pfirsichbaeumchen)
x23760	untergraben	CC-BY 2.0 (France) Attribution: tatoeba.org #9382411 (CM) & #13029575 (Yorwba)
x23761	verspotten	CC-BY 2.0 (France) Attribution: tatoeba.org #621157 (CM) & #724474 (Esperantostern)
x23762	Kriegsschiff	CC-BY 2.0 (France) Attribution: tatoeba.org #42247 (CM) & #2126096 (Tamy)
x23763	Schwarzmarkt	CC-BY 2.0 (France) Attribution: tatoeba.org #16551 (iamgrim) & #518767 (MUIRIEL)
x23764	Inder	CC-BY 2.0 (France) Attribution: tatoeba.org #3155292 (CM) & #12151687 (Pfirsichbaeumchen)
x23765	hinab	CC-BY 2.0 (France) Attribution: tatoeba.org #11031363 (sundown) & #2628316 (al_ex_an_der)
x23766	Jacht	CC-BY 2.0 (France) Attribution: tatoeba.org #11895793 (ddnktr) & #12190483 (Pfirsichbaeumchen)
x23767	begnadigen	CC-BY 2.0 (France) Attribution: tatoeba.org #681689 (Source_VOA) & #759262 (Pfirsichbaeumchen)
x23768	hektisch	CC-BY 2.0 (France) Attribution: tatoeba.org #890849 (U2FS) & #5315316 (Pfirsichbaeumchen)
x23769	abschütteln	CC-BY 2.0 (France) Attribution: tatoeba.org #2690899 (Hybrid) & #2691083 (Pfirsichbaeumchen)
x23770	einwandfrei	CC-BY 2.0 (France) Attribution: tatoeba.org #6678126 (Hybrid) & #6707801 (Pfirsichbaeumchen)
x23771	Fitnessstudio	CC-BY 2.0 (France) Attribution: tatoeba.org #10525001 (CK) & #13662417 (Naina)
x23772	Epidemie	CC-BY 2.0 (France) Attribution: tatoeba.org #10098010 (CK) & #10100113 (Pfirsichbaeumchen)
x23773	Ungerechtigkeit	CC-BY 2.0 (France) Attribution: tatoeba.org #414156 (Scott) & #3804822 (Esperantostern)
x23774	Mandel	CC-BY 2.0 (France) Attribution: tatoeba.org #5290769 (Hybrid) & #8227562 (MisterTrouser)
x23775	hochheben	CC-BY 2.0 (France) Attribution: tatoeba.org #5758030 (CM) & #8292131 (GuidoW)
x23776	auffangen	CC-BY 2.0 (France) Attribution: tatoeba.org #6887104 (CK) & #6887192 (Pfirsichbaeumchen)
x23777	Mahl	CC-BY 2.0 (France) Attribution: tatoeba.org #311748 (CK) & #3144191 (faehrmann)
x23778	ungesund	CC-BY 2.0 (France) Attribution: tatoeba.org #2583266 (CK) & #9378817 (Pfirsichbaeumchen)
x23779	Selbstverteidigung	CC-BY 2.0 (France) Attribution: tatoeba.org #2060309 (CK) & #8123619 (Pfirsichbaeumchen)
x23780	bedauerlicherweise	CC-BY 2.0 (France) Attribution: tatoeba.org #11654796 (sundown) & #10675902 (Yorwba)
x23781	auserwählen	CC-BY 2.0 (France) Attribution: tatoeba.org #11359428 (sundown) & #2021880 (Zaghawa)
x23782	brüsten	CC-BY 2.0 (France) Attribution: tatoeba.org #312638 (CK) & #2102033 (Tamy)
x23783	Gaul	CC-BY 2.0 (France) Attribution: tatoeba.org #953852 (CK) & #1019567 (Sudajaengi)
x23784	Alligator	CC-BY 2.0 (France) Attribution: tatoeba.org #10525129 (CK) & #12539422 (Naina)
x23785	Sträfling	CC-BY 2.0 (France) Attribution: tatoeba.org #5364116 (CK) & #5369059 (Pfirsichbaeumchen)
x23786	Sitte	CC-BY 2.0 (France) Attribution: tatoeba.org #69951 (CM) & #1541781 (Zaghawa)
x23787	größtenteils	CC-BY 2.0 (France) Attribution: tatoeba.org #1540783 (CM) & #1540539 (Zaghawa)
x23788	Entschlossenheit	CC-BY 2.0 (France) Attribution: tatoeba.org #7760435 (Hybrid) & #13323295 (Waldelfe)
x23789	Glied	CC-BY 2.0 (France) Attribution: tatoeba.org #619725 (qdii) & #1542234 (al_ex_an_der)
x23790	Karussell	CC-BY 2.0 (France) Attribution: tatoeba.org #12201401 (sundown) & #4868513 (Manfredo)
x23791	überfluten	CC-BY 2.0 (France) Attribution: tatoeba.org #273170 (CK) & #1833107 (Zaghawa)
x23792	Grundsatz	CC-BY 2.0 (France) Attribution: tatoeba.org #23640 (CK) & #1169815 (Esperantostern)
x23793	gebraten	CC-BY 2.0 (France) Attribution: tatoeba.org #324821 (CM) & #842025 (Espi)
x23794	zustande	CC-BY 2.0 (France) Attribution: tatoeba.org #5936604 (CK) & #12634019 (Waldelfe)
x23795	Lungenentzündung	CC-BY 2.0 (France) Attribution: tatoeba.org #3821455 (CK) & #8056215 (Luiaard)
x23796	tunen	CC-BY 2.0 (France) Attribution: tatoeba.org #2032030 (CK) & #2517003 (Pfirsichbaeumchen)
x23797	ausstrecken	CC-BY 2.0 (France) Attribution: tatoeba.org #1745638 (Spamster) & #1745803 (Pfirsichbaeumchen)
x23798	Horrorfilm	CC-BY 2.0 (France) Attribution: tatoeba.org #33129 (CK) & #783002 (Hans_Adler)
x23799	kapitulieren	CC-BY 2.0 (France) Attribution: tatoeba.org #3395517 (CK) & #3407609 (Pfirsichbaeumchen)
x23800	kommunistisch	CC-BY 2.0 (France) Attribution: tatoeba.org #8904655 (The_World_Factbook) & #12570496 (Waldelfe)
x23801	Hausmädchen	CC-BY 2.0 (France) Attribution: tatoeba.org #2259345 (_undertoad) & #2351977 (Pfirsichbaeumchen)
x23802	Psychologe	CC-BY 2.0 (France) Attribution: tatoeba.org #45090 (CM) & #1917755 (Tamy)
x23803	Geburtsurkunde	CC-BY 2.0 (France) Attribution: tatoeba.org #9969449 (ddnktr) & #11800351 (Yorwba)
x23804	niesen	CC-BY 2.0 (France) Attribution: tatoeba.org #665508 (darinmex) & #1911719 (Tamy)
x23805	komponieren	CC-BY 2.0 (France) Attribution: tatoeba.org #2270557 (_undertoad) & #2272205 (Pfirsichbaeumchen)
x23806	klebrig	CC-BY 2.0 (France) Attribution: tatoeba.org #45938 (CK) & #2493525 (Tamy)
x23807	legitim	CC-BY 2.0 (France) Attribution: tatoeba.org #5736393 (CM) & #12662925 (Yorwba)
x23808	beliebig	CC-BY 2.0 (France) Attribution: tatoeba.org #5312824 (Objectivesea) & #8227568 (MisterTrouser)
x23809	Widerrede	CC-BY 2.0 (France) Attribution: tatoeba.org #2323298 (CK) & #3261692 (Trinkschokolade)
x23810	Übernahme	CC-BY 2.0 (France) Attribution: tatoeba.org #279682 (CK) & #11755560 (Yorwba)
x23811	beibehalten	CC-BY 2.0 (France) Attribution: tatoeba.org #30056 (CM) & #4801838 (Raringo)
x23812	beunruhigend	CC-BY 2.0 (France) Attribution: tatoeba.org #42524 (CM) & #2161460 (Tamy)
x23813	mailen	CC-BY 2.0 (France) Attribution: tatoeba.org #8446012 (Luiaard) & #8446008 (Luiaard)
x23814	Popmusik	CC-BY 2.0 (France) Attribution: tatoeba.org #33399 (CK) & #1556017 (al_ex_an_der)
x23815	aufdringlich	CC-BY 2.0 (France) Attribution: tatoeba.org #2360862 (CK) & #3062548 (al_ex_an_der)
x23816	versperren	CC-BY 2.0 (France) Attribution: tatoeba.org #11642600 (sundown) & #7774547 (list)
x23817	zerstreuen	CC-BY 2.0 (France) Attribution: tatoeba.org #306624 (CM) & #677942 (ELPHONY)
x23818	dasitzen	CC-BY 2.0 (France) Attribution: tatoeba.org #2308247 (CK) & #2886425 (Pfirsichbaeumchen)
x23819	gefroren	CC-BY 2.0 (France) Attribution: tatoeba.org #5322505 (Hybrid) & #6546163 (Pfirsichbaeumchen)
x23820	Diabetes	CC-BY 2.0 (France) Attribution: tatoeba.org #3825391 (CK) & #8470496 (Luiaard)
x23821	verbittern	CC-BY 2.0 (France) Attribution: tatoeba.org #4963980 (CK) & #4966606 (brauchinet)
x23822	nebeneinander	CC-BY 2.0 (France) Attribution: tatoeba.org #43333 (CK) & #948136 (Manfredo)
x23823	Dilemma	CC-BY 2.0 (France) Attribution: tatoeba.org #12231197 (Miktsoanit) & #3147058 (al_ex_an_der)
x23824	indianisch	CC-BY 2.0 (France) Attribution: tatoeba.org #2267274 (_undertoad) & #2297235 (Pfirsichbaeumchen)
x23825	Hautfarbe	CC-BY 2.0 (France) Attribution: tatoeba.org #9353215 (DJ_Saidez) & #9353218 (Pfirsichbaeumchen)
x23826	zusammentun	CC-BY 2.0 (France) Attribution: tatoeba.org #3378952 (CK) & #3383389 (Pfirsichbaeumchen)
x23827	vergewissern	CC-BY 2.0 (France) Attribution: tatoeba.org #12327079 (CK) & #12555420 (Waldelfe)
x23828	Strumpfhose	CC-BY 2.0 (France) Attribution: tatoeba.org #1862564 (Spamster) & #4095579 (raggione)
x23829	Arbeitszeit	CC-BY 2.0 (France) Attribution: tatoeba.org #4500060 (CK) & #6113863 (raggione)
x23830	Wanderer	CC-BY 2.0 (France) Attribution: tatoeba.org #681524 (Source_VOA) & #772689 (Pfirsichbaeumchen)
x23831	Badeanzug	CC-BY 2.0 (France) Attribution: tatoeba.org #2182386 (Hybrid) & #4954416 (raggione)
x23832	ansteigen	CC-BY 2.0 (France) Attribution: tatoeba.org #719765 (CM) & #10355116 (Yorwba)
x23833	Bagel	CC-BY 2.0 (France) Attribution: tatoeba.org #9961012 (Hybrid) & #11137601 (Pfirsichbaeumchen)
x23834	verscheuchen	CC-BY 2.0 (France) Attribution: tatoeba.org #13000247 (CK) & #13013706 (Waldelfe)
x23835	ehrbar	CC-BY 2.0 (France) Attribution: tatoeba.org #5745383 (CM) & #12605701 (Waldelfe)
x23836	Klartext	CC-BY 2.0 (France) Attribution: tatoeba.org #41771 (CK) & #2032402 (Tamy)
x23837	Jackpot	CC-BY 2.0 (France) Attribution: tatoeba.org #321495 (CE) & #12706904 (mayabe)
x23838	Mysterium	CC-BY 2.0 (France) Attribution: tatoeba.org #635662 (BraveSentry) & #635661 (BraveSentry)
x23839	wogen	CC-BY 2.0 (France) Attribution: tatoeba.org #300574 (minshirui) & #1186695 (Espi)
x23840	ehrenvoll	CC-BY 2.0 (France) Attribution: tatoeba.org #32062 (CM) & #603979 (BraveSentry)
x23841	Vordertür	CC-BY 2.0 (France) Attribution: tatoeba.org #11871238 (CK) & #11871459 (Naina)
x23842	gänzlich	CC-BY 2.0 (France) Attribution: tatoeba.org #3026633 (patgfisher) & #2435142 (al_ex_an_der)
x23843	Träumer	CC-BY 2.0 (France) Attribution: tatoeba.org #11934053 (CK) & #12668084 (Waldelfe)
x23844	einfädeln	CC-BY 2.0 (France) Attribution: tatoeba.org #269860 (CK) & #2212166 (Manfredo)
x23845	zurückweisen	CC-BY 2.0 (France) Attribution: tatoeba.org #887351 (CK) & #1341335 (Zaghawa)
x23846	Elch	CC-BY 2.0 (France) Attribution: tatoeba.org #9349254 (CK) & #9349948 (brauchinet)
x23847	Stich	CC-BY 2.0 (France) Attribution: tatoeba.org #296653 (CM) & #398580 (xtofu80)
x23848	erlernen	CC-BY 2.0 (France) Attribution: tatoeba.org #1751931 (Amastan) & #1753581 (Pfirsichbaeumchen)
x23849	Klassenzimmer	CC-BY 2.0 (France) Attribution: tatoeba.org #19040 (CK) & #794867 (Esperantostern)
x23850	Kartenspiel	CC-BY 2.0 (France) Attribution: tatoeba.org #2799147 (Cainntear) & #849054 (Esperantostern)
x23851	gähnen	CC-BY 2.0 (France) Attribution: tatoeba.org #530021 (aandrusiak) & #3110057 (Manfredo)
x23852	kämmen	CC-BY 2.0 (France) Attribution: tatoeba.org #5825058 (Hybrid) & #6840263 (raggione)
x23853	Gewand	CC-BY 2.0 (France) Attribution: tatoeba.org #321031 (CK) & #631506 (al_ex_an_der)
x23854	Cappuccino	CC-BY 2.0 (France) Attribution: tatoeba.org #10986426 (CM) & #12506437 (Waldelfe)
x23855	fackeln	CC-BY 2.0 (France) Attribution: tatoeba.org #288254 (CM) & #5558552 (raggione)
x23856	Design	CC-BY 2.0 (France) Attribution: tatoeba.org #4870311 (CK) & #8682427 (Melang)
x23857	Kojote	CC-BY 2.0 (France) Attribution: tatoeba.org #8743926 (Adelpa) & #8679449 (list)
x23858	Shampoo	CC-BY 2.0 (France) Attribution: tatoeba.org #9373340 (DJ_Saidez) & #943862 (chiyochan)
x23859	befugen	CC-BY 2.0 (France) Attribution: tatoeba.org #6871243 (CK) & #7372727 (Pfirsichbaeumchen)
x23860	Proviant	CC-BY 2.0 (France) Attribution: tatoeba.org #2259365 (_undertoad) & #2351916 (Pfirsichbaeumchen)
x23861	Prozedur	CC-BY 2.0 (France) Attribution: tatoeba.org #2264428 (sharptoothed) & #13500170 (Waldelfe)
x23862	denkbar	CC-BY 2.0 (France) Attribution: tatoeba.org #10276634 (CK) & #2260006 (Zaghawa)
x23863	schwinden	CC-BY 2.0 (France) Attribution: tatoeba.org #12319627 (CK) & #12452343 (Yorwba)
x23864	Ausgangssperre	CC-BY 2.0 (France) Attribution: tatoeba.org #323939 (CK) & #1341907 (Esperantostern)
x23865	Begabung	CC-BY 2.0 (France) Attribution: tatoeba.org #285439 (CK) & #1547003 (Pfirsichbaeumchen)
x23866	bewilligen	CC-BY 2.0 (France) Attribution: tatoeba.org #11317206 (sundown) & #2131390 (freddy1)
x23867	Schießpulver	CC-BY 2.0 (France) Attribution: tatoeba.org #7805889 (AlanF_US) & #10704617 (Yorwba)
x23868	Zylinder	CC-BY 2.0 (France) Attribution: tatoeba.org #9870331 (DJ_Saidez) & #1444012 (Esperantostern)
x23869	Eintopf	CC-BY 2.0 (France) Attribution: tatoeba.org #4048961 (CK) & #4049045 (Pfirsichbaeumchen)
x23870	Fanatiker	CC-BY 2.0 (France) Attribution: tatoeba.org #3824759 (CK) & #3895655 (Pfirsichbaeumchen)
x23871	rascheln	CC-BY 2.0 (France) Attribution: tatoeba.org #11948942 (sundown) & #1765369 (al_ex_an_der)
x23872	staunen	CC-BY 2.0 (France) Attribution: tatoeba.org #25339 (CK) & #1708912 (Pfirsichbaeumchen)
x23873	Aktenkoffer	CC-BY 2.0 (France) Attribution: tatoeba.org #3738811 (CK) & #3815731 (nGerman)
x23874	Erdboden	CC-BY 2.0 (France) Attribution: tatoeba.org #995991 (CM) & #1003504 (Esperantostern)
x23875	Schrottplatz	CC-BY 2.0 (France) Attribution: tatoeba.org #1898305 (CK) & #1898849 (Pfirsichbaeumchen)
x23876	Examen	CC-BY 2.0 (France) Attribution: tatoeba.org #59029 (CK) & #769408 (Esperantostern)
x23877	Kabinett	CC-BY 2.0 (France) Attribution: tatoeba.org #266134 (CM) & #406374 (xtofu80)
x23878	rütteln	CC-BY 2.0 (France) Attribution: tatoeba.org #838897 (Scott) & #1511765 (samueldora)
x23879	bewerfen	CC-BY 2.0 (France) Attribution: tatoeba.org #1904491 (CK) & #1906017 (Pfirsichbaeumchen)
x23880	Omen	CC-BY 2.0 (France) Attribution: tatoeba.org #12142233 (CK) & #12579031 (Waldelfe)
x23881	Tresen	CC-BY 2.0 (France) Attribution: tatoeba.org #2639631 (CK) & #2771771 (Pfirsichbaeumchen)
x23882	Milliardär	CC-BY 2.0 (France) Attribution: tatoeba.org #11890887 (CK) & #12635228 (Waldelfe)
x23883	Bestandteil	CC-BY 2.0 (France) Attribution: tatoeba.org #3091509 (patgfisher) & #3136502 (Pfirsichbaeumchen)
x23884	würfeln	CC-BY 2.0 (France) Attribution: tatoeba.org #12098358 (sundown) & #4660979 (Esperantostern)
x23885	ungelöst	CC-BY 2.0 (France) Attribution: tatoeba.org #7269727 (Hybrid) & #7272914 (Pfirsichbaeumchen)
x23886	traumatisch	CC-BY 2.0 (France) Attribution: tatoeba.org #5252365 (Hybrid) & #5253473 (Pfirsichbaeumchen)
x23887	Toaster	CC-BY 2.0 (France) Attribution: tatoeba.org #2358835 (CK) & #8336077 (Luiaard)
x23888	nacheinander	CC-BY 2.0 (France) Attribution: tatoeba.org #317982 (CK) & #3833491 (raggione)
x23889	Brandstiftung	CC-BY 2.0 (France) Attribution: tatoeba.org #4530041 (CK) & #11986785 (Naina)
x23890	Bürgermeisterin	CC-BY 2.0 (France) Attribution: tatoeba.org #314013 (CK) & #1482133 (Zaghawa)
x23891	bürgerlich	CC-BY 2.0 (France) Attribution: tatoeba.org #1925378 (CK) & #1927694 (Pfirsichbaeumchen)
x23892	Durchfall	CC-BY 2.0 (France) Attribution: tatoeba.org #1522005 (erikspen) & #4514772 (pullnosemans)
x23893	Praline	CC-BY 2.0 (France) Attribution: tatoeba.org #3773319 (DostKaplan) & #6727713 (raggione)
x23894	Kläger	CC-BY 2.0 (France) Attribution: tatoeba.org #244226 (CK) & #12349634 (Yorwba)
x23895	gutgehen	CC-BY 2.0 (France) Attribution: tatoeba.org #1860389 (CK) & #2134140 (Pfirsichbaeumchen)
x23896	Artillerie	CC-BY 2.0 (France) Attribution: tatoeba.org #805336 (Source_VOA) & #981889 (Esperantostern)
x23897	krönen	CC-BY 2.0 (France) Attribution: tatoeba.org #1563790 (sam_m) & #3752865 (Jens_Odo)
x23898	verspeisen	CC-BY 2.0 (France) Attribution: tatoeba.org #1854770 (CM) & #1922306 (Pfirsichbaeumchen)
x23899	belangen	CC-BY 2.0 (France) Attribution: tatoeba.org #1553485 (CK) & #1688231 (Pfirsichbaeumchen)
x23900	Moschee	CC-BY 2.0 (France) Attribution: tatoeba.org #2225251 (marcosruben) & #3445126 (pne)
x23901	Muttermal	CC-BY 2.0 (France) Attribution: tatoeba.org #9188436 (CK) & #12511951 (Naina)
x23902	Laus	CC-BY 2.0 (France) Attribution: tatoeba.org #1307380 (CK) & #1216765 (Esperantostern)
x23903	Streber	CC-BY 2.0 (France) Attribution: tatoeba.org #7118063 (CK) & #13725200 (Waldelfe)
x23904	schwedisch	CC-BY 2.0 (France) Attribution: tatoeba.org #2030121 (Spamster) & #2030491 (Pfirsichbaeumchen)
x23905	verfaulen	CC-BY 2.0 (France) Attribution: tatoeba.org #3287160 (CK) & #6826705 (Pfirsichbaeumchen)
x23906	Versprechung	CC-BY 2.0 (France) Attribution: tatoeba.org #1477100 (CK) & #3316421 (Pfirsichbaeumchen)
x23907	Kapitulation	CC-BY 2.0 (France) Attribution: tatoeba.org #807301 (Source_VOA) & #927268 (Pfirsichbaeumchen)
x23908	woraus	CC-BY 2.0 (France) Attribution: tatoeba.org #1056736 (cris) & #1511798 (samueldora)
x23909	Geschäftsreise	CC-BY 2.0 (France) Attribution: tatoeba.org #6655779 (CK) & #12690894 (Waldelfe)
x23910	zuweisen	CC-BY 2.0 (France) Attribution: tatoeba.org #1893609 (CK) & #1898507 (Pfirsichbaeumchen)
x23911	meditieren	CC-BY 2.0 (France) Attribution: tatoeba.org #2203728 (CK) & #2204169 (Pfirsichbaeumchen)
x23912	Zeitraum	CC-BY 2.0 (France) Attribution: tatoeba.org #329137 (fcbond) & #2434729 (Pfirsichbaeumchen)
x23913	untersagen	CC-BY 2.0 (France) Attribution: tatoeba.org #20611 (CK) & #10563839 (Yorwba)
x23914	Arroganz	CC-BY 2.0 (France) Attribution: tatoeba.org #403607 (CK) & #3123125 (samueldora)
x23915	Vorkehrung	CC-BY 2.0 (France) Attribution: tatoeba.org #8349188 (CK) & #11808606 (Pfirsichbaeumchen)
x23916	betrüben	CC-BY 2.0 (France) Attribution: tatoeba.org #41755 (CK) & #1045288 (Sudajaengi)
x23917	Hurrikan	CC-BY 2.0 (France) Attribution: tatoeba.org #682320 (Source_VOA) & #707538 (Pfirsichbaeumchen)
x23918	Busch	CC-BY 2.0 (France) Attribution: tatoeba.org #1904818 (CK) & #1905982 (Pfirsichbaeumchen)
x23919	totschlagen	CC-BY 2.0 (France) Attribution: tatoeba.org #1699266 (Spamster) & #1710933 (al_ex_an_der)
x23920	impfen	CC-BY 2.0 (France) Attribution: tatoeba.org #5463377 (barryo) & #8647026 (Pfirsichbaeumchen)
x23921	Aschenbecher	CC-BY 2.0 (France) Attribution: tatoeba.org #593547 (CK) & #703367 (Manfredo)
x23922	veräppeln	CC-BY 2.0 (France) Attribution: tatoeba.org #677095 (CM) & #12575056 (Waldelfe)
x23923	Wildschwein	CC-BY 2.0 (France) Attribution: tatoeba.org #10190039 (ddnktr) & #10190342 (Pfirsichbaeumchen)
x23924	inspizieren	CC-BY 2.0 (France) Attribution: tatoeba.org #681220 (Source_VOA) & #1186062 (Sudajaengi)
x23925	mähen	CC-BY 2.0 (France) Attribution: tatoeba.org #6339433 (CK) & #7342573 (Pfirsichbaeumchen)
x23926	Leihe	CC-BY 2.0 (France) Attribution: tatoeba.org #56850 (CK) & #370438 (Wolf)
x23927	Handynummer	CC-BY 2.0 (France) Attribution: tatoeba.org #8898135 (shekitten) & #8898482 (mramosch)
x23928	unnatürlich	CC-BY 2.0 (France) Attribution: tatoeba.org #303253 (CK) & #822236 (al_ex_an_der)
x23929	betätigen	CC-BY 2.0 (France) Attribution: tatoeba.org #5958186 (CK) & #5962727 (arved)
x23930	schärfen	CC-BY 2.0 (France) Attribution: tatoeba.org #9315374 (CK) & #12747650 (Waldelfe)
x23931	eisig	CC-BY 2.0 (France) Attribution: tatoeba.org #9926383 (sundown) & #7463958 (Pfirsichbaeumchen)
x23932	Vanille	CC-BY 2.0 (France) Attribution: tatoeba.org #7040084 (Hybrid) & #7729323 (Pfirsichbaeumchen)
x23933	Jüdin	CC-BY 2.0 (France) Attribution: tatoeba.org #10101365 (ddnktr) & #10101766 (Schmutti)
x23934	Dreieck	CC-BY 2.0 (France) Attribution: tatoeba.org #73688 (CM) & #1933524 (Ennocb)
x23935	imaginär	CC-BY 2.0 (France) Attribution: tatoeba.org #3938805 (Hybrid) & #10460181 (Pfirsichbaeumchen)
x23936	Wiedergeburt	CC-BY 2.0 (France) Attribution: tatoeba.org #1522144 (LittleBoy) & #1933301 (Ennocb)
x23937	herauf	CC-BY 2.0 (France) Attribution: tatoeba.org #2095477 (CK) & #1548501 (Pfirsichbaeumchen)
x23938	Durchgang	CC-BY 2.0 (France) Attribution: tatoeba.org #43579 (CM) & #2357796 (Tamy)
x23939	Dia	CC-BY 2.0 (France) Attribution: tatoeba.org #10636953 (sundown) & #10636973 (Pfirsichbaeumchen)
x23940	hinausgehen	CC-BY 2.0 (France) Attribution: tatoeba.org #473599 (CK) & #721332 (stefz)
x23941	wittern	CC-BY 2.0 (France) Attribution: tatoeba.org #5746726 (CM) & #11836599 (Pfirsichbaeumchen)
x23942	Kriegsgericht	CC-BY 2.0 (France) Attribution: tatoeba.org #807486 (Source_VOA) & #3929893 (Pfirsichbaeumchen)
x23943	Umlaufbahn	CC-BY 2.0 (France) Attribution: tatoeba.org #26117 (CK) & #1485483 (Esperantostern)
x23944	Balance	CC-BY 2.0 (France) Attribution: tatoeba.org #293499 (CK) & #2423563 (xtofu80)
x23945	Splitter	CC-BY 2.0 (France) Attribution: tatoeba.org #59071 (CK) & #722081 (al_ex_an_der)
x23946	absorbieren	CC-BY 2.0 (France) Attribution: tatoeba.org #21185 (CK) & #340933 (MUIRIEL)
x23947	bürgen	CC-BY 2.0 (France) Attribution: tatoeba.org #3091274 (Hybrid) & #3091695 (freddy1)
x23948	abschaffen	CC-BY 2.0 (France) Attribution: tatoeba.org #246362 (CK) & #706846 (Pfirsichbaeumchen)
x23949	zehnmal	CC-BY 2.0 (France) Attribution: tatoeba.org #5366424 (Airvian) & #4448372 (Pfirsichbaeumchen)
x23950	Wurzel	CC-BY 2.0 (France) Attribution: tatoeba.org #35861 (CM) & #12527983 (mayabe)
x23951	Arbeitstag	CC-BY 2.0 (France) Attribution: tatoeba.org #281841 (Eldad) & #620508 (kolonjano)
x23952	anmerken	CC-BY 2.0 (France) Attribution: tatoeba.org #2288943 (CK) & #12702929 (Waldelfe)
x23953	Barriere	CC-BY 2.0 (France) Attribution: tatoeba.org #22925 (CK) & #2533139 (Lars224)
x23954	besaufen	CC-BY 2.0 (France) Attribution: tatoeba.org #1792671 (BraveSentry) & #1792673 (BraveSentry)
x23955	unerwünscht	CC-BY 2.0 (France) Attribution: tatoeba.org #60254 (CM) & #612395 (virgil)
x23956	Zärtlichkeit	CC-BY 2.0 (France) Attribution: tatoeba.org #7817515 (Hybrid) & #9015250 (Pfirsichbaeumchen)
x23957	Dolmetscher	CC-BY 2.0 (France) Attribution: tatoeba.org #322263 (CM) & #601503 (kolonjano)
x23958	verschwitzen	CC-BY 2.0 (France) Attribution: tatoeba.org #8261687 (Luiaard) & #1053162 (Esperantostern)
x23959	gemischt	CC-BY 2.0 (France) Attribution: tatoeba.org #5645049 (CK) & #5708038 (Pfirsichbaeumchen)
x23960	Bewunderung	CC-BY 2.0 (France) Attribution: tatoeba.org #7888741 (shekitten) & #7888869 (Pfirsichbaeumchen)
x23961	Achterbahn	CC-BY 2.0 (France) Attribution: tatoeba.org #9153678 (CK) & #12051762 (mayabe)
x23962	berliner	CC-BY 2.0 (France) Attribution: tatoeba.org #2335876 (CK) & #2702939 (Pfirsichbaeumchen)
x23963	Barmherzigkeit	CC-BY 2.0 (France) Attribution: tatoeba.org #306639 (CK) & #736296 (Esperantostern)
x23964	Verachtung	CC-BY 2.0 (France) Attribution: tatoeba.org #49770 (CK) & #2530629 (Pfirsichbaeumchen)
x23965	jeglicher	CC-BY 2.0 (France) Attribution: tatoeba.org #2291879 (CK) & #2292053 (Pfirsichbaeumchen)
x23966	Alzheimer	CC-BY 2.0 (France) Attribution: tatoeba.org #5388496 (Hybrid) & #5603882 (Pfirsichbaeumchen)
x23967	Spiegelbild	CC-BY 2.0 (France) Attribution: tatoeba.org #5831969 (CK) & #6043903 (raggione)
x23968	Bezeichnung	CC-BY 2.0 (France) Attribution: tatoeba.org #303778 (CM) & #979628 (Sudajaengi)
x23969	Gerichtshof	CC-BY 2.0 (France) Attribution: tatoeba.org #47221 (CM) & #632455 (Zaghawa)
x23970	Schneesturm	CC-BY 2.0 (France) Attribution: tatoeba.org #9640586 (Hybrid) & #9678846 (Pfirsichbaeumchen)
x23971	verhängen	CC-BY 2.0 (France) Attribution: tatoeba.org #566377 (darinmex) & #1056468 (Sudajaengi)
x23972	vorhersehen	CC-BY 2.0 (France) Attribution: tatoeba.org #2406400 (CK) & #12431043 (Waldelfe)
x23973	ununterbrochen	CC-BY 2.0 (France) Attribution: tatoeba.org #25938 (CK) & #2994830 (pne)
x23974	Dämmerung	CC-BY 2.0 (France) Attribution: tatoeba.org #2268766 (_undertoad) & #3304332 (Pfirsichbaeumchen)
x23975	Krampf	CC-BY 2.0 (France) Attribution: tatoeba.org #3669428 (karloelkebekio) & #1526772 (Pfirsichbaeumchen)
x23976	Gutschein	CC-BY 2.0 (France) Attribution: tatoeba.org #2359567 (CK) & #12432613 (Yorwba)
x23977	weiterentwickeln	CC-BY 2.0 (France) Attribution: tatoeba.org #54564 (CK) & #367244 (lilygilder)
x23978	stapeln	CC-BY 2.0 (France) Attribution: tatoeba.org #5821645 (Hybrid) & #5823179 (Pfirsichbaeumchen)
x23979	Lasagne	CC-BY 2.0 (France) Attribution: tatoeba.org #1841 (Swift) & #651 (MUIRIEL)
x23980	Heck	CC-BY 2.0 (France) Attribution: tatoeba.org #290638 (CK) & #1399109 (Pfirsichbaeumchen)
x23981	entbehren	CC-BY 2.0 (France) Attribution: tatoeba.org #255261 (CK) & #4453492 (rocco_granata)
x23982	Draht	CC-BY 2.0 (France) Attribution: tatoeba.org #269865 (CK) & #439240 (xtofu80)
x23983	Bundesstaat	CC-BY 2.0 (France) Attribution: tatoeba.org #67621 (CM) & #3279548 (Pfirsichbaeumchen)
x23984	Sarkasmus	CC-BY 2.0 (France) Attribution: tatoeba.org #3731188 (CM) & #3860396 (Tickler)
x23985	halbwegs	CC-BY 2.0 (France) Attribution: tatoeba.org #10685368 (sundown) & #5038832 (brauchinet)
x23986	Tanzfläche	CC-BY 2.0 (France) Attribution: tatoeba.org #1806297 (Spamster) & #1806298 (Pfirsichbaeumchen)
x23987	Oberhaupt	CC-BY 2.0 (France) Attribution: tatoeba.org #70245 (CM) & #514854 (Espi)
x23988	Nichtsnutz	CC-BY 2.0 (France) Attribution: tatoeba.org #2203560 (CK) & #867409 (Pfirsichbaeumchen)
x23989	Schuljahr	CC-BY 2.0 (France) Attribution: tatoeba.org #2700605 (Hybrid) & #6447306 (Pfirsichbaeumchen)
x23990	erträumen	CC-BY 2.0 (France) Attribution: tatoeba.org #483667 (CK) & #1021949 (al_ex_an_der)
x23991	lockern	CC-BY 2.0 (France) Attribution: tatoeba.org #257019 (CK) & #8106774 (kutschektar)
x23992	pensionieren	CC-BY 2.0 (France) Attribution: tatoeba.org #937260 (CM) & #2831433 (mykee)
x23993	hereinlegen	CC-BY 2.0 (France) Attribution: tatoeba.org #41338 (CK) & #1968575 (Tamy)
x23994	verrichten	CC-BY 2.0 (France) Attribution: tatoeba.org #1844173 (CK) & #1846613 (Pfirsichbaeumchen)
x23995	Auflage	CC-BY 2.0 (France) Attribution: tatoeba.org #267062 (CK) & #716531 (Manfredo)
x23996	auslaufen	CC-BY 2.0 (France) Attribution: tatoeba.org #1428034 (CK) & #1790764 (Pfirsichbaeumchen)
x23997	Liebesbrief	CC-BY 2.0 (France) Attribution: tatoeba.org #297554 (CK) & #139116 (MUIRIEL)
x23998	mutieren	CC-BY 2.0 (France) Attribution: tatoeba.org #1111626 (Scott) & #1585872 (Zaghawa)
x23999	Kriminalität	CC-BY 2.0 (France) Attribution: tatoeba.org #318541 (jakov) & #570281 (jakov)
x24000	Aufschlag	CC-BY 2.0 (France) Attribution: tatoeba.org #242375 (CK) & #804475 (samueldora)
x24001	Gemeinsamkeit	CC-BY 2.0 (France) Attribution: tatoeba.org #2686426 (fekundulo) & #3002132 (Pfirsichbaeumchen)
x24002	Röntgenbild	CC-BY 2.0 (France) Attribution: tatoeba.org #72151 (CK) & #363331 (Wolf)
x24003	wegräumen	CC-BY 2.0 (France) Attribution: tatoeba.org #22539 (CK) & #796315 (Esperantostern)
x24004	Nachsicht	CC-BY 2.0 (France) Attribution: tatoeba.org #64254 (CK) & #4606758 (Esperantostern)
x24005	Lotto	CC-BY 2.0 (France) Attribution: tatoeba.org #6866276 (CK) & #7344993 (Pfirsichbaeumchen)
x24006	Entspannung	CC-BY 2.0 (France) Attribution: tatoeba.org #393824 (blay_paul) & #12387731 (Pfirsichbaeumchen)
x24007	Außenminister	CC-BY 2.0 (France) Attribution: tatoeba.org #21843 (CK) & #886481 (Espi)
x24008	Großstadt	CC-BY 2.0 (France) Attribution: tatoeba.org #275859 (CK) & #609202 (virgil)
x24009	dehnen	CC-BY 2.0 (France) Attribution: tatoeba.org #681786 (Source_VOA) & #757173 (al_ex_an_der)
x24010	Rücktritt	CC-BY 2.0 (France) Attribution: tatoeba.org #251220 (CK) & #955629 (Sudajaengi)
x24011	Schlafanzug	CC-BY 2.0 (France) Attribution: tatoeba.org #1959352 (Flargus) & #1959358 (Esperantostern)
x24012	Diktator	CC-BY 2.0 (France) Attribution: tatoeba.org #280574 (CM) & #911208 (Sudajaengi)
x24013	radikal	CC-BY 2.0 (France) Attribution: tatoeba.org #39210 (CM) & #4110981 (Dani6187)
x24014	schmerzlich	CC-BY 2.0 (France) Attribution: tatoeba.org #10645146 (sundown) & #3064018 (freddy1)
x24015	prachtvoll	CC-BY 2.0 (France) Attribution: tatoeba.org #36122 (CM) & #488937 (Espi)
x24016	Redaktion	CC-BY 2.0 (France) Attribution: tatoeba.org #11118218 (CM) & #12432629 (Yorwba)
x24017	Einverständnis	CC-BY 2.0 (France) Attribution: tatoeba.org #283853 (CM) & #1856378 (Zaghawa)
x24018	Richtlinie	CC-BY 2.0 (France) Attribution: tatoeba.org #954377 (CK) & #3942244 (pne)
x24019	futtern	CC-BY 2.0 (France) Attribution: tatoeba.org #1036663 (hanadokei) & #11780529 (Yorwba)
x24020	kurieren	CC-BY 2.0 (France) Attribution: tatoeba.org #669571 (darinmex) & #2225444 (Pfirsichbaeumchen)
x24021	hervorbringen	CC-BY 2.0 (France) Attribution: tatoeba.org #38959 (Swift) & #600348 (Manfredo)
x24022	halluzinieren	CC-BY 2.0 (France) Attribution: tatoeba.org #12184538 (CK) & #12644405 (Waldelfe)
x24023	vermehren	CC-BY 2.0 (France) Attribution: tatoeba.org #65630 (CM) & #5558531 (raggione)
x24024	Sichtweite	CC-BY 2.0 (France) Attribution: tatoeba.org #247243 (CK) & #365495 (Wolf)
x24025	campen	CC-BY 2.0 (France) Attribution: tatoeba.org #253558 (CK) & #1574243 (Zaghawa)
x24026	Bewerber	CC-BY 2.0 (France) Attribution: tatoeba.org #4529290 (CK) & #8710059 (Yorwba)
x24027	Ausführung	CC-BY 2.0 (France) Attribution: tatoeba.org #70991 (CK) & #1863121 (Zaghawa)
x24028	drastisch	CC-BY 2.0 (France) Attribution: tatoeba.org #271503 (CK) & #3864773 (Pfirsichbaeumchen)
x24029	Ananas	CC-BY 2.0 (France) Attribution: tatoeba.org #3821499 (CK) & #12379920 (mayabe)
x24030	Zirkel	CC-BY 2.0 (France) Attribution: tatoeba.org #2267455 (_undertoad) & #2297157 (Pfirsichbaeumchen)
x24031	erleuchten	CC-BY 2.0 (France) Attribution: tatoeba.org #287466 (CK) & #1084082 (Manfredo)
x24032	Französin	CC-BY 2.0 (France) Attribution: tatoeba.org #312129 (CK) & #1431747 (PeterR)
x24033	untereinander	CC-BY 2.0 (France) Attribution: tatoeba.org #5769806 (CK) & #5423631 (tarsier)
x24034	Vorrang	CC-BY 2.0 (France) Attribution: tatoeba.org #12447383 (sundown) & #9467120 (brauchinet)
x24035	Leuchtturm	CC-BY 2.0 (France) Attribution: tatoeba.org #10472713 (AlanF_US) & #13554010 (Waldelfe)
x24036	zappeln	CC-BY 2.0 (France) Attribution: tatoeba.org #5825657 (CK) & #12824846 (Yorwba)
x24037	herumsitzen	CC-BY 2.0 (France) Attribution: tatoeba.org #2303620 (CK) & #11779696 (Pfirsichbaeumchen)
x24038	dämpfen	CC-BY 2.0 (France) Attribution: tatoeba.org #699989 (darinmex) & #720730 (sigfrido)
x24039	schottisch	CC-BY 2.0 (France) Attribution: tatoeba.org #6000079 (Hybrid) & #6489458 (Espi)
x24040	Lagerfeuer	CC-BY 2.0 (France) Attribution: tatoeba.org #9679272 (CK) & #12771621 (Waldelfe)
x24041	klatschen	CC-BY 2.0 (France) Attribution: tatoeba.org #8052763 (OsoHombre) & #8861529 (mramosch)
x24042	anzetteln	CC-BY 2.0 (France) Attribution: tatoeba.org #3121734 (CK) & #4094194 (Dani6187)
x24043	fortschrittlich	CC-BY 2.0 (France) Attribution: tatoeba.org #272767 (CM) & #775140 (Esperantostern)
x24044	Gegengift	CC-BY 2.0 (France) Attribution: tatoeba.org #3635949 (CK) & #5258741 (Pfirsichbaeumchen)
x24045	Rückzieher	CC-BY 2.0 (France) Attribution: tatoeba.org #1950703 (CK) & #2216161 (freddy1)
x24046	Fahrgast	CC-BY 2.0 (France) Attribution: tatoeba.org #6866262 (CK) & #7832467 (Pfirsichbaeumchen)
x24047	widern	CC-BY 2.0 (France) Attribution: tatoeba.org #1895776 (CK) & #1907340 (Pfirsichbaeumchen)
x24048	anzweifeln	CC-BY 2.0 (France) Attribution: tatoeba.org #41416 (Swift) & #1977055 (Tamy)
x24049	Übelkeit	CC-BY 2.0 (France) Attribution: tatoeba.org #9849462 (NurseMeeks) & #10151306 (driini)
x24050	Minimum	CC-BY 2.0 (France) Attribution: tatoeba.org #23015 (CK) & #990061 (Peanutfan)
x24051	Denker	CC-BY 2.0 (France) Attribution: tatoeba.org #1666825 (Spamster) & #1684216 (Pfirsichbaeumchen)
x24052	Ambition	CC-BY 2.0 (France) Attribution: tatoeba.org #2543853 (CK) & #5331587 (Pfirsichbaeumchen)
x24053	abergläubisch	CC-BY 2.0 (France) Attribution: tatoeba.org #6833061 (CK) & #12452137 (Waldelfe)
x24054	einteilen	CC-BY 2.0 (France) Attribution: tatoeba.org #33521 (CK) & #1720278 (Pfirsichbaeumchen)
x24055	Erfrischung	CC-BY 2.0 (France) Attribution: tatoeba.org #5374962 (CK) & #5377372 (Pfirsichbaeumchen)
x24056	auswirken	CC-BY 2.0 (France) Attribution: tatoeba.org #903714 (CK) & #5763642 (Pfirsichbaeumchen)
x24057	Zeitlang	CC-BY 2.0 (France) Attribution: tatoeba.org #3185439 (CK) & #3319664 (Pfirsichbaeumchen)
x24058	Hochzeitskleid	CC-BY 2.0 (France) Attribution: tatoeba.org #2301558 (Hybrid) & #2301726 (Pfirsichbaeumchen)
x24059	Urgroßvater	CC-BY 2.0 (France) Attribution: tatoeba.org #3151885 (Vanilla) & #4119227 (Pfirsichbaeumchen)
x24060	freinehmen	CC-BY 2.0 (France) Attribution: tatoeba.org #1954959 (CK) & #1973784 (Pfirsichbaeumchen)
x24061	Spielsache	CC-BY 2.0 (France) Attribution: tatoeba.org #7071667 (Hybrid) & #7262225 (Pfirsichbaeumchen)
x24062	Schwellung	CC-BY 2.0 (France) Attribution: tatoeba.org #34985 (CK) & #6539783 (raggione)
x24063	wasserdicht	CC-BY 2.0 (France) Attribution: tatoeba.org #1550023 (miflhanc) & #718394 (Manfredo)
x24064	Wimper	CC-BY 2.0 (France) Attribution: tatoeba.org #4218124 (Dani6187) & #4218123 (Dani6187)
x24065	brauchbar	CC-BY 2.0 (France) Attribution: tatoeba.org #2565595 (Hybrid) & #6128864 (Pfirsichbaeumchen)
x24066	Arrangement	CC-BY 2.0 (France) Attribution: tatoeba.org #283258 (CM) & #2260028 (Zaghawa)
x24067	Filiale	CC-BY 2.0 (France) Attribution: tatoeba.org #7264505 (Hybrid) & #7267983 (Pfirsichbaeumchen)
x24068	Molekül	CC-BY 2.0 (France) Attribution: tatoeba.org #681505 (Source_VOA) & #772870 (Pfirsichbaeumchen)
x24069	unartig	CC-BY 2.0 (France) Attribution: tatoeba.org #32651 (CM) & #1883142 (Tamy)
x24070	bergab	CC-BY 2.0 (France) Attribution: tatoeba.org #282171 (CM) & #3144242 (faehrmann)
x24071	Schraube	CC-BY 2.0 (France) Attribution: tatoeba.org #1891433 (CK) & #1893559 (Pfirsichbaeumchen)
x24072	bevorstehend	CC-BY 2.0 (France) Attribution: tatoeba.org #3804091 (patgfisher) & #3804122 (raggione)
x24073	Viertelstunde	CC-BY 2.0 (France) Attribution: tatoeba.org #284653 (CM) & #1819002 (Tamy)
x24074	Demut	CC-BY 2.0 (France) Attribution: tatoeba.org #1637374 (dimitris) & #1794626 (Tamy)
x24075	widerrufen	CC-BY 2.0 (France) Attribution: tatoeba.org #9870426 (shekitten) & #12214419 (Yorwba)
x24076	formell	CC-BY 2.0 (France) Attribution: tatoeba.org #472094 (CK) & #11505834 (Pfirsichbaeumchen)
x24077	Taube	CC-BY 2.0 (France) Attribution: tatoeba.org #41074 (CM) & #783890 (Manfredo)
x24078	Rampenlicht	CC-BY 2.0 (France) Attribution: tatoeba.org #3703079 (Luciosp) & #5433678 (raggione)
x24079	nominieren	CC-BY 2.0 (France) Attribution: tatoeba.org #12381112 (ddnktr) & #12381210 (Pfirsichbaeumchen)
x24080	Flugblatt	CC-BY 2.0 (France) Attribution: tatoeba.org #7881571 (MarijnKp) & #12441161 (Yorwba)
x24081	anpacken	CC-BY 2.0 (France) Attribution: tatoeba.org #8599766 (CK) & #8810850 (Pfirsichbaeumchen)
x24082	Erzählung	CC-BY 2.0 (France) Attribution: tatoeba.org #42726 (CM) & #2167691 (Tamy)
x24083	umschreiben	CC-BY 2.0 (France) Attribution: tatoeba.org #3325886 (CK) & #3325915 (brauchinet)
x24084	verlangsamen	CC-BY 2.0 (France) Attribution: tatoeba.org #3433434 (Hybrid) & #3440448 (Pfirsichbaeumchen)
x24085	Regenschirm	CC-BY 2.0 (France) Attribution: tatoeba.org #26890 (CK) & #2146694 (Pfirsichbaeumchen)
x24086	tätigen	CC-BY 2.0 (France) Attribution: tatoeba.org #681951 (Source_VOA) & #754331 (Zaghawa)
x24087	Eintrittskarte	CC-BY 2.0 (France) Attribution: tatoeba.org #2308186 (CK) & #5200229 (Pfirsichbaeumchen)
x24088	Endstation	CC-BY 2.0 (France) Attribution: tatoeba.org #4014734 (CK) & #4922349 (Manfredo)
x24089	Thunfisch	CC-BY 2.0 (France) Attribution: tatoeba.org #434596 (lukaszpp) & #632887 (Manfredo)
x24090	Malerei	CC-BY 2.0 (France) Attribution: tatoeba.org #288580 (CM) & #5298825 (Sudajaengi)
x24091	verkrampfen	CC-BY 2.0 (France) Attribution: tatoeba.org #3554422 (CK) & #10002418 (Pfirsichbaeumchen)
x24092	Maultier	CC-BY 2.0 (France) Attribution: tatoeba.org #1887003 (Spamster) & #1887018 (Pfirsichbaeumchen)
x24093	entehren	CC-BY 2.0 (France) Attribution: tatoeba.org #1935038 (Spamster) & #1935104 (Pfirsichbaeumchen)
x24094	schwanken	CC-BY 2.0 (France) Attribution: tatoeba.org #277194 (CK) & #7550183 (Yorwba)
x24095	wachsend	CC-BY 2.0 (France) Attribution: tatoeba.org #43468 (mamat) & #2345473 (Tamy)
x24096	entsenden	CC-BY 2.0 (France) Attribution: tatoeba.org #1428497 (CK) & #1790700 (Pfirsichbaeumchen)
x24097	mittels	CC-BY 2.0 (France) Attribution: tatoeba.org #49345 (CK) & #2356632 (Espi)
x24098	notfalls	CC-BY 2.0 (France) Attribution: tatoeba.org #830738 (papabear) & #831127 (MUIRIEL)
x24099	Hypothese	CC-BY 2.0 (France) Attribution: tatoeba.org #2361749 (CK) & #5268152 (Sudajaengi)
x24100	Vorahnung	CC-BY 2.0 (France) Attribution: tatoeba.org #2331611 (CK) & #4726751 (raggione)
x24101	fünfmal	CC-BY 2.0 (France) Attribution: tatoeba.org #72256 (CM) & #1696546 (sadjad)
x24102	akademisch	CC-BY 2.0 (France) Attribution: tatoeba.org #256885 (CK) & #2151320 (Esperantostern)
x24103	Kopfweh	CC-BY 2.0 (France) Attribution: tatoeba.org #2727084 (WestofEden) & #3234335 (raggione)
x24104	Architektur	CC-BY 2.0 (France) Attribution: tatoeba.org #680999 (Source_VOA) & #759316 (Pfirsichbaeumchen)
x24105	Neugierde	CC-BY 2.0 (France) Attribution: tatoeba.org #1737548 (Spamster) & #1743613 (Pfirsichbaeumchen)
x24106	Schnürsenkel	CC-BY 2.0 (France) Attribution: tatoeba.org #257019 (CK) & #8106774 (kutschektar)
x24107	Unmenge	CC-BY 2.0 (France) Attribution: tatoeba.org #8868726 (CK) & #8871461 (mramosch)
x24108	Kleinkind	CC-BY 2.0 (France) Attribution: tatoeba.org #5595515 (marcj794) & #5594825 (list)
x24109	schädigen	CC-BY 2.0 (France) Attribution: tatoeba.org #955152 (CM) & #3110800 (freddy1)
x24110	überallhin	CC-BY 2.0 (France) Attribution: tatoeba.org #38102 (CK) & #7908211 (Pfirsichbaeumchen)
x24111	ineinander	CC-BY 2.0 (France) Attribution: tatoeba.org #11903785 (CK) & #12630684 (Waldelfe)
x24112	Krater	CC-BY 2.0 (France) Attribution: tatoeba.org #5318411 (Hybrid) & #5342815 (RandomUsername)
x24113	Seriennummer	CC-BY 2.0 (France) Attribution: tatoeba.org #8960790 (sundown) & #7726734 (brauchinet)
x24114	primär	CC-BY 2.0 (France) Attribution: tatoeba.org #251103 (CK) & #674999 (kroko)
x24115	Abschiedsbrief	CC-BY 2.0 (France) Attribution: tatoeba.org #12221228 (CK) & #12667565 (Waldelfe)
x24116	Oberschenkel	CC-BY 2.0 (France) Attribution: tatoeba.org #543551 (darinmex) & #1831113 (Tamy)
x24117	erstarren	CC-BY 2.0 (France) Attribution: tatoeba.org #2253277 (_undertoad) & #2404458 (Pfirsichbaeumchen)
x24118	herumführen	CC-BY 2.0 (France) Attribution: tatoeba.org #61348 (CK) & #360788 (Wolf)
x24119	zuvorkommen	CC-BY 2.0 (France) Attribution: tatoeba.org #11828529 (sundown) & #1409648 (Esperantostern)
x24120	Zweig	CC-BY 2.0 (France) Attribution: tatoeba.org #292238 (autuno) & #880064 (Esperantostern)
x24121	Schwiegertochter	CC-BY 2.0 (France) Attribution: tatoeba.org #1522039 (erikspen) & #10725614 (Vortarulo)
x24122	Sauna	CC-BY 2.0 (France) Attribution: tatoeba.org #5753492 (CM) & #8082460 (Luiaard)
x24123	Theaterstück	CC-BY 2.0 (France) Attribution: tatoeba.org #10361087 (sundown) & #3562685 (Esperantostern)
x24124	absteigen	CC-BY 2.0 (France) Attribution: tatoeba.org #11966021 (sundown) & #11764448 (brauchinet)
x24125	banal	CC-BY 2.0 (France) Attribution: tatoeba.org #528532 (wma) & #501053 (MUIRIEL)
x24126	vergöttern	CC-BY 2.0 (France) Attribution: tatoeba.org #887218 (CK) & #1341325 (Zaghawa)
x24127	Nordpol	CC-BY 2.0 (France) Attribution: tatoeba.org #5322552 (Hybrid) & #5342585 (RandomUsername)
x24128	importieren	CC-BY 2.0 (France) Attribution: tatoeba.org #70230 (CK) & #411751 (MUIRIEL)
x24129	häuten	CC-BY 2.0 (France) Attribution: tatoeba.org #2264633 (_undertoad) & #5692575 (Pfirsichbaeumchen)
x24130	Hockey	CC-BY 2.0 (France) Attribution: tatoeba.org #33583 (CK) & #1870343 (Tamy)
x24131	Waggon	CC-BY 2.0 (France) Attribution: tatoeba.org #807683 (Source_VOA) & #1933523 (Ennocb)
x24132	bedingungslos	CC-BY 2.0 (France) Attribution: tatoeba.org #10805958 (ddnktr) & #13310808 (Vortarulo)
x24133	Maßstab	CC-BY 2.0 (France) Attribution: tatoeba.org #2270157 (_undertoad) & #2272290 (Pfirsichbaeumchen)
x24134	knüpfen	CC-BY 2.0 (France) Attribution: tatoeba.org #9153667 (CK) & #12795007 (Yorwba)
x24135	stattlich	CC-BY 2.0 (France) Attribution: tatoeba.org #1879079 (Spamster) & #8096680 (Pfirsichbaeumchen)
x24136	Deo	CC-BY 2.0 (France) Attribution: tatoeba.org #3893971 (CK) & #3902854 (sarefo)
x24137	zerlegen	CC-BY 2.0 (France) Attribution: tatoeba.org #3826577 (CK) & #3928454 (Tamy)
x24138	Erkrankung	CC-BY 2.0 (France) Attribution: tatoeba.org #8864985 (CK) & #2091850 (Tamy)
x24139	schlürfen	CC-BY 2.0 (France) Attribution: tatoeba.org #12417067 (CK) & #13090929 (Waldelfe)
x24140	wälzen	CC-BY 2.0 (France) Attribution: tatoeba.org #4400805 (CK) & #714667 (al_ex_an_der)
x24141	Zimmermädchen	CC-BY 2.0 (France) Attribution: tatoeba.org #455975 (lukaszpp) & #716306 (Esperantostern)
x24142	schinden	CC-BY 2.0 (France) Attribution: tatoeba.org #3150376 (CK) & #3784915 (Zaghawa)
x24143	gesellen	CC-BY 2.0 (France) Attribution: tatoeba.org #1886277 (CK) & #2736013 (Zaghawa)
x24144	kompetent	CC-BY 2.0 (France) Attribution: tatoeba.org #2258892 (_undertoad) & #2365497 (Pfirsichbaeumchen)
x24145	plappern	CC-BY 2.0 (France) Attribution: tatoeba.org #3826427 (CK) & #4044202 (pullnosemans)
x24146	geradewegs	CC-BY 2.0 (France) Attribution: tatoeba.org #3104476 (patgfisher) & #3104479 (Pfirsichbaeumchen)
x24147	Mitfahrgelegenheit	CC-BY 2.0 (France) Attribution: tatoeba.org #953205 (CK) & #1341979 (al_ex_an_der)
x24148	Opium	CC-BY 2.0 (France) Attribution: tatoeba.org #266310 (Eldad) & #669873 (BraveSentry)
x24149	Kupfer	CC-BY 2.0 (France) Attribution: tatoeba.org #13102713 (CK) & #13424988 (Vortarulo)
x24150	entwenden	CC-BY 2.0 (France) Attribution: tatoeba.org #45260 (CM) & #1932362 (Tamy)
x24151	hinwollen	CC-BY 2.0 (France) Attribution: tatoeba.org #8418361 (CK) & #12636401 (Waldelfe)
x24152	Order	CC-BY 2.0 (France) Attribution: tatoeba.org #42869 (CK) & #2220181 (Tamy)
x24153	Autorin	CC-BY 2.0 (France) Attribution: tatoeba.org #12328227 (Miktsoanit) & #863763 (User4473)
x24154	ausrüsten	CC-BY 2.0 (France) Attribution: tatoeba.org #69346 (CM) & #1494110 (riotlake)
x24155	erschweren	CC-BY 2.0 (France) Attribution: tatoeba.org #17924 (al_ex_an_der) & #6483332 (Espi)
x24156	Ausblick	CC-BY 2.0 (France) Attribution: tatoeba.org #1936458 (CK) & #12280938 (Pfirsichbaeumchen)
x24157	Klassentreffen	CC-BY 2.0 (France) Attribution: tatoeba.org #1426464 (CK) & #1798479 (Pfirsichbaeumchen)
x24158	Vorarbeiter	CC-BY 2.0 (France) Attribution: tatoeba.org #2258840 (_undertoad) & #2365507 (Pfirsichbaeumchen)
x24159	begeistern	CC-BY 2.0 (France) Attribution: tatoeba.org #241434 (CK) & #670400 (Pfirsichbaeumchen)
x24160	Buchladen	CC-BY 2.0 (France) Attribution: tatoeba.org #288910 (CK) & #3289346 (pne)
x24161	Ale	CC-BY 2.0 (France) Attribution: tatoeba.org #10164897 (ddnktr) & #12432503 (Yorwba)
x24162	Urne	CC-BY 2.0 (France) Attribution: tatoeba.org #2327497 (Hybrid) & #2330137 (Pfirsichbaeumchen)
x24163	rauschen	CC-BY 2.0 (France) Attribution: tatoeba.org #8928885 (sundown) & #8638906 (Melang)
x24164	Bogenschütze	CC-BY 2.0 (France) Attribution: tatoeba.org #1531 (CK) & #334 (MUIRIEL)
x24165	arabisch	CC-BY 2.0 (France) Attribution: tatoeba.org #890361 (Scott) & #890382 (Espi)
x24166	Bauchschmerz	CC-BY 2.0 (France) Attribution: tatoeba.org #9849644 (NurseMeeks) & #9850674 (brauchinet)
x24167	Matte	CC-BY 2.0 (France) Attribution: tatoeba.org #4132880 (CK) & #8493835 (Luiaard)
x24168	Waage	CC-BY 2.0 (France) Attribution: tatoeba.org #9199635 (sundown) & #498054 (Espi)
x24169	weiden	CC-BY 2.0 (France) Attribution: tatoeba.org #19509 (CK) & #748699 (samueldora)
x24170	Deserteur	CC-BY 2.0 (France) Attribution: tatoeba.org #315724 (CM) & #553380 (Espi)
x24171	Beleuchtung	CC-BY 2.0 (France) Attribution: tatoeba.org #2259335 (_undertoad) & #2351990 (Pfirsichbaeumchen)
x24172	Heimatstadt	CC-BY 2.0 (France) Attribution: tatoeba.org #296161 (CK) & #1543039 (al_ex_an_der)
x24173	Hinterhof	CC-BY 2.0 (France) Attribution: tatoeba.org #245787 (CK) & #1811083 (Pfirsichbaeumchen)
x24174	Vorstellungskraft	CC-BY 2.0 (France) Attribution: tatoeba.org #1663935 (Spamster) & #1687863 (Pfirsichbaeumchen)
x24175	Stiel	CC-BY 2.0 (France) Attribution: tatoeba.org #10063860 (CK) & #12644376 (Waldelfe)
x24176	Lama	CC-BY 2.0 (France) Attribution: tatoeba.org #773429 (marloncori) & #950539 (Pfirsichbaeumchen)
x24177	Kontaktlinse	CC-BY 2.0 (France) Attribution: tatoeba.org #54811 (CK) & #2999459 (pne)
x24178	Kirchenglocke	CC-BY 2.0 (France) Attribution: tatoeba.org #5067528 (CK) & #6042287 (raggione)
x24179	Abweichung	CC-BY 2.0 (France) Attribution: tatoeba.org #8657798 (AlanF_US) & #11767695 (Yorwba)
x24180	Mitgift	CC-BY 2.0 (France) Attribution: tatoeba.org #729875 (darinmex) & #12432476 (Yorwba)
x24181	Aktentasche	CC-BY 2.0 (France) Attribution: tatoeba.org #11812250 (sundown) & #608476 (kroko)
x24182	Besorgung	CC-BY 2.0 (France) Attribution: tatoeba.org #2143498 (freddy1) & #2140835 (freddy1)
x24183	Mast	CC-BY 2.0 (France) Attribution: tatoeba.org #10042894 (sundown) & #10031760 (Melang)
x24184	vertiefen	CC-BY 2.0 (France) Attribution: tatoeba.org #328618 (fcbond) & #4366742 (pullnosemans)
x24185	beiwohnen	CC-BY 2.0 (France) Attribution: tatoeba.org #5624149 (CK) & #13077106 (Yorwba)
x24186	entschädigen	CC-BY 2.0 (France) Attribution: tatoeba.org #3727990 (CM) & #3728170 (brauchinet)
x24187	kubanisch	CC-BY 2.0 (France) Attribution: tatoeba.org #1461953 (Spamster) & #3835882 (Pfirsichbaeumchen)
x24188	wortwörtlich	CC-BY 2.0 (France) Attribution: tatoeba.org #305848 (CK) & #7775163 (Yorwba)
x24189	vergebens	CC-BY 2.0 (France) Attribution: tatoeba.org #247542 (CK) & #12329014 (mayabe)
x24190	Brise	CC-BY 2.0 (France) Attribution: tatoeba.org #8647386 (AlanF_US) & #8839556 (Pfirsichbaeumchen)
x24191	unverantwortlich	CC-BY 2.0 (France) Attribution: tatoeba.org #13184557 (rul) & #2776695 (al_ex_an_der)
x24192	Vogelscheuche	CC-BY 2.0 (France) Attribution: tatoeba.org #3819022 (CK) & #7823059 (Pfirsichbaeumchen)
x24193	dickköpfig	CC-BY 2.0 (France) Attribution: tatoeba.org #432804 (aliene) & #4996581 (Manfredo)
x24194	Landkarte	CC-BY 2.0 (France) Attribution: tatoeba.org #10306101 (CK) & #10307454 (Pfirsichbaeumchen)
x24195	bezwingen	CC-BY 2.0 (France) Attribution: tatoeba.org #1951464 (CK) & #1957524 (Pfirsichbaeumchen)
x24196	polizeilich	CC-BY 2.0 (France) Attribution: tatoeba.org #2640083 (CK) & #2765120 (Pfirsichbaeumchen)
x24197	ekeln	CC-BY 2.0 (France) Attribution: tatoeba.org #29510 (CM) & #2201498 (Manfredo)
x24198	Straßenrand	CC-BY 2.0 (France) Attribution: tatoeba.org #292337 (CK) & #8963010 (tarob)
x24199	Bündel	CC-BY 2.0 (France) Attribution: tatoeba.org #2258551 (_undertoad) & #5074841 (raggione)
x24200	Wichtigkeit	CC-BY 2.0 (France) Attribution: tatoeba.org #55878 (CK) & #1524523 (Espi)
x24201	Bürgersteig	CC-BY 2.0 (France) Attribution: tatoeba.org #6359678 (sundown) & #9965803 (Pfirsichbaeumchen)
x24202	unerreichbar	CC-BY 2.0 (France) Attribution: tatoeba.org #10325976 (CK) & #13350975 (Waldelfe)
x24203	Schrein	CC-BY 2.0 (France) Attribution: tatoeba.org #45612 (CM) & #1959605 (Tamy)
x24204	Beherrschung	CC-BY 2.0 (France) Attribution: tatoeba.org #5685137 (CK) & #5677925 (hanabi)
x24205	Ausdauer	CC-BY 2.0 (France) Attribution: tatoeba.org #2921309 (AlanF_US) & #2901196 (Pfirsichbaeumchen)
x24206	Piano	CC-BY 2.0 (France) Attribution: tatoeba.org #69787 (CK) & #2884905 (raggione)
x24207	Romantiker	CC-BY 2.0 (France) Attribution: tatoeba.org #2196837 (CM) & #2196843 (Vortarulo)
x24208	Bewertung	CC-BY 2.0 (France) Attribution: tatoeba.org #10143637 (ddnktr) & #10145051 (Pfirsichbaeumchen)
x24209	Dekoration	CC-BY 2.0 (France) Attribution: tatoeba.org #3730744 (CM) & #3730826 (brauchinet)
x24210	fraglich	CC-BY 2.0 (France) Attribution: tatoeba.org #954025 (CK) & #3278706 (Manfredo)
x24211	Genugtuung	CC-BY 2.0 (France) Attribution: tatoeba.org #9098231 (shekitten) & #12463710 (Yorwba)
x24212	Spielregel	CC-BY 2.0 (France) Attribution: tatoeba.org #2947636 (Hybrid) & #2967282 (Pfirsichbaeumchen)
x24213	Henne	CC-BY 2.0 (France) Attribution: tatoeba.org #68404 (CK) & #3322556 (stefz)
x24214	Rührei	CC-BY 2.0 (France) Attribution: tatoeba.org #4042271 (Hybrid) & #6306630 (Pfirsichbaeumchen)
x24215	Orchidee	CC-BY 2.0 (France) Attribution: tatoeba.org #256317 (CK) & #12610055 (mayabe)
x24216	krabbeln	CC-BY 2.0 (France) Attribution: tatoeba.org #45867 (CK) & #2485988 (Tamy)
x24217	zunichte	CC-BY 2.0 (France) Attribution: tatoeba.org #2247393 (CK) & #5241356 (Pfirsichbaeumchen)
x24218	Reinfall	CC-BY 2.0 (France) Attribution: tatoeba.org #32533 (CK) & #955643 (Sudajaengi)
x24219	grunzen	CC-BY 2.0 (France) Attribution: tatoeba.org #10019099 (sundown) & #2722624 (raggione)
x24220	unterkriegen	CC-BY 2.0 (France) Attribution: tatoeba.org #9628366 (CK) & #12628294 (Waldelfe)
x24221	aussterben	CC-BY 2.0 (France) Attribution: tatoeba.org #238459 (CM) & #3118703 (dinkel_girl)
x24222	rücksichtsvoll	CC-BY 2.0 (France) Attribution: tatoeba.org #292102 (CK) & #788534 (Hans_Adler)
x24223	Veröffentlichung	CC-BY 2.0 (France) Attribution: tatoeba.org #681582 (Source_VOA) & #770420 (Pfirsichbaeumchen)
x24224	überrumpeln	CC-BY 2.0 (France) Attribution: tatoeba.org #9001396 (CK) & #9001832 (Pfirsichbaeumchen)
x24225	Skorpion	CC-BY 2.0 (France) Attribution: tatoeba.org #7489910 (CM) & #13467178 (Waldelfe)
x24226	Einigung	CC-BY 2.0 (France) Attribution: tatoeba.org #49168 (CK) & #1854227 (Tamy)
x24227	Verwechslung	CC-BY 2.0 (France) Attribution: tatoeba.org #10169658 (ddnktr) & #10171022 (Pfirsichbaeumchen)
x24228	verzeichnen	CC-BY 2.0 (France) Attribution: tatoeba.org #1656281 (Spamster) & #1697473 (Pfirsichbaeumchen)
x24229	aufschieben	CC-BY 2.0 (France) Attribution: tatoeba.org #8999734 (CK) & #9000415 (Pfirsichbaeumchen)
x24230	Einklang	CC-BY 2.0 (France) Attribution: tatoeba.org #248821 (CK) & #722077 (Pfirsichbaeumchen)
x24231	Bankräuber	CC-BY 2.0 (France) Attribution: tatoeba.org #6974589 (Hybrid) & #13329725 (Waldelfe)
x24232	dabeihaben	CC-BY 2.0 (France) Attribution: tatoeba.org #10469862 (AlanF_US) & #12440812 (Waldelfe)
x24233	zügeln	CC-BY 2.0 (France) Attribution: tatoeba.org #301885 (CM) & #2125958 (freddy1)
x24234	austrocknen	CC-BY 2.0 (France) Attribution: tatoeba.org #1258705 (CK) & #1924583 (Zaghawa)
x24235	Geschwür	CC-BY 2.0 (France) Attribution: tatoeba.org #10943106 (CM) & #13307010 (Waldelfe)
x24236	beherbergen	CC-BY 2.0 (France) Attribution: tatoeba.org #315724 (CM) & #553380 (Espi)
x24237	beleuchten	CC-BY 2.0 (France) Attribution: tatoeba.org #58953 (CK) & #2884656 (Tamy)
x24238	Skala	CC-BY 2.0 (France) Attribution: tatoeba.org #5849804 (CK) & #13334336 (Waldelfe)
x24239	enthaupten	CC-BY 2.0 (France) Attribution: tatoeba.org #4493837 (CK) & #7773195 (Pfirsichbaeumchen)
x24240	todsicher	CC-BY 2.0 (France) Attribution: tatoeba.org #2852286 (patgfisher) & #2852863 (Pfirsichbaeumchen)
x24241	belagern	CC-BY 2.0 (France) Attribution: tatoeba.org #237803 (Swift) & #1020930 (Pfirsichbaeumchen)
x24242	schälen	CC-BY 2.0 (France) Attribution: tatoeba.org #524054 (wma) & #360888 (MUIRIEL)
x24243	strategisch	CC-BY 2.0 (France) Attribution: tatoeba.org #8946809 (sundown) & #8629192 (Melang)
x24244	Todesangst	CC-BY 2.0 (France) Attribution: tatoeba.org #7264452 (Hybrid) & #7272955 (Pfirsichbaeumchen)
x24245	Zahltag	CC-BY 2.0 (France) Attribution: tatoeba.org #3071654 (sharptoothed) & #8812498 (Pfirsichbaeumchen)
x24246	Wohnheim	CC-BY 2.0 (France) Attribution: tatoeba.org #1166685 (CK) & #1367907 (al_ex_an_der)
x24247	schmerzlos	CC-BY 2.0 (France) Attribution: tatoeba.org #3103635 (Pixel) & #5861222 (Pfirsichbaeumchen)
x24248	ausschlafen	CC-BY 2.0 (France) Attribution: tatoeba.org #3177835 (CK) & #8901120 (Pfirsichbaeumchen)
x24249	langgehen	CC-BY 2.0 (France) Attribution: tatoeba.org #1849366 (CK) & #1851605 (Pfirsichbaeumchen)
x24250	vermählen	CC-BY 2.0 (France) Attribution: tatoeba.org #1893859 (CK) & #1894142 (Pfirsichbaeumchen)
x24251	Kreide	CC-BY 2.0 (France) Attribution: tatoeba.org #5472678 (CM) & #10263281 (DiffEquation)
x24252	Trunkenheit	CC-BY 2.0 (France) Attribution: tatoeba.org #293855 (CK) & #438413 (xtofu80)
x24253	allemal	CC-BY 2.0 (France) Attribution: tatoeba.org #2796058 (AlanF_US) & #2108764 (Pfirsichbaeumchen)
x24254	beieinander	CC-BY 2.0 (France) Attribution: tatoeba.org #9779588 (CK) & #12814993 (Waldelfe)
x24255	Anmut	CC-BY 2.0 (France) Attribution: tatoeba.org #2266141 (_undertoad) & #2309254 (Pfirsichbaeumchen)
x24256	Kalorie	CC-BY 2.0 (France) Attribution: tatoeba.org #4502851 (CK) & #5698999 (Pfirsichbaeumchen)
x24257	Teleskop	CC-BY 2.0 (France) Attribution: tatoeba.org #682145 (Source_VOA) & #737747 (Pfirsichbaeumchen)
x24258	Ventilator	CC-BY 2.0 (France) Attribution: tatoeba.org #273343 (CK) & #1031128 (Pfirsichbaeumchen)
x24259	Vorsatz	CC-BY 2.0 (France) Attribution: tatoeba.org #1318626 (CK) & #1516831 (riotlake)
x24260	altern	CC-BY 2.0 (France) Attribution: tatoeba.org #327801 (CM) & #2091614 (Manfredo)
x24261	managen	CC-BY 2.0 (France) Attribution: tatoeba.org #45515 (CK) & #1953493 (Tamy)
x24262	voraussehen	CC-BY 2.0 (France) Attribution: tatoeba.org #25147 (CK) & #5706578 (Pfirsichbaeumchen)
x24263	Angel	CC-BY 2.0 (France) Attribution: tatoeba.org #1751611 (Amastan) & #1753603 (Pfirsichbaeumchen)
x24264	verkürzen	CC-BY 2.0 (France) Attribution: tatoeba.org #3383980 (petersmr) & #3384340 (Pfirsichbaeumchen)
x24265	verwahren	CC-BY 2.0 (France) Attribution: tatoeba.org #20153 (CK) & #471972 (Ullalia)
x24266	Spalt	CC-BY 2.0 (France) Attribution: tatoeba.org #6854004 (Hybrid) & #6864424 (benbika)
x24267	Pinsel	CC-BY 2.0 (France) Attribution: tatoeba.org #6658690 (CK) & #12638208 (Waldelfe)
x24268	Koffein	CC-BY 2.0 (France) Attribution: tatoeba.org #3938868 (Hybrid) & #3939944 (raggione)
x24269	einigermaßen	CC-BY 2.0 (France) Attribution: tatoeba.org #2549042 (CK) & #8884604 (ofalto)
x24270	Gefälligkeit	CC-BY 2.0 (France) Attribution: tatoeba.org #1716390 (Amastan) & #1716900 (Pfirsichbaeumchen)
x24271	auswechseln	CC-BY 2.0 (France) Attribution: tatoeba.org #12084087 (sundown) & #12188100 (Pfirsichbaeumchen)
x24272	pochen	CC-BY 2.0 (France) Attribution: tatoeba.org #18933 (CK) & #12423213 (Yorwba)
x24273	produktiv	CC-BY 2.0 (France) Attribution: tatoeba.org #3134444 (CM) & #3880583 (nubok)
x24274	Türsteher	CC-BY 2.0 (France) Attribution: tatoeba.org #1006351 (CM) & #1006352 (Pfirsichbaeumchen)
x24275	Pubertät	CC-BY 2.0 (France) Attribution: tatoeba.org #2327459 (Hybrid) & #2332727 (Pfirsichbaeumchen)
x24276	Theke	CC-BY 2.0 (France) Attribution: tatoeba.org #1898172 (CK) & #1902387 (Pfirsichbaeumchen)
x24277	Nachtigall	CC-BY 2.0 (France) Attribution: tatoeba.org #8282136 (CK) & #8285264 (Pfirsichbaeumchen)
x24278	verschwören	CC-BY 2.0 (France) Attribution: tatoeba.org #10190590 (ddnktr) & #10190722 (Pfirsichbaeumchen)
x24279	abschrecken	CC-BY 2.0 (France) Attribution: tatoeba.org #10303427 (sundown) & #6864946 (Esperantostern)
x24280	anspringen	CC-BY 2.0 (France) Attribution: tatoeba.org #65225 (CK) & #786488 (Hans_Adler)
x24281	alledem	CC-BY 2.0 (France) Attribution: tatoeba.org #4012712 (CK) & #11579598 (Tamy)
x24282	Pfahl	CC-BY 2.0 (France) Attribution: tatoeba.org #306195 (CM) & #10732515 (Yorwba)
x24283	Fehlschlag	CC-BY 2.0 (France) Attribution: tatoeba.org #276531 (CM) & #2292936 (Espi)
x24284	entgegennehmen	CC-BY 2.0 (France) Attribution: tatoeba.org #10044370 (DJ_Saidez) & #10047591 (Pfirsichbaeumchen)
x24285	Offenheit	CC-BY 2.0 (France) Attribution: tatoeba.org #1933591 (CK) & #2974412 (al_ex_an_der)
x24286	Lieblingsessen	CC-BY 2.0 (France) Attribution: tatoeba.org #70679 (CK) & #562600 (al_ex_an_der)
x24287	bowlen	CC-BY 2.0 (France) Attribution: tatoeba.org #953201 (CK) & #1343513 (Zaghawa)
x24288	Rosine	CC-BY 2.0 (France) Attribution: tatoeba.org #991958 (CK) & #992815 (MUIRIEL)
x24289	Diskette	CC-BY 2.0 (France) Attribution: tatoeba.org #1829594 (Spamster) & #8638719 (Melang)
x24290	fechten	CC-BY 2.0 (France) Attribution: tatoeba.org #6922539 (CK) & #11044101 (Vortarulo)
x24291	Feindseligkeit	CC-BY 2.0 (France) Attribution: tatoeba.org #3730217 (CM) & #4094134 (Dani6187)
x24292	hinterlegen	CC-BY 2.0 (France) Attribution: tatoeba.org #273624 (CK) & #657388 (Zaghawa)
x24293	Schar	CC-BY 2.0 (France) Attribution: tatoeba.org #7167488 (Hybrid) & #7233553 (Pfirsichbaeumchen)
x24294	nagen	CC-BY 2.0 (France) Attribution: tatoeba.org #35805 (CK) & #608466 (virgil)
x24295	Unterdrückung	CC-BY 2.0 (France) Attribution: tatoeba.org #322706 (CM) & #441714 (xtofu80)
x24296	Gebüsch	CC-BY 2.0 (France) Attribution: tatoeba.org #10746092 (sundown) & #8935851 (Pfirsichbaeumchen)
x24297	Schultag	CC-BY 2.0 (France) Attribution: tatoeba.org #5639876 (Hybrid) & #5643152 (Pfirsichbaeumchen)
x24298	wiedergutmachen	CC-BY 2.0 (France) Attribution: tatoeba.org #3865792 (CK) & #3868164 (Tickler)
x24299	Eisberg	CC-BY 2.0 (France) Attribution: tatoeba.org #1534378 (Spamster) & #1534385 (Pfirsichbaeumchen)
x24300	helllicht	CC-BY 2.0 (France) Attribution: tatoeba.org #9460730 (sundown) & #3376284 (freddy1)
x24301	Währung	CC-BY 2.0 (France) Attribution: tatoeba.org #279893 (CM) & #1665131 (al_ex_an_der)
x24302	Haftstrafe	CC-BY 2.0 (France) Attribution: tatoeba.org #807375 (Source_VOA) & #2936980 (Zaghawa)
x24303	anfertigen	CC-BY 2.0 (France) Attribution: tatoeba.org #1839444 (CK) & #9076115 (manese)
x24304	türkisch	CC-BY 2.0 (France) Attribution: tatoeba.org #577598 (FeuDRenais2) & #577600 (Pfirsichbaeumchen)
x24305	Spionage	CC-BY 2.0 (France) Attribution: tatoeba.org #311015 (CK) & #672323 (samueldora)
x24306	Knüppel	CC-BY 2.0 (France) Attribution: tatoeba.org #12469867 (CM) & #12470422 (Waldelfe)
x24307	unterlegen	CC-BY 2.0 (France) Attribution: tatoeba.org #12207437 (CK) & #13595887 (Waldelfe)
x24308	Autotür	CC-BY 2.0 (France) Attribution: tatoeba.org #9997917 (CK) & #9998288 (Pfirsichbaeumchen)
x24309	schwenken	CC-BY 2.0 (France) Attribution: tatoeba.org #3170729 (CK) & #3170936 (Pfirsichbaeumchen)
x24310	vorbringen	CC-BY 2.0 (France) Attribution: tatoeba.org #4081899 (CK) & #4082824 (brauchinet)
x24311	Zimmergenosse	CC-BY 2.0 (France) Attribution: tatoeba.org #4013493 (CK) & #8201277 (Pfirsichbaeumchen)
x24312	Aura	CC-BY 2.0 (France) Attribution: tatoeba.org #284852 (CM) & #3013083 (Pfirsichbaeumchen)
x24313	Cockpit	CC-BY 2.0 (France) Attribution: tatoeba.org #12294916 (jan_Ketalija) & #12557334 (Yorwba)
x24314	verwanzen	CC-BY 2.0 (France) Attribution: tatoeba.org #12274759 (CK) & #12552090 (Waldelfe)
x24315	einschenken	CC-BY 2.0 (France) Attribution: tatoeba.org #11654864 (CK) & #12660830 (Waldelfe)
x24316	Misserfolg	CC-BY 2.0 (France) Attribution: tatoeba.org #285841 (Eldad) & #586084 (cost)
x24317	Mädchenname	CC-BY 2.0 (France) Attribution: tatoeba.org #2541622 (CK) & #8074944 (Luiaard)
x24318	mathematisch	CC-BY 2.0 (France) Attribution: tatoeba.org #1020038 (CM) & #1144841 (kolonjano)
x24319	Zement	CC-BY 2.0 (France) Attribution: tatoeba.org #4502868 (CK) & #7500342 (Yorwba)
x24320	Aufschrei	CC-BY 2.0 (France) Attribution: tatoeba.org #6245968 (CK) & #12362775 (Yorwba)
x24321	Rettungswagen	CC-BY 2.0 (France) Attribution: tatoeba.org #19588 (CK) & #1511554 (al_ex_an_der)
x24322	zusammenhängen	CC-BY 2.0 (France) Attribution: tatoeba.org #12023088 (shekitten) & #12023496 (brauchinet)
x24323	bleichen	CC-BY 2.0 (France) Attribution: tatoeba.org #2268584 (_undertoad) & #2290126 (Pfirsichbaeumchen)
x24324	erringen	CC-BY 2.0 (France) Attribution: tatoeba.org #902984 (CK) & #5763646 (Pfirsichbaeumchen)
x24325	Bushaltestelle	CC-BY 2.0 (France) Attribution: tatoeba.org #246948 (CK) & #1836419 (Tamy)
x24326	Buckel	CC-BY 2.0 (France) Attribution: tatoeba.org #2033479 (CK) & #3890519 (Tickler)
x24327	Arznei	CC-BY 2.0 (France) Attribution: tatoeba.org #2251098 (CK) & #11887926 (Naina)
x24328	Kampfkunst	CC-BY 2.0 (France) Attribution: tatoeba.org #6297785 (Hybrid) & #6308669 (Pfirsichbaeumchen)
x24329	übersinnlich	CC-BY 2.0 (France) Attribution: tatoeba.org #1793833 (Spamster) & #1793982 (Pfirsichbaeumchen)
x24330	entspringen	CC-BY 2.0 (France) Attribution: tatoeba.org #2268491 (_undertoad) & #3487528 (Zaghawa)
x24331	Titan	CC-BY 2.0 (France) Attribution: tatoeba.org #1647632 (nonong) & #2139179 (Vortarulo)
x24332	Galaxis	CC-BY 2.0 (France) Attribution: tatoeba.org #897395 (CM) & #8762369 (Vortarulo)
x24333	Marathon	CC-BY 2.0 (France) Attribution: tatoeba.org #6248796 (CK) & #12927979 (Waldelfe)
x24334	weiterreden	CC-BY 2.0 (France) Attribution: tatoeba.org #9508999 (CK) & #12599234 (Waldelfe)
x24335	auseinandernehmen	CC-BY 2.0 (France) Attribution: tatoeba.org #6627628 (Hybrid) & #6999053 (Pfirsichbaeumchen)
x24336	Gendarm	CC-BY 2.0 (France) Attribution: tatoeba.org #1918280 (ceres629) & #5227209 (Pfirsichbaeumchen)
x24337	Offensive	CC-BY 2.0 (France) Attribution: tatoeba.org #681614 (Source_VOA) & #766057 (al_ex_an_der)
x24338	Herausgeber	CC-BY 2.0 (France) Attribution: tatoeba.org #59203 (CM) & #963786 (Sudajaengi)
x24339	aufdrängen	CC-BY 2.0 (France) Attribution: tatoeba.org #7810497 (CM) & #5928814 (raggione)
x24340	abräumen	CC-BY 2.0 (France) Attribution: tatoeba.org #3547291 (adamtrousers) & #5486655 (Pfirsichbaeumchen)
x24341	Meinungsverschiedenheit	CC-BY 2.0 (France) Attribution: tatoeba.org #43763 (CM) & #2384693 (Tamy)
x24342	ferner	CC-BY 2.0 (France) Attribution: tatoeba.org #1452493 (CK) & #1234789 (Esperantostern)
x24343	hasten	CC-BY 2.0 (France) Attribution: tatoeba.org #7818396 (CK) & #12628284 (Waldelfe)
x24344	Verlobungsring	CC-BY 2.0 (France) Attribution: tatoeba.org #3162191 (CK) & #3162230 (brauchinet)
x24345	Wäscherei	CC-BY 2.0 (France) Attribution: tatoeba.org #311620 (CM) & #596093 (samueldora)
x24346	samstags	CC-BY 2.0 (France) Attribution: tatoeba.org #2717036 (rockelle) & #2737313 (Pfirsichbaeumchen)
x24347	Unsicherheit	CC-BY 2.0 (France) Attribution: tatoeba.org #3868368 (patgfisher) & #3867838 (Esperantostern)
x24348	umkippen	CC-BY 2.0 (France) Attribution: tatoeba.org #10974458 (CK) & #12688696 (Waldelfe)
x24349	unbestimmt	CC-BY 2.0 (France) Attribution: tatoeba.org #62618 (CK) & #782946 (Hans_Adler)
x24350	tönen	CC-BY 2.0 (France) Attribution: tatoeba.org #7264436 (Hybrid) & #7272972 (Pfirsichbaeumchen)
x24351	hinschauen	CC-BY 2.0 (France) Attribution: tatoeba.org #953266 (CK) & #2531781 (Zaghawa)
x24352	Mixer	CC-BY 2.0 (France) Attribution: tatoeba.org #681499 (Source_VOA) & #772878 (al_ex_an_der)
x24353	Blickwinkel	CC-BY 2.0 (France) Attribution: tatoeba.org #7155925 (Kiwi) & #910487 (Sudajaengi)
x24354	Stammbaum	CC-BY 2.0 (France) Attribution: tatoeba.org #11513856 (CK) & #12921913 (Waldelfe)
x24355	Hosentasche	CC-BY 2.0 (France) Attribution: tatoeba.org #69768 (CK) & #365375 (Wolf)
x24356	pumpen	CC-BY 2.0 (France) Attribution: tatoeba.org #681811 (Source_VOA) & #756059 (al_ex_an_der)
x24357	unnütz	CC-BY 2.0 (France) Attribution: tatoeba.org #39778 (CK) & #876535 (Esperantostern)
x24358	Westküste	CC-BY 2.0 (France) Attribution: tatoeba.org #1912020 (Spamster) & #1918655 (Pfirsichbaeumchen)
x24359	Physiker	CC-BY 2.0 (France) Attribution: tatoeba.org #303490 (CK) & #7319840 (Yorwba)
x24360	Dokumentation	CC-BY 2.0 (France) Attribution: tatoeba.org #9140395 (CK) & #12422725 (Waldelfe)
x24361	fehlschlagen	CC-BY 2.0 (France) Attribution: tatoeba.org #3072312 (patgfisher) & #3074568 (Pfirsichbaeumchen)
x24362	beaufsichtigen	CC-BY 2.0 (France) Attribution: tatoeba.org #682110 (Source_VOA) & #742321 (Pfirsichbaeumchen)
x24363	Befehlshaber	CC-BY 2.0 (France) Attribution: tatoeba.org #283458 (CK) & #1550486 (al_ex_an_der)
x24364	beisammen	CC-BY 2.0 (France) Attribution: tatoeba.org #4671819 (Hybrid) & #6680927 (Pfirsichbaeumchen)
x24365	Langweiler	CC-BY 2.0 (France) Attribution: tatoeba.org #11877329 (CK) & #13166663 (Waldelfe)
x24366	Schmuckstück	CC-BY 2.0 (France) Attribution: tatoeba.org #3738926 (CK) & #3740905 (brauchinet)
x24367	googeln	CC-BY 2.0 (France) Attribution: tatoeba.org #406126 (Scott) & #408544 (MUIRIEL)
x24368	nagelneu	CC-BY 2.0 (France) Attribution: tatoeba.org #2879458 (patgfisher) & #2880346 (raggione)
x24369	Sirup	CC-BY 2.0 (France) Attribution: tatoeba.org #6662847 (CK) & #7432272 (Pfirsichbaeumchen)
x24370	Ausstattung	CC-BY 2.0 (France) Attribution: tatoeba.org #57430 (papabear) & #2680302 (Tamy)
x24371	Schweinefleisch	CC-BY 2.0 (France) Attribution: tatoeba.org #6269612 (CK) & #10238224 (wolfgangth)
x24372	Sichtweise	CC-BY 2.0 (France) Attribution: tatoeba.org #9169762 (Nylez) & #13725132 (Waldelfe)
x24373	anketten	CC-BY 2.0 (France) Attribution: tatoeba.org #7893940 (CK) & #13467186 (Waldelfe)
x24374	bewohnen	CC-BY 2.0 (France) Attribution: tatoeba.org #306815 (CK) & #1013909 (Sudajaengi)
x24375	Teddybär	CC-BY 2.0 (France) Attribution: tatoeba.org #278540 (CK) & #957667 (Sudajaengi)
x24376	Kompetenz	CC-BY 2.0 (France) Attribution: tatoeba.org #2963476 (Hybrid) & #7458896 (Pfirsichbaeumchen)
x24377	Goldfisch	CC-BY 2.0 (France) Attribution: tatoeba.org #2806269 (Hybrid) & #6008862 (Pfirsichbaeumchen)
x24378	Pianist	CC-BY 2.0 (France) Attribution: tatoeba.org #1737645 (wwkudu) & #11502875 (Pfirsichbaeumchen)
x24379	Eifer	CC-BY 2.0 (France) Attribution: tatoeba.org #10737845 (CK) & #11724007 (Yorwba)
x24380	Rettungsboot	CC-BY 2.0 (France) Attribution: tatoeba.org #7060046 (Hybrid) & #8208614 (Pfirsichbaeumchen)
x24381	diesjährig	CC-BY 2.0 (France) Attribution: tatoeba.org #243073 (CK) & #11781287 (Pfirsichbaeumchen)
x24382	damalig	CC-BY 2.0 (France) Attribution: tatoeba.org #47012 (CK) & #13242910 (Yorwba)
x24383	beleben	CC-BY 2.0 (France) Attribution: tatoeba.org #318600 (CM) & #841424 (xtofu80)
x24384	fremdgehen	CC-BY 2.0 (France) Attribution: tatoeba.org #1750140 (Spamster) & #1757938 (Pfirsichbaeumchen)
x24385	Trauung	CC-BY 2.0 (France) Attribution: tatoeba.org #10921821 (sundown) & #8634591 (Melang)
x24386	Verkäuferin	CC-BY 2.0 (France) Attribution: tatoeba.org #6345983 (CK) & #12688626 (Waldelfe)
x24387	Eistee	CC-BY 2.0 (France) Attribution: tatoeba.org #400187 (sysko) & #4670701 (AC)
x24388	Badehose	CC-BY 2.0 (France) Attribution: tatoeba.org #9981259 (sundown) & #1976150 (Esperantostern)
x24389	Schätzung	CC-BY 2.0 (France) Attribution: tatoeba.org #2953065 (CK) & #4856184 (al_ex_an_der)
x24390	stillen	CC-BY 2.0 (France) Attribution: tatoeba.org #61458 (CK) & #342644 (MUIRIEL)
x24391	kommentieren	CC-BY 2.0 (France) Attribution: tatoeba.org #4889730 (CK) & #13411710 (Waldelfe)
x24392	quaken	CC-BY 2.0 (France) Attribution: tatoeba.org #246356 (CM) & #1772995 (al_ex_an_der)
x24393	gegenüberstehen	CC-BY 2.0 (France) Attribution: tatoeba.org #2662920 (CK) & #4489954 (Pfirsichbaeumchen)
x24394	Riemen	CC-BY 2.0 (France) Attribution: tatoeba.org #60523 (Zifre) & #1395247 (Esperantostern)
x24395	Schlafenszeit	CC-BY 2.0 (France) Attribution: tatoeba.org #1271567 (CK) & #372644 (MUIRIEL)
x24396	Schlaumeier	CC-BY 2.0 (France) Attribution: tatoeba.org #12081651 (CK) & #12081683 (Pfirsichbaeumchen)
x24397	Zuständigkeit	CC-BY 2.0 (France) Attribution: tatoeba.org #42488 (CK) & #2157829 (Tamy)
x24398	Sardine	CC-BY 2.0 (France) Attribution: tatoeba.org #9015842 (CK) & #9017222 (Pfirsichbaeumchen)
x24399	Abteil	CC-BY 2.0 (France) Attribution: tatoeba.org #2258832 (_undertoad) & #2365525 (Pfirsichbaeumchen)
x24400	augenblicklich	CC-BY 2.0 (France) Attribution: tatoeba.org #2387722 (CK) & #2441295 (poogle)
x24401	Liebeskummer	CC-BY 2.0 (France) Attribution: tatoeba.org #1173606 (CK) & #10083959 (wolfgangth)
x24402	Prognose	CC-BY 2.0 (France) Attribution: tatoeba.org #10068484 (sundown) & #4776509 (Esperantostern)
x24403	bannen	CC-BY 2.0 (France) Attribution: tatoeba.org #3226528 (CK) & #3226566 (Pfirsichbaeumchen)
x24404	Feigheit	CC-BY 2.0 (France) Attribution: tatoeba.org #667941 (CK) & #4489935 (Pfirsichbaeumchen)
x24405	Geheimhaltung	CC-BY 2.0 (France) Attribution: tatoeba.org #22754 (CK) & #5363062 (RandomUsername)
x24406	bestenfalls	CC-BY 2.0 (France) Attribution: tatoeba.org #311049 (CK) & #1555958 (Pfirsichbaeumchen)
x24407	unlogisch	CC-BY 2.0 (France) Attribution: tatoeba.org #1848782 (Spamster) & #1848988 (Pfirsichbaeumchen)
x24408	Achse	CC-BY 2.0 (France) Attribution: tatoeba.org #2267959 (_undertoad) & #2291547 (Pfirsichbaeumchen)
x24409	weglassen	CC-BY 2.0 (France) Attribution: tatoeba.org #44125 (CK) & #2432368 (Tamy)
x24410	hissen	CC-BY 2.0 (France) Attribution: tatoeba.org #12182381 (CK) & #13601203 (Waldelfe)
x24411	angeboren	CC-BY 2.0 (France) Attribution: tatoeba.org #4277939 (patgfisher) & #4278520 (raggione)
x24412	Schraubenzieher	CC-BY 2.0 (France) Attribution: tatoeba.org #13142959 (ddnktr) & #13142977 (Waldelfe)
x24413	Zahnpasta	CC-BY 2.0 (France) Attribution: tatoeba.org #1954714 (CK) & #1967535 (Pfirsichbaeumchen)
x24414	Tagesordnung	CC-BY 2.0 (France) Attribution: tatoeba.org #4017305 (CK) & #4683496 (Esperantostern)
x24415	Ire	CC-BY 2.0 (France) Attribution: tatoeba.org #4108807 (CK) & #4108983 (Pfirsichbaeumchen)
x24416	verklemmen	CC-BY 2.0 (France) Attribution: tatoeba.org #53457 (CK) & #2262305 (Zaghawa)
x24417	verstauchen	CC-BY 2.0 (France) Attribution: tatoeba.org #3331112 (CK) & #3331163 (brauchinet)
x24418	beschneiden	CC-BY 2.0 (France) Attribution: tatoeba.org #681882 (Source_VOA) & #755998 (Zaghawa)
x24419	Enthüllung	CC-BY 2.0 (France) Attribution: tatoeba.org #42389 (CK) & #2145614 (Tamy)
x24420	kaltmachen	CC-BY 2.0 (France) Attribution: tatoeba.org #10566615 (CK) & #10566854 (Pfirsichbaeumchen)
x24421	fertigstellen	CC-BY 2.0 (France) Attribution: tatoeba.org #42832 (CK) & #2213146 (Tamy)
x24422	terroristisch	CC-BY 2.0 (France) Attribution: tatoeba.org #10614523 (CK) & #10614528 (Pfirsichbaeumchen)
x24423	freundschaftlich	CC-BY 2.0 (France) Attribution: tatoeba.org #9419359 (sundown) & #1851873 (al_ex_an_der)
x24424	Schimmel	CC-BY 2.0 (France) Attribution: tatoeba.org #924147 (Scott) & #13352258 (Waldelfe)
x24425	Taille	CC-BY 2.0 (France) Attribution: tatoeba.org #569076 (darinmex) & #3249034 (Manfredo)
x24426	Turbulenz	CC-BY 2.0 (France) Attribution: tatoeba.org #3885748 (patgfisher) & #3885750 (Pfirsichbaeumchen)
x24427	Vernehmung	CC-BY 2.0 (France) Attribution: tatoeba.org #2840715 (CK) & #2841088 (Pfirsichbaeumchen)
x24428	Zaubertrick	CC-BY 2.0 (France) Attribution: tatoeba.org #6020456 (mailohilohi) & #6021631 (brauchinet)
x24429	befürworten	CC-BY 2.0 (France) Attribution: tatoeba.org #805260 (Source_VOA) & #989638 (Pfirsichbaeumchen)
x24430	fahnden	CC-BY 2.0 (France) Attribution: tatoeba.org #6083734 (CK) & #7361211 (Pfirsichbaeumchen)
x24431	regulär	CC-BY 2.0 (France) Attribution: tatoeba.org #2258912 (_undertoad) & #2365482 (Pfirsichbaeumchen)
x24432	Zuversicht	CC-BY 2.0 (France) Attribution: tatoeba.org #5746233 (CM) & #13655607 (Naina)
x24433	Ertrag	CC-BY 2.0 (France) Attribution: tatoeba.org #44726 (CM) & #1906434 (Tamy)
x24434	Elektriker	CC-BY 2.0 (France) Attribution: tatoeba.org #785458 (hrin) & #761948 (xtofu80)
x24435	binnen	CC-BY 2.0 (France) Attribution: tatoeba.org #73157 (CK) & #8201324 (Pfirsichbaeumchen)
x24436	Wandel	CC-BY 2.0 (France) Attribution: tatoeba.org #2646642 (CK) & #5826416 (Pfirsichbaeumchen)
x24437	Fokus	CC-BY 2.0 (France) Attribution: tatoeba.org #7492883 (CK) & #12779818 (mhr)
x24438	Kostprobe	CC-BY 2.0 (France) Attribution: tatoeba.org #322652 (CM) & #2660192 (Pfirsichbaeumchen)
x24439	umschauen	CC-BY 2.0 (France) Attribution: tatoeba.org #3328194 (CK) & #8242385 (Luiaard)
x24440	versteigern	CC-BY 2.0 (France) Attribution: tatoeba.org #752991 (darinmex) & #9753629 (Yorwba)
x24441	rüsten	CC-BY 2.0 (France) Attribution: tatoeba.org #11167780 (sundown) & #10344588 (wannieh)
x24442	Neujahr	CC-BY 2.0 (France) Attribution: tatoeba.org #5364230 (CK) & #13601546 (Waldelfe)
x24443	Kinderwagen	CC-BY 2.0 (France) Attribution: tatoeba.org #10702347 (AlanF_US) & #10702396 (Pfirsichbaeumchen)
x24444	Revanche	CC-BY 2.0 (France) Attribution: tatoeba.org #2871774 (CK) & #2872812 (Pfirsichbaeumchen)
x24445	Lehrbuch	CC-BY 2.0 (France) Attribution: tatoeba.org #10612639 (sundown) & #8809540 (Pfirsichbaeumchen)
x24446	mittelalterlich	CC-BY 2.0 (France) Attribution: tatoeba.org #5389172 (Hybrid) & #5401313 (Hime)
x24447	Baumwolle	CC-BY 2.0 (France) Attribution: tatoeba.org #323502 (CK) & #139526 (MUIRIEL)
x24448	Demokrat	CC-BY 2.0 (France) Attribution: tatoeba.org #807441 (Source_VOA) & #2884332 (Pfirsichbaeumchen)
x24449	Golfplatz	CC-BY 2.0 (France) Attribution: tatoeba.org #9649442 (CK) & #9651124 (Pfirsichbaeumchen)
x24450	Landebahn	CC-BY 2.0 (France) Attribution: tatoeba.org #681326 (Source_VOA) & #11986700 (Naina)
x24451	Auffassung	CC-BY 2.0 (France) Attribution: tatoeba.org #265764 (CK) & #7818657 (raggione)
x24452	Schwimmer	CC-BY 2.0 (France) Attribution: tatoeba.org #9265258 (DJ_Saidez) & #10036311 (Melang)
x24453	trostlos	CC-BY 2.0 (France) Attribution: tatoeba.org #1000486 (CM) & #1000485 (Pfirsichbaeumchen)
x24454	schonen	CC-BY 2.0 (France) Attribution: tatoeba.org #7137015 (CK) & #13528938 (Waldelfe)
x24455	anregen	CC-BY 2.0 (France) Attribution: tatoeba.org #57111 (CM) & #2617514 (Tamy)
x24456	freitags	CC-BY 2.0 (France) Attribution: tatoeba.org #2717036 (rockelle) & #2737313 (Pfirsichbaeumchen)
x24457	Kopfverletzung	CC-BY 2.0 (France) Attribution: tatoeba.org #9849619 (NurseMeeks) & #9850711 (brauchinet)
x24458	Zauberkraft	CC-BY 2.0 (France) Attribution: tatoeba.org #682240 (Source_VOA) & #718688 (al_ex_an_der)
x24459	Vorschein	CC-BY 2.0 (France) Attribution: tatoeba.org #462932 (lukaszpp) & #7335866 (raggione)
x24460	Tollwut	CC-BY 2.0 (France) Attribution: tatoeba.org #3475559 (Hybrid) & #3476423 (freddy1)
x24461	erlegen	CC-BY 2.0 (France) Attribution: tatoeba.org #10190039 (ddnktr) & #10190342 (Pfirsichbaeumchen)
x24462	Tendenz	CC-BY 2.0 (France) Attribution: tatoeba.org #10333546 (sundown) & #2345407 (al_ex_an_der)
x24463	tratschen	CC-BY 2.0 (France) Attribution: tatoeba.org #4600312 (Hybrid) & #4942990 (Hans_Adler)
x24464	Fragment	CC-BY 2.0 (France) Attribution: tatoeba.org #294654 (CK) & #679235 (Manfredo)
x24465	entern	CC-BY 2.0 (France) Attribution: tatoeba.org #2491864 (Hybrid) & #2491982 (Pfirsichbaeumchen)
x24466	wohltätig	CC-BY 2.0 (France) Attribution: tatoeba.org #953188 (CK) & #6642913 (Felixjp)
x24467	norwegisch	CC-BY 2.0 (France) Attribution: tatoeba.org #3521983 (Hybrid) & #3522123 (Esperantostern)
x24468	Höhenangst	CC-BY 2.0 (France) Attribution: tatoeba.org #11874411 (CK) & #12399073 (Pfirsichbaeumchen)
x24469	Demonstrant	CC-BY 2.0 (France) Attribution: tatoeba.org #2268090 (_undertoad) & #2290574 (Pfirsichbaeumchen)
x24470	obendrein	CC-BY 2.0 (France) Attribution: tatoeba.org #316019 (CM) & #2162726 (Vortarulo)
x24471	Meineid	CC-BY 2.0 (France) Attribution: tatoeba.org #2144598 (oneconor) & #1589564 (Zaghawa)
x24472	symbolisieren	CC-BY 2.0 (France) Attribution: tatoeba.org #3748220 (furoraceltica) & #12613304 (Waldelfe)
x24473	Eidechse	CC-BY 2.0 (France) Attribution: tatoeba.org #543551 (darinmex) & #1831113 (Tamy)
x24474	verbiegen	CC-BY 2.0 (France) Attribution: tatoeba.org #300803 (CK) & #9271361 (Pfirsichbaeumchen)
x24475	bemalen	CC-BY 2.0 (France) Attribution: tatoeba.org #66763 (CM) & #2929971 (Manfredo)
x24476	Krankenversicherung	CC-BY 2.0 (France) Attribution: tatoeba.org #681817 (Source_VOA) & #756055 (al_ex_an_der)
x24477	Milz	CC-BY 2.0 (France) Attribution: tatoeba.org #2953623 (CK) & #8252993 (Esperantostern)
x24478	Kanu	CC-BY 2.0 (France) Attribution: tatoeba.org #262721 (CK) & #2242044 (Vortarulo)
x24479	Passage	CC-BY 2.0 (France) Attribution: tatoeba.org #792393 (CM) & #802311 (Esperantostern)
x24480	Burrito	CC-BY 2.0 (France) Attribution: tatoeba.org #954617 (CK) & #1518984 (Pfirsichbaeumchen)
x24481	verunglücken	CC-BY 2.0 (France) Attribution: tatoeba.org #26600 (CK) & #362693 (Wolf)
x24482	Kommunismus	CC-BY 2.0 (France) Attribution: tatoeba.org #807587 (Source_VOA) & #12197165 (Pfirsichbaeumchen)
x24483	Polizeiwache	CC-BY 2.0 (France) Attribution: tatoeba.org #784585 (CK) & #784638 (Chris)
x24484	Mietvertrag	CC-BY 2.0 (France) Attribution: tatoeba.org #2406519 (CK) & #11745468 (Yorwba)
x24485	Cabrio	CC-BY 2.0 (France) Attribution: tatoeba.org #2325144 (CK) & #2326080 (Pfirsichbaeumchen)
x24486	gedulden	CC-BY 2.0 (France) Attribution: tatoeba.org #10697780 (CK) & #10698811 (Pfirsichbaeumchen)
x24487	Lilie	CC-BY 2.0 (France) Attribution: tatoeba.org #30096 (CM) & #8861673 (mramosch)
x24488	geladen	CC-BY 2.0 (France) Attribution: tatoeba.org #35674 (CM) & #777176 (Pfirsichbaeumchen)
x24489	gemeinnützig	CC-BY 2.0 (France) Attribution: tatoeba.org #5442004 (CarpeLanam) & #6445559 (Pfirsichbaeumchen)
x24490	freudig	CC-BY 2.0 (France) Attribution: tatoeba.org #10107964 (ddnktr) & #12703627 (Yorwba)
x24491	blinken	CC-BY 2.0 (France) Attribution: tatoeba.org #25841 (CK) & #4509399 (Zaghawa)
x24492	Turnhalle	CC-BY 2.0 (France) Attribution: tatoeba.org #249034 (CK) & #621966 (al_ex_an_der)
x24493	Mondlicht	CC-BY 2.0 (France) Attribution: tatoeba.org #8935473 (sundown) & #8636767 (Melang)
x24494	Hochstapler	CC-BY 2.0 (France) Attribution: tatoeba.org #3620433 (CK) & #4113440 (Pfirsichbaeumchen)
x24495	Abschlussfeier	CC-BY 2.0 (France) Attribution: tatoeba.org #274537 (CK) & #9410978 (Pfirsichbaeumchen)
x24496	Isolation	CC-BY 2.0 (France) Attribution: tatoeba.org #274632 (CM) & #655236 (Pfirsichbaeumchen)
x24497	zusammenpassen	CC-BY 2.0 (France) Attribution: tatoeba.org #3730757 (CM) & #3730810 (brauchinet)
x24498	Dünger	CC-BY 2.0 (France) Attribution: tatoeba.org #2489012 (Hybrid) & #5290877 (Pfirsichbaeumchen)
x24499	Weißwein	CC-BY 2.0 (France) Attribution: tatoeba.org #33136 (CM) & #1437405 (JWeighardt)
x24500	Schub	CC-BY 2.0 (France) Attribution: tatoeba.org #1977709 (Spamster) & #7413046 (Yorwba)
x24501	verfliegen	CC-BY 2.0 (France) Attribution: tatoeba.org #11444466 (sundown) & #11245383 (Pfirsichbaeumchen)
x24502	Ablenkungsmanöver	CC-BY 2.0 (France) Attribution: tatoeba.org #3170719 (CK) & #4877289 (raggione)
x24503	Anmarsch	CC-BY 2.0 (France) Attribution: tatoeba.org #9466450 (CK) & #12570748 (Waldelfe)
x24504	Hündin	CC-BY 2.0 (France) Attribution: tatoeba.org #12285647 (CK) & #12287181 (Pfirsichbaeumchen)
x24505	Interpretation	CC-BY 2.0 (France) Attribution: tatoeba.org #1176969 (bart) & #3367008 (Pfirsichbaeumchen)
x24506	Protestant	CC-BY 2.0 (France) Attribution: tatoeba.org #807148 (Source_VOA) & #2869685 (Dani6187)
x24507	erkaufen	CC-BY 2.0 (France) Attribution: tatoeba.org #3150357 (CK) & #6611218 (Felixjp)
x24508	freikommen	CC-BY 2.0 (France) Attribution: tatoeba.org #270370 (CK) & #2127239 (Esperantostern)
x24509	Ruin	CC-BY 2.0 (France) Attribution: tatoeba.org #2259237 (_undertoad) & #2352192 (Pfirsichbaeumchen)
x24510	Franken	CC-BY 2.0 (France) Attribution: tatoeba.org #1365290 (CK) & #1365291 (al_ex_an_der)
x24511	üblicherweise	CC-BY 2.0 (France) Attribution: tatoeba.org #10687226 (sundown) & #3414811 (brauchinet)
x24512	Seufzer	CC-BY 2.0 (France) Attribution: tatoeba.org #1064353 (CM) & #3462965 (Pfirsichbaeumchen)
x24513	nachdenklich	CC-BY 2.0 (France) Attribution: tatoeba.org #10091510 (sundown) & #4897480 (al_ex_an_der)
x24514	zivilisiert	CC-BY 2.0 (France) Attribution: tatoeba.org #28753 (CM) & #397994 (xtofu80)
x24515	einschläfern	CC-BY 2.0 (France) Attribution: tatoeba.org #9787485 (CK) & #10498258 (brauchinet)
x24516	Abwasch	CC-BY 2.0 (France) Attribution: tatoeba.org #241114 (CK) & #12537597 (Naina)
x24517	Fernglas	CC-BY 2.0 (France) Attribution: tatoeba.org #4073903 (CK) & #4075885 (raggione)
x24518	Ziegel	CC-BY 2.0 (France) Attribution: tatoeba.org #8293798 (sundown) & #979653 (MUIRIEL)
x24519	einheimisch	CC-BY 2.0 (France) Attribution: tatoeba.org #321861 (CM) & #603956 (BraveSentry)
x24520	Verpackung	CC-BY 2.0 (France) Attribution: tatoeba.org #1702454 (Spamster) & #1707947 (al_ex_an_der)
x24521	Bösewicht	CC-BY 2.0 (France) Attribution: tatoeba.org #9808973 (CK) & #12406824 (Waldelfe)
x24522	optisch	CC-BY 2.0 (France) Attribution: tatoeba.org #2883711 (Hybrid) & #2883835 (Pfirsichbaeumchen)
x24523	Sportwagen	CC-BY 2.0 (France) Attribution: tatoeba.org #2291857 (CK) & #1530939 (al_ex_an_der)
x24524	Rindfleisch	CC-BY 2.0 (France) Attribution: tatoeba.org #59705 (CK) & #13470139 (Naina)
x24525	Koran	CC-BY 2.0 (France) Attribution: tatoeba.org #1069861 (CM) & #2583442 (Pfirsichbaeumchen)
x24526	folgendermaßen	CC-BY 2.0 (France) Attribution: tatoeba.org #10479813 (CK) & #12184565 (Pfirsichbaeumchen)
x24527	Leukämie	CC-BY 2.0 (France) Attribution: tatoeba.org #10701126 (AlanF_US) & #10701703 (Pfirsichbaeumchen)
x24528	Exmann	CC-BY 2.0 (France) Attribution: tatoeba.org #9738032 (CK) & #12616512 (Waldelfe)
x24529	Panda	CC-BY 2.0 (France) Attribution: tatoeba.org #10099869 (CK) & #10100114 (Pfirsichbaeumchen)
x24530	Banküberfall	CC-BY 2.0 (France) Attribution: tatoeba.org #4746859 (patgfisher) & #5805785 (Pfirsichbaeumchen)
x24531	konservativ	CC-BY 2.0 (France) Attribution: tatoeba.org #11118218 (CM) & #12432629 (Yorwba)
x24532	mangelnd	CC-BY 2.0 (France) Attribution: tatoeba.org #12381104 (ddnktr) & #12816198 (Yorwba)
x24533	krümmen	CC-BY 2.0 (France) Attribution: tatoeba.org #64030 (CM) & #1527678 (Pfirsichbaeumchen)
x24534	triumphieren	CC-BY 2.0 (France) Attribution: tatoeba.org #7060178 (Hybrid) & #11982727 (Pfirsichbaeumchen)
x24535	prallen	CC-BY 2.0 (France) Attribution: tatoeba.org #9670520 (CK) & #11918938 (Pfirsichbaeumchen)
x24536	lukrativ	CC-BY 2.0 (France) Attribution: tatoeba.org #1898112 (CK) & #1903408 (Pfirsichbaeumchen)
x24537	Kreuzworträtsel	CC-BY 2.0 (France) Attribution: tatoeba.org #2247041 (AlanF_US) & #2247056 (Vortarulo)
x24538	durchfahren	CC-BY 2.0 (France) Attribution: tatoeba.org #49602 (CM) & #2994873 (pne)
x24539	niederträchtig	CC-BY 2.0 (France) Attribution: tatoeba.org #36007 (CM) & #2202247 (Pfirsichbaeumchen)
x24540	tragbar	CC-BY 2.0 (France) Attribution: tatoeba.org #463336 (lukaszpp) & #9243315 (Pfirsichbaeumchen)
x24541	zurückhaltend	CC-BY 2.0 (France) Attribution: tatoeba.org #1635014 (CM) & #12390038 (Pfirsichbaeumchen)
x24542	Schutt	CC-BY 2.0 (France) Attribution: tatoeba.org #4494046 (CK) & #5286310 (bonny37)
x24543	veralten	CC-BY 2.0 (France) Attribution: tatoeba.org #2187226 (CK) & #2199025 (Pfirsichbaeumchen)
x24544	zuziehen	CC-BY 2.0 (France) Attribution: tatoeba.org #11949096 (sundown) & #11958822 (Pfirsichbaeumchen)
x24545	herausgeben	CC-BY 2.0 (France) Attribution: tatoeba.org #681884 (Source_VOA) & #755993 (Zaghawa)
x24546	bedeutsam	CC-BY 2.0 (France) Attribution: tatoeba.org #1657248 (marcelostockle) & #1657261 (al_ex_an_der)
x24547	Porzellan	CC-BY 2.0 (France) Attribution: tatoeba.org #2316106 (Adelpa) & #1733234 (BraveSentry)
x24548	Saat	CC-BY 2.0 (France) Attribution: tatoeba.org #32882 (Bing05) & #1058564 (Esperantostern)
x24549	Aberglaube	CC-BY 2.0 (France) Attribution: tatoeba.org #714848 (Scott) & #784119 (Hans_Adler)
x24550	Rotschopf	CC-BY 2.0 (France) Attribution: tatoeba.org #5143801 (CarpeLanam) & #5598125 (Pfirsichbaeumchen)
x24551	Inschrift	CC-BY 2.0 (France) Attribution: tatoeba.org #12314111 (CK) & #12594454 (Waldelfe)
x24552	Schlagzeug	CC-BY 2.0 (France) Attribution: tatoeba.org #5858888 (CK) & #7806164 (tiuwiu)
x24553	Laufbahn	CC-BY 2.0 (France) Attribution: tatoeba.org #660532 (CK) & #662131 (stefz)
x24554	Zusage	CC-BY 2.0 (France) Attribution: tatoeba.org #2952018 (CK) & #3982760 (Pfirsichbaeumchen)
x24555	diesbezüglich	CC-BY 2.0 (France) Attribution: tatoeba.org #2545643 (CK) & #2658846 (Pfirsichbaeumchen)
x24556	Personalabteilung	CC-BY 2.0 (France) Attribution: tatoeba.org #30974 (CK) & #10370935 (Pfirsichbaeumchen)
x24557	Kriminalpolizei	CC-BY 2.0 (France) Attribution: tatoeba.org #11170578 (CK) & #12688812 (Waldelfe)
x24558	Klopapier	CC-BY 2.0 (France) Attribution: tatoeba.org #38947 (CK) & #8891590 (Yorwba)
x24559	abdrehen	CC-BY 2.0 (France) Attribution: tatoeba.org #45606 (CK) & #1959578 (Tamy)
x24560	absolvieren	CC-BY 2.0 (France) Attribution: tatoeba.org #66018 (CK) & #12529444 (mayabe)
x24561	umkreisen	CC-BY 2.0 (France) Attribution: tatoeba.org #271591 (CK) & #1816261 (pne)
x24562	Zaum	CC-BY 2.0 (France) Attribution: tatoeba.org #16167 (CK) & #12485883 (Waldelfe)
x24563	Immunsystem	CC-BY 2.0 (France) Attribution: tatoeba.org #3643395 (Hybrid) & #3643398 (Pfirsichbaeumchen)
x24564	Mappe	CC-BY 2.0 (France) Attribution: tatoeba.org #12231493 (sundown) & #5889000 (Pfirsichbaeumchen)
x24565	Kathedrale	CC-BY 2.0 (France) Attribution: tatoeba.org #45484 (CM) & #1136096 (Espi)
x24566	industriell	CC-BY 2.0 (France) Attribution: tatoeba.org #245166 (CM) & #1805710 (xtofu80)
x24567	eingehend	CC-BY 2.0 (France) Attribution: tatoeba.org #268237 (CK) & #2682146 (Pfirsichbaeumchen)
x24568	anstehen	CC-BY 2.0 (France) Attribution: tatoeba.org #2266315 (_undertoad) & #2355335 (al_ex_an_der)
x24569	mittelmäßig	CC-BY 2.0 (France) Attribution: tatoeba.org #2975810 (KiwiCreme) & #2975993 (Pfirsichbaeumchen)
x24570	handfest	CC-BY 2.0 (France) Attribution: tatoeba.org #9662946 (DJ_Saidez) & #12275456 (Yorwba)
x24571	Diesel	CC-BY 2.0 (France) Attribution: tatoeba.org #326240 (CM) & #788519 (Hans_Adler)
x24572	Nachlass	CC-BY 2.0 (France) Attribution: tatoeba.org #773057 (marloncori) & #11978207 (Pfirsichbaeumchen)
x24573	Bankett	CC-BY 2.0 (France) Attribution: tatoeba.org #1897697 (CK) & #1907219 (Pfirsichbaeumchen)
x24574	Privatschule	CC-BY 2.0 (France) Attribution: tatoeba.org #2847829 (englishchinese) & #8172860 (Pfirsichbaeumchen)
x24575	gutheißen	CC-BY 2.0 (France) Attribution: tatoeba.org #7435544 (Hybrid) & #8667163 (Melang)
x24576	Untertasse	CC-BY 2.0 (France) Attribution: tatoeba.org #1404664 (CK) & #1552112 (al_ex_an_der)
x24577	zutreffen	CC-BY 2.0 (France) Attribution: tatoeba.org #303778 (CM) & #979628 (Sudajaengi)
x24578	Pionier	CC-BY 2.0 (France) Attribution: tatoeba.org #289308 (CK) & #1255302 (BraveSentry)
x24579	faseln	CC-BY 2.0 (France) Attribution: tatoeba.org #246356 (CM) & #1772994 (al_ex_an_der)
x24580	Lump	CC-BY 2.0 (France) Attribution: tatoeba.org #45346 (CM) & #1525849 (al_ex_an_der)
x24581	Spektakel	CC-BY 2.0 (France) Attribution: tatoeba.org #12062893 (sundown) & #12186447 (Pfirsichbaeumchen)
x24582	grenzen	CC-BY 2.0 (France) Attribution: tatoeba.org #9831003 (Hybrid) & #10509342 (Pfirsichbaeumchen)
x24583	Mitschüler	CC-BY 2.0 (France) Attribution: tatoeba.org #1098270 (cntrational) & #8839484 (Yorwba)
x24584	durchschlagen	CC-BY 2.0 (France) Attribution: tatoeba.org #276757 (CM) & #947246 (Pfirsichbaeumchen)
x24585	Kopfkissen	CC-BY 2.0 (France) Attribution: tatoeba.org #5831586 (Hybrid) & #7206062 (Pfirsichbaeumchen)
x24586	unterkommen	CC-BY 2.0 (France) Attribution: tatoeba.org #12187822 (CK) & #12668223 (Waldelfe)
x24587	Hirngespinst	CC-BY 2.0 (France) Attribution: tatoeba.org #1581919 (jubjubbird01) & #1459122 (al_ex_an_der)
x24588	Hyäne	CC-BY 2.0 (France) Attribution: tatoeba.org #13219758 (Adelpa) & #13225845 (shirimasen)
x24589	Jubiläum	CC-BY 2.0 (France) Attribution: tatoeba.org #10072242 (AlanF_US) & #8634544 (Melang)
x24590	Philosoph	CC-BY 2.0 (France) Attribution: tatoeba.org #16814 (CK) & #2487313 (al_ex_an_der)
x24591	Selbstbewusstsein	CC-BY 2.0 (France) Attribution: tatoeba.org #3195498 (Tappity) & #3190979 (Pfirsichbaeumchen)
x24592	Müsli	CC-BY 2.0 (France) Attribution: tatoeba.org #10919087 (AlanF_US) & #10919429 (Pfirsichbaeumchen)
x24593	entfalten	CC-BY 2.0 (France) Attribution: tatoeba.org #11982684 (sundown) & #369844 (MUIRIEL)
x24594	schnurren	CC-BY 2.0 (France) Attribution: tatoeba.org #11550225 (CK) & #11550231 (Pfirsichbaeumchen)
x24595	Wahn	CC-BY 2.0 (France) Attribution: tatoeba.org #10871906 (sundown) & #7828490 (Pfirsichbaeumchen)
x24596	abgelegen	CC-BY 2.0 (France) Attribution: tatoeba.org #310991 (CM) & #733690 (xtofu80)
x24597	kalifornisch	CC-BY 2.0 (France) Attribution: tatoeba.org #680337 (Source_VOA) & #901215 (Pfirsichbaeumchen)
x24598	boshaft	CC-BY 2.0 (France) Attribution: tatoeba.org #744495 (danepo) & #743024 (Esperantostern)
x24599	stemmen	CC-BY 2.0 (France) Attribution: tatoeba.org #301743 (kebukebu) & #10658496 (Pfirsichbaeumchen)
x24600	bedauernswert	CC-BY 2.0 (France) Attribution: tatoeba.org #2327368 (Hybrid) & #2330213 (Pfirsichbaeumchen)
x24601	extern	CC-BY 2.0 (France) Attribution: tatoeba.org #10110465 (ddnktr) & #10110731 (Pfirsichbaeumchen)
x24602	rebellieren	CC-BY 2.0 (France) Attribution: tatoeba.org #806978 (Source_VOA) & #1398615 (al_ex_an_der)
x24603	tropisch	CC-BY 2.0 (France) Attribution: tatoeba.org #67891 (CK) & #663209 (kolonjano)
x24604	unvorsichtig	CC-BY 2.0 (France) Attribution: tatoeba.org #287412 (CK) & #2224644 (freddy1)
x24605	Lebensweise	CC-BY 2.0 (France) Attribution: tatoeba.org #56813 (CK) & #2583105 (Tamy)
x24606	verstricken	CC-BY 2.0 (France) Attribution: tatoeba.org #10242816 (LimeGreenTeknii) & #2192270 (al_ex_an_der)
x24607	unvollständig	CC-BY 2.0 (France) Attribution: tatoeba.org #328645 (fcbond) & #895478 (samueldora)
x24608	dableiben	CC-BY 2.0 (France) Attribution: tatoeba.org #2011433 (CK) & #3804181 (raggione)
x24609	belanglos	CC-BY 2.0 (France) Attribution: tatoeba.org #42666 (CM) & #2188897 (Tamy)
x24610	kühlen	CC-BY 2.0 (France) Attribution: tatoeba.org #10008332 (Hybrid) & #10553262 (Pfirsichbaeumchen)
x24611	aufzeigen	CC-BY 2.0 (France) Attribution: tatoeba.org #11734100 (CK) & #12661931 (Waldelfe)
x24612	vorzeitig	CC-BY 2.0 (France) Attribution: tatoeba.org #305687 (CK) & #2792320 (raggione)
x24613	Eiswürfel	CC-BY 2.0 (France) Attribution: tatoeba.org #681181 (Source_VOA) & #3669510 (Esperantostern)
x24614	Anmerkung	CC-BY 2.0 (France) Attribution: tatoeba.org #70399 (CK) & #1560838 (Zaghawa)
x24615	abbezahlen	CC-BY 2.0 (France) Attribution: tatoeba.org #2702127 (CK) & #9685839 (IgniteBrand)
x24616	inne	CC-BY 2.0 (France) Attribution: tatoeba.org #11679878 (sundown) & #4645659 (AC)
x24617	Fußspur	CC-BY 2.0 (France) Attribution: tatoeba.org #3374765 (CK) & #13693598 (Naina)
x24618	Verwandtschaft	CC-BY 2.0 (France) Attribution: tatoeba.org #46684 (CK) & #347987 (lilygilder)
x24619	Pointe	CC-BY 2.0 (France) Attribution: tatoeba.org #254504 (CK) & #1764181 (Zaghawa)
x24620	Abteilungsleiter	CC-BY 2.0 (France) Attribution: tatoeba.org #278583 (CK) & #2114054 (Pfirsichbaeumchen)
x24621	auffrischen	CC-BY 2.0 (France) Attribution: tatoeba.org #256230 (CK) & #1519314 (Espi)
x24622	Kanadier	CC-BY 2.0 (France) Attribution: tatoeba.org #8047649 (CK) & #8306905 (GuidoW)
x24623	Diplomatie	CC-BY 2.0 (France) Attribution: tatoeba.org #240755 (CM) & #1511384 (Esperantostern)
x24624	Fiktion	CC-BY 2.0 (France) Attribution: tatoeba.org #11307956 (sundown) & #2935753 (Pfirsichbaeumchen)
x24625	Besteck	CC-BY 2.0 (France) Attribution: tatoeba.org #10022025 (sundown) & #7994040 (raggione)
x24626	geistreich	CC-BY 2.0 (France) Attribution: tatoeba.org #2258607 (_undertoad) & #2369705 (Pfirsichbaeumchen)
x24627	sägen	CC-BY 2.0 (France) Attribution: tatoeba.org #1758926 (that_fairy) & #1758927 (BraveSentry)
x24628	abzocken	CC-BY 2.0 (France) Attribution: tatoeba.org #12113152 (CK) & #12612319 (Waldelfe)
x24629	amputieren	CC-BY 2.0 (France) Attribution: tatoeba.org #3066040 (patgfisher) & #2429041 (freddy1)
x24630	Zeitbombe	CC-BY 2.0 (France) Attribution: tatoeba.org #1500151 (CK) & #1500153 (al_ex_an_der)
x24631	Vorstadt	CC-BY 2.0 (France) Attribution: tatoeba.org #263021 (CK) & #2121349 (Pfirsichbaeumchen)
x24632	Schlafsack	CC-BY 2.0 (France) Attribution: tatoeba.org #9723977 (ariarin) & #2980442 (pne)
x24633	zollen	CC-BY 2.0 (France) Attribution: tatoeba.org #530767 (darinmex) & #764810 (Esperantostern)
x24634	Herrscher	CC-BY 2.0 (France) Attribution: tatoeba.org #65767 (CK) & #11985160 (Pfirsichbaeumchen)
x24635	Geländer	CC-BY 2.0 (France) Attribution: tatoeba.org #265901 (CK) & #774960 (Esperantostern)
x24636	Courage	CC-BY 2.0 (France) Attribution: tatoeba.org #2990715 (Hybrid) & #2992772 (Pfirsichbaeumchen)
x24637	Schluckauf	CC-BY 2.0 (France) Attribution: tatoeba.org #1014156 (Albert) & #1460582 (Manfredo)
x24638	Jahrbuch	CC-BY 2.0 (France) Attribution: tatoeba.org #57537 (CM) & #2691312 (Tamy)
x24639	Streiterei	CC-BY 2.0 (France) Attribution: tatoeba.org #2388164 (CK) & #4094185 (Dani6187)
x24640	missfallen	CC-BY 2.0 (France) Attribution: tatoeba.org #12133193 (CK) & #12133201 (Pfirsichbaeumchen)
x24641	Wachhund	CC-BY 2.0 (France) Attribution: tatoeba.org #3818685 (CK) & #3911296 (Pfirsichbaeumchen)
x24642	Schallplatte	CC-BY 2.0 (France) Attribution: tatoeba.org #72240 (Zifre) & #10099443 (Yorwba)
x24643	Schneemann	CC-BY 2.0 (France) Attribution: tatoeba.org #5195270 (CK) & #8594639 (Pfirsichbaeumchen)
x24644	Regime	CC-BY 2.0 (France) Attribution: tatoeba.org #12381084 (ddnktr) & #12381229 (Pfirsichbaeumchen)
x24645	bändigen	CC-BY 2.0 (France) Attribution: tatoeba.org #2259229 (_undertoad) & #2357610 (Pfirsichbaeumchen)
x24646	Kriterium	CC-BY 2.0 (France) Attribution: tatoeba.org #997088 (CK) & #3196453 (Pfirsichbaeumchen)
x24647	Faulpelz	CC-BY 2.0 (France) Attribution: tatoeba.org #1400866 (CM) & #3016310 (Pfirsichbaeumchen)
x24648	Vorsitz	CC-BY 2.0 (France) Attribution: tatoeba.org #289768 (CK) & #799587 (Hans_Adler)
x24649	Milligramm	CC-BY 2.0 (France) Attribution: tatoeba.org #718017 (papabear) & #884805 (jakov)
x24650	Krabbe	CC-BY 2.0 (France) Attribution: tatoeba.org #12069198 (CK) & #12491608 (Waldelfe)
x24651	Lieblingsfarbe	CC-BY 2.0 (France) Attribution: tatoeba.org #6740410 (CK) & #6740414 (Pfirsichbaeumchen)
x24652	Menschenmenge	CC-BY 2.0 (France) Attribution: tatoeba.org #2258082 (_undertoad) & #2379722 (Pfirsichbaeumchen)
x24653	verweilen	CC-BY 2.0 (France) Attribution: tatoeba.org #7159256 (CK) & #7800895 (Pfirsichbaeumchen)
x24654	inkompetent	CC-BY 2.0 (France) Attribution: tatoeba.org #8590068 (CK) & #8887838 (mramosch)
x24655	vereinfachen	CC-BY 2.0 (France) Attribution: tatoeba.org #9497016 (CK) & #13306896 (Waldelfe)
x24656	Forelle	CC-BY 2.0 (France) Attribution: tatoeba.org #10059376 (sundown) & #2572860 (Pfirsichbaeumchen)
x24657	zwanghaft	CC-BY 2.0 (France) Attribution: tatoeba.org #790041 (U2FS) & #4089494 (Dani6187)
x24658	Stinktier	CC-BY 2.0 (France) Attribution: tatoeba.org #423339 (CM) & #628829 (MUIRIEL)
x24659	wegmachen	CC-BY 2.0 (France) Attribution: tatoeba.org #605195 (jettie) & #11929981 (Naina)
x24660	unterbinden	CC-BY 2.0 (France) Attribution: tatoeba.org #3312368 (CK) & #6671829 (Felixjp)
x24661	durchlassen	CC-BY 2.0 (France) Attribution: tatoeba.org #10764162 (sundown) & #7632986 (Pfirsichbaeumchen)
x24662	anbrennen	CC-BY 2.0 (France) Attribution: tatoeba.org #2052090 (AlanF_US) & #7369879 (Yorwba)
x24663	spreizen	CC-BY 2.0 (France) Attribution: tatoeba.org #45008 (CK) & #2660218 (Pfirsichbaeumchen)
x24664	Barmann	CC-BY 2.0 (France) Attribution: tatoeba.org #2641041 (CK) & #4052800 (Zaghawa)
x24665	Snob	CC-BY 2.0 (France) Attribution: tatoeba.org #2270297 (CK) & #5213609 (Tamy)
x24666	kribbeln	CC-BY 2.0 (France) Attribution: tatoeba.org #5746263 (CM) & #12624042 (Yorwba)
x24667	beichten	CC-BY 2.0 (France) Attribution: tatoeba.org #257693 (CK) & #2854605 (Pfirsichbaeumchen)
x24668	zuschreiben	CC-BY 2.0 (France) Attribution: tatoeba.org #42248 (CM) & #2133646 (Pfirsichbaeumchen)
x24669	beben	CC-BY 2.0 (France) Attribution: tatoeba.org #258695 (CK) & #988691 (MUIRIEL)
x24670	Mundwerk	CC-BY 2.0 (France) Attribution: tatoeba.org #460299 (jeanne) & #3095165 (Manfredo)
x24671	Feuerlöscher	CC-BY 2.0 (France) Attribution: tatoeba.org #8983116 (CK) & #8983124 (Luiaard)
x24672	Gewächshaus	CC-BY 2.0 (France) Attribution: tatoeba.org #256317 (CK) & #12610055 (mayabe)
x24673	violett	CC-BY 2.0 (France) Attribution: tatoeba.org #3170733 (CK) & #3170946 (Pfirsichbaeumchen)
x24674	Sphäre	CC-BY 2.0 (France) Attribution: tatoeba.org #277122 (CK) & #12706868 (mayabe)
x24675	fettig	CC-BY 2.0 (France) Attribution: tatoeba.org #53083 (CK) & #738112 (Manfredo)
x24676	verstreichen	CC-BY 2.0 (France) Attribution: tatoeba.org #3765021 (cromwellt) & #3765054 (Jens_Odo)
x24677	Kreativität	CC-BY 2.0 (France) Attribution: tatoeba.org #1196791 (BraveSentry) & #1196448 (al_ex_an_der)
x24678	Enthusiasmus	CC-BY 2.0 (France) Attribution: tatoeba.org #1010972 (hundo) & #1010977 (Manfredo)
x24679	Herstellung	CC-BY 2.0 (France) Attribution: tatoeba.org #325500 (CK) & #836151 (Zaghawa)
x24680	verlesen	CC-BY 2.0 (France) Attribution: tatoeba.org #11167771 (sundown) & #11235234 (Pfirsichbaeumchen)
x24681	Ziffer	CC-BY 2.0 (France) Attribution: tatoeba.org #2258687 (_undertoad) & #2369664 (Pfirsichbaeumchen)
x24682	eskortieren	CC-BY 2.0 (France) Attribution: tatoeba.org #2359228 (CK) & #8157430 (Pfirsichbaeumchen)
x24683	Schakal	CC-BY 2.0 (France) Attribution: tatoeba.org #832485 (LugoIlmer) & #3196447 (Pfirsichbaeumchen)
x24684	robben	CC-BY 2.0 (France) Attribution: tatoeba.org #22807 (CK) & #9130939 (Pfirsichbaeumchen)
x24685	necken	CC-BY 2.0 (France) Attribution: tatoeba.org #2908503 (Hybrid) & #13603582 (Waldelfe)
x24686	generell	CC-BY 2.0 (France) Attribution: tatoeba.org #21811 (blay_paul) & #915689 (Fingerhut)
x24687	Apfelkuchen	CC-BY 2.0 (France) Attribution: tatoeba.org #2380401 (CK) & #3152032 (Pfirsichbaeumchen)
x24688	aufbleiben	CC-BY 2.0 (France) Attribution: tatoeba.org #5805951 (CK) & #5805956 (Pfirsichbaeumchen)
x24689	Journal	CC-BY 2.0 (France) Attribution: tatoeba.org #6013598 (CK) & #13197158 (Yorwba)
x24690	Aufrichtigkeit	CC-BY 2.0 (France) Attribution: tatoeba.org #2389910 (CK) & #7287431 (driini)
x24691	Tierheim	CC-BY 2.0 (France) Attribution: tatoeba.org #3433885 (patgfisher) & #3851222 (Pfirsichbaeumchen)
x24692	Postamt	CC-BY 2.0 (France) Attribution: tatoeba.org #8804395 (moman) & #459752 (xtofu80)
x24693	verdenken	CC-BY 2.0 (France) Attribution: tatoeba.org #10650228 (sundown) & #10673631 (Pfirsichbaeumchen)
x24694	Gymnasium	CC-BY 2.0 (France) Attribution: tatoeba.org #251374 (CK) & #1830004 (Tamy)
x24695	Wortspiel	CC-BY 2.0 (France) Attribution: tatoeba.org #1483 (CM) & #285 (MUIRIEL)
x24696	unheilbar	CC-BY 2.0 (France) Attribution: tatoeba.org #9883297 (DJ_Saidez) & #7747938 (brauchinet)
x24697	herumfahren	CC-BY 2.0 (France) Attribution: tatoeba.org #61348 (CK) & #360788 (Wolf)
x24698	Ausstrahlung	CC-BY 2.0 (France) Attribution: tatoeba.org #4104413 (CK) & #4109005 (Pfirsichbaeumchen)
x24699	Garnison	CC-BY 2.0 (France) Attribution: tatoeba.org #265892 (CM) & #881246 (xtofu80)
x24700	Lawine	CC-BY 2.0 (France) Attribution: tatoeba.org #7782537 (Hybrid) & #9869304 (Pfirsichbaeumchen)
x24701	Pantoffel	CC-BY 2.0 (France) Attribution: tatoeba.org #60950 (CK) & #950509 (brauchinet)
x24702	zurückführen	CC-BY 2.0 (France) Attribution: tatoeba.org #58811 (CK) & #1012981 (Zaghawa)
x24703	aktualisieren	CC-BY 2.0 (France) Attribution: tatoeba.org #4187426 (Eldad) & #10308758 (Yorwba)
x24704	etablieren	CC-BY 2.0 (France) Attribution: tatoeba.org #58572 (CM) & #2830660 (Tamy)
x24705	etliche	CC-BY 2.0 (France) Attribution: tatoeba.org #1001742 (CK) & #1442370 (Esperantostern)
x24706	weglegen	CC-BY 2.0 (France) Attribution: tatoeba.org #8189416 (Hybrid) & #8194313 (Pfirsichbaeumchen)
x24707	hochnäsig	CC-BY 2.0 (France) Attribution: tatoeba.org #313632 (CM) & #4085377 (Dani6187)
x24708	zerdrücken	CC-BY 2.0 (France) Attribution: tatoeba.org #291225 (CK) & #12183654 (petersauer)
x24709	Spielraum	CC-BY 2.0 (France) Attribution: tatoeba.org #1258892 (CM) & #12412583 (Yorwba)
x24710	Abstammung	CC-BY 2.0 (France) Attribution: tatoeba.org #1690960 (Spamster) & #1691691 (al_ex_an_der)
x24711	Redensart	CC-BY 2.0 (France) Attribution: tatoeba.org #4904858 (CK) & #4908796 (Pfirsichbaeumchen)
x24712	Pferderennen	CC-BY 2.0 (France) Attribution: tatoeba.org #19267 (CM) & #3972141 (Dani6187)
x24713	Atomwaffe	CC-BY 2.0 (France) Attribution: tatoeba.org #21722 (CK) & #1771682 (Tamy)
x24714	zurückdrehen	CC-BY 2.0 (France) Attribution: tatoeba.org #5759673 (Hybrid) & #5843308 (Pfirsichbaeumchen)
x24715	begutachten	CC-BY 2.0 (France) Attribution: tatoeba.org #2255625 (_undertoad) & #2388452 (Pfirsichbaeumchen)
x24716	erdenklich	CC-BY 2.0 (France) Attribution: tatoeba.org #1316500 (CK) & #1316509 (PeterR)
x24717	bekehren	CC-BY 2.0 (France) Attribution: tatoeba.org #387711 (Mouseneb) & #445094 (landano)
x24718	unverheiratet	CC-BY 2.0 (France) Attribution: tatoeba.org #9757386 (CK) & #12643828 (Waldelfe)
x24719	delikat	CC-BY 2.0 (France) Attribution: tatoeba.org #456197 (lukaszpp) & #9976626 (wolfgangth)
x24720	Baseballschläger	CC-BY 2.0 (France) Attribution: tatoeba.org #4017055 (CK) & #8100265 (Luiaard)
x24721	Optimismus	CC-BY 2.0 (France) Attribution: tatoeba.org #5096238 (CK) & #7849355 (Pfirsichbaeumchen)
x24722	Windschutzscheibe	CC-BY 2.0 (France) Attribution: tatoeba.org #963961 (darinmex) & #1166244 (Sudajaengi)
x24723	inhaftieren	CC-BY 2.0 (France) Attribution: tatoeba.org #301190 (CK) & #455643 (tokyomews)
x24724	Promi	CC-BY 2.0 (France) Attribution: tatoeba.org #291747 (CK) & #821977 (al_ex_an_der)
x24725	salutieren	CC-BY 2.0 (France) Attribution: tatoeba.org #9966432 (CK) & #12590831 (Waldelfe)
x24726	Gehilfe	CC-BY 2.0 (France) Attribution: tatoeba.org #44659 (CK) & #1905206 (Tamy)
x24727	Ausdrucksweise	CC-BY 2.0 (France) Attribution: tatoeba.org #2162938 (Hybrid) & #2189835 (Pfirsichbaeumchen)
x24728	Mayonnaise	CC-BY 2.0 (France) Attribution: tatoeba.org #6339295 (CK) & #12696174 (Waldelfe)
x24729	Einwilligung	CC-BY 2.0 (France) Attribution: tatoeba.org #1951655 (CK) & #1953673 (Pfirsichbaeumchen)
x24730	konkurrieren	CC-BY 2.0 (France) Attribution: tatoeba.org #274802 (CM) & #11758549 (Yorwba)
x24731	Europäer	CC-BY 2.0 (France) Attribution: tatoeba.org #2280894 (ichivivi20) & #5994618 (list)
x24732	rupfen	CC-BY 2.0 (France) Attribution: tatoeba.org #1751907 (Amastan) & #1753578 (Pfirsichbaeumchen)
x24733	Zwanziger	CC-BY 2.0 (France) Attribution: tatoeba.org #32709 (CK) & #1817116 (Zaghawa)
x24734	Repräsentant	CC-BY 2.0 (France) Attribution: tatoeba.org #22706 (CK) & #3079982 (Pfirsichbaeumchen)
x24735	Pocke	CC-BY 2.0 (France) Attribution: tatoeba.org #805266 (Source_VOA) & #986141 (Pfirsichbaeumchen)
x24736	Chirurgin	CC-BY 2.0 (France) Attribution: tatoeba.org #5186556 (CM) & #13309106 (Waldelfe)
x24737	Halbbruder	CC-BY 2.0 (France) Attribution: tatoeba.org #2358735 (CK) & #6047360 (raggione)
x24738	entziffern	CC-BY 2.0 (France) Attribution: tatoeba.org #6035796 (mailohilohi) & #8604391 (Roujin)
x24739	Pfütze	CC-BY 2.0 (France) Attribution: tatoeba.org #9096867 (sundown) & #8801736 (Melang)
x24740	bekleiden	CC-BY 2.0 (France) Attribution: tatoeba.org #2218241 (CK) & #3926616 (Zaghawa)
x24741	zocken	CC-BY 2.0 (France) Attribution: tatoeba.org #5746079 (CM) & #13646574 (Naina)
x24742	Menschenverstand	CC-BY 2.0 (France) Attribution: tatoeba.org #2141810 (freddy1) & #2141806 (freddy1)
x24743	Toleranz	CC-BY 2.0 (France) Attribution: tatoeba.org #5972908 (thomsmells) & #652357 (Manfredo)
x24744	Frustration	CC-BY 2.0 (France) Attribution: tatoeba.org #10739083 (CK) & #12247326 (nexx)
x24745	Inhaber	CC-BY 2.0 (France) Attribution: tatoeba.org #700001 (darinmex) & #722539 (Esperantostern)
x24746	Besuchszeit	CC-BY 2.0 (France) Attribution: tatoeba.org #7200457 (CK) & #7200908 (brauchinet)
x24747	gekocht	CC-BY 2.0 (France) Attribution: tatoeba.org #3733047 (CK) & #5322042 (Sudajaengi)
x24748	Register	CC-BY 2.0 (France) Attribution: tatoeba.org #266726 (CK) & #12629850 (mayabe)
x24749	Verpflegung	CC-BY 2.0 (France) Attribution: tatoeba.org #4497812 (CK) & #7744514 (raggione)
x24750	Flugzeugabsturz	CC-BY 2.0 (France) Attribution: tatoeba.org #10685610 (CK) & #10687212 (Pfirsichbaeumchen)
x24751	Ehrenmann	CC-BY 2.0 (France) Attribution: tatoeba.org #300410 (CM) & #787393 (Hans_Adler)
x24752	Narr	CC-BY 2.0 (France) Attribution: tatoeba.org #390056 (Scott) & #1037487 (Esperantostern)
x24753	Umfang	CC-BY 2.0 (France) Attribution: tatoeba.org #48568 (CK) & #3142185 (faehrmann)
x24754	Geburtstagsfeier	CC-BY 2.0 (France) Attribution: tatoeba.org #11644056 (WarsawWill) & #12572612 (Waldelfe)
x24755	Berater	CC-BY 2.0 (France) Attribution: tatoeba.org #22366 (CK) & #786910 (Esperantostern)
x24756	erhellen	CC-BY 2.0 (France) Attribution: tatoeba.org #9516788 (sundown) & #4733366 (Esperantostern)
x24757	Aufkleber	CC-BY 2.0 (France) Attribution: tatoeba.org #7759725 (CK) & #7760467 (raggione)
x24758	Kontext	CC-BY 2.0 (France) Attribution: tatoeba.org #985090 (riccioberto) & #986409 (MUIRIEL)
x24759	Versuchskaninchen	CC-BY 2.0 (France) Attribution: tatoeba.org #10320615 (ddnktr) & #10321009 (Pfirsichbaeumchen)
x24760	Einzelkind	CC-BY 2.0 (France) Attribution: tatoeba.org #256056 (CK) & #450239 (al_ex_an_der)
x24761	Bauchgefühl	CC-BY 2.0 (France) Attribution: tatoeba.org #10617613 (CK) & #11976145 (Pfirsichbaeumchen)
x24762	Kokosnuss	CC-BY 2.0 (France) Attribution: tatoeba.org #3825685 (CK) & #4105451 (Pfirsichbaeumchen)
x24763	verkommen	CC-BY 2.0 (France) Attribution: tatoeba.org #1955787 (_undertoad) & #2406209 (Pfirsichbaeumchen)
x24764	ägyptisch	CC-BY 2.0 (France) Attribution: tatoeba.org #6443850 (Hybrid) & #7016334 (Pfirsichbaeumchen)
x24765	entmutigen	CC-BY 2.0 (France) Attribution: tatoeba.org #5853063 (CK) & #12544715 (Waldelfe)
x24766	entschließen	CC-BY 2.0 (France) Attribution: tatoeba.org #7733083 (CK) & #12688534 (Waldelfe)
x24767	Verzug	CC-BY 2.0 (France) Attribution: tatoeba.org #2639921 (CK) & #2766649 (Pfirsichbaeumchen)
x24768	Punsch	CC-BY 2.0 (France) Attribution: tatoeba.org #12523143 (CK) & #12523244 (Waldelfe)
x24769	Lebenszeit	CC-BY 2.0 (France) Attribution: tatoeba.org #1933252 (sadhen) & #11388771 (mayabe)
x24770	Junggeselle	CC-BY 2.0 (France) Attribution: tatoeba.org #11874004 (CK) & #12685030 (Waldelfe)
x24771	Wartezimmer	CC-BY 2.0 (France) Attribution: tatoeba.org #1650674 (Amastan) & #1713181 (Pfirsichbaeumchen)
x24772	Hauptfach	CC-BY 2.0 (France) Attribution: tatoeba.org #251320 (CK) & #1828056 (Tamy)
x24773	verantwortungslos	CC-BY 2.0 (France) Attribution: tatoeba.org #11184844 (CK) & #12641853 (Waldelfe)
x24774	Schornstein	CC-BY 2.0 (France) Attribution: tatoeba.org #7010312 (Hybrid) & #7010802 (Pfirsichbaeumchen)
x24775	würdevoll	CC-BY 2.0 (France) Attribution: tatoeba.org #2270103 (_undertoad) & #2272520 (Pfirsichbaeumchen)
x24776	ausradieren	CC-BY 2.0 (France) Attribution: tatoeba.org #1112564 (Scott) & #1190223 (Sudajaengi)
x24777	durchlesen	CC-BY 2.0 (France) Attribution: tatoeba.org #66224 (CK) & #768993 (Esperantostern)
x24778	bereisen	CC-BY 2.0 (France) Attribution: tatoeba.org #2949961 (Hybrid) & #2972355 (Pfirsichbaeumchen)
x24779	Zurückhaltung	CC-BY 2.0 (France) Attribution: tatoeba.org #1933572 (CK) & #13508610 (Yorwba)
x24780	Getue	CC-BY 2.0 (France) Attribution: tatoeba.org #953862 (CK) & #7972510 (manese)
x24781	Redner	CC-BY 2.0 (France) Attribution: tatoeba.org #303509 (CK) & #1343789 (Manfredo)
x24782	Wortwahl	CC-BY 2.0 (France) Attribution: tatoeba.org #2047718 (CK) & #8740351 (Melang)
x24783	Miene	CC-BY 2.0 (France) Attribution: tatoeba.org #302919 (CK) & #4256977 (Pfirsichbaeumchen)
x24784	Schauplatz	CC-BY 2.0 (France) Attribution: tatoeba.org #681008 (Source_VOA) & #11780482 (Yorwba)
x24785	Quadrat	CC-BY 2.0 (France) Attribution: tatoeba.org #271700 (Zifre) & #359420 (MUIRIEL)
x24786	Bewerbungsgespräch	CC-BY 2.0 (France) Attribution: tatoeba.org #8060973 (CK) & #12400269 (Pfirsichbaeumchen)
x24787	ködern	CC-BY 2.0 (France) Attribution: tatoeba.org #7113726 (CM) & #7215827 (raggione)
x24788	blühend	CC-BY 2.0 (France) Attribution: tatoeba.org #11570966 (sundown) & #11571491 (Pfirsichbaeumchen)
x24789	erklimmen	CC-BY 2.0 (France) Attribution: tatoeba.org #707391 (papabear) & #12530040 (mayabe)
x24790	abstrakt	CC-BY 2.0 (France) Attribution: tatoeba.org #277567 (CK) & #1105858 (jast)
x24791	Orientierung	CC-BY 2.0 (France) Attribution: tatoeba.org #680699 (Source_VOA) & #756090 (Zaghawa)
x24792	begnügen	CC-BY 2.0 (France) Attribution: tatoeba.org #253896 (CK) & #5231005 (Pfirsichbaeumchen)
x24793	überbieten	CC-BY 2.0 (France) Attribution: tatoeba.org #42875 (CK) & #945008 (chiyochan)
x24794	republikanisch	CC-BY 2.0 (France) Attribution: tatoeba.org #805397 (Source_VOA) & #3263743 (Pfirsichbaeumchen)
x24795	Pedal	CC-BY 2.0 (France) Attribution: tatoeba.org #10534786 (sundown) & #9542328 (Yorwba)
x24796	Rassismus	CC-BY 2.0 (France) Attribution: tatoeba.org #8989863 (CK) & #8993712 (Pfirsichbaeumchen)
x24797	Stacheldraht	CC-BY 2.0 (France) Attribution: tatoeba.org #10506113 (sundown) & #9849633 (Pfirsichbaeumchen)
x24798	Beachtung	CC-BY 2.0 (France) Attribution: tatoeba.org #1912030 (Spamster) & #1918628 (Pfirsichbaeumchen)
x24799	Anreiz	CC-BY 2.0 (France) Attribution: tatoeba.org #326339 (CM) & #11302159 (Malkuth)
x24800	rasten	CC-BY 2.0 (France) Attribution: tatoeba.org #2835680 (CK) & #2839946 (brauchinet)
x24801	durchsichtig	CC-BY 2.0 (France) Attribution: tatoeba.org #11127248 (CM) & #12393993 (Yorwba)
x24802	stimulieren	CC-BY 2.0 (France) Attribution: tatoeba.org #58244 (CK) & #2798487 (Tamy)
x24803	Kondition	CC-BY 2.0 (France) Attribution: tatoeba.org #1676645 (Spamster) & #1695609 (al_ex_an_der)
x24804	säen	CC-BY 2.0 (France) Attribution: tatoeba.org #32882 (Bing05) & #945848 (Sudajaengi)
x24805	Speisesaal	CC-BY 2.0 (France) Attribution: tatoeba.org #8307674 (CK) & #12556298 (Waldelfe)
x24806	Brosche	CC-BY 2.0 (France) Attribution: tatoeba.org #3160029 (Hybrid) & #3160031 (Pfirsichbaeumchen)
x24807	anlassen	CC-BY 2.0 (France) Attribution: tatoeba.org #65397 (CK) & #9309927 (Pfirsichbaeumchen)
x24808	alleinig	CC-BY 2.0 (France) Attribution: tatoeba.org #4715178 (patgfisher) & #4881010 (Pfirsichbaeumchen)
x24809	Tulpe	CC-BY 2.0 (France) Attribution: tatoeba.org #2245944 (CK) & #7456478 (Yorwba)
x24810	Komfort	CC-BY 2.0 (France) Attribution: tatoeba.org #268405 (CM) & #13347013 (Waldelfe)
x24811	Stereoanlage	CC-BY 2.0 (France) Attribution: tatoeba.org #252956 (CK) & #369932 (kriskelvin)
x24812	Moped	CC-BY 2.0 (France) Attribution: tatoeba.org #1305881 (sundown) & #11458871 (Pfirsichbaeumchen)
x24813	umschalten	CC-BY 2.0 (France) Attribution: tatoeba.org #8973541 (CK) & #9033427 (Pfirsichbaeumchen)
x24814	Sternschnuppe	CC-BY 2.0 (France) Attribution: tatoeba.org #1583273 (marcelostockle) & #985414 (MUIRIEL)
x24815	auferlegen	CC-BY 2.0 (France) Attribution: tatoeba.org #273766 (CK) & #3029362 (al_ex_an_der)
x24816	muhen	CC-BY 2.0 (France) Attribution: tatoeba.org #8853737 (Adelpa) & #5631021 (Vortarulo)
x24817	entblößen	CC-BY 2.0 (France) Attribution: tatoeba.org #1671786 (Spamster) & #1684051 (Pfirsichbaeumchen)
x24818	mogeln	CC-BY 2.0 (France) Attribution: tatoeba.org #2549802 (CK) & #4942915 (Hans_Adler)
x24819	Damentoilette	CC-BY 2.0 (France) Attribution: tatoeba.org #10095818 (CK) & #5034956 (brauchinet)
x24820	Lieblingslied	CC-BY 2.0 (France) Attribution: tatoeba.org #1461275 (CM) & #6814210 (Esperantostern)
x24821	Videokamera	CC-BY 2.0 (France) Attribution: tatoeba.org #680135 (Source_VOA) & #757190 (Pfirsichbaeumchen)
x24822	zerkratzen	CC-BY 2.0 (France) Attribution: tatoeba.org #1096363 (CK) & #7668626 (manese)
x24823	unausweichlich	CC-BY 2.0 (France) Attribution: tatoeba.org #45900 (CM) & #2489168 (Tamy)
x24824	Arbeitskollege	CC-BY 2.0 (France) Attribution: tatoeba.org #1700362 (mookeee) & #365475 (Wolf)
x24825	Wutanfall	CC-BY 2.0 (France) Attribution: tatoeba.org #287989 (CM) & #10046767 (wolfgangth)
x24826	derweil	CC-BY 2.0 (France) Attribution: tatoeba.org #3415281 (CK) & #13677809 (Waldelfe)
x24827	Zeitvertreib	CC-BY 2.0 (France) Attribution: tatoeba.org #250459 (sacredceltic) & #607268 (xtofu80)
x24828	Meditation	CC-BY 2.0 (France) Attribution: tatoeba.org #11871164 (CK) & #11871483 (Naina)
x24829	Heuhaufen	CC-BY 2.0 (France) Attribution: tatoeba.org #12194604 (CK) & #12196528 (Pfirsichbaeumchen)
x24830	Bürokratie	CC-BY 2.0 (France) Attribution: tatoeba.org #10269818 (shekitten) & #12310458 (Yorwba)
x24831	Raupe	CC-BY 2.0 (France) Attribution: tatoeba.org #277953 (CM) & #367776 (MUIRIEL)
x24832	Einschränkung	CC-BY 2.0 (France) Attribution: tatoeba.org #4495680 (CK) & #5340683 (raggione)
x24833	bezichtigen	CC-BY 2.0 (France) Attribution: tatoeba.org #4014008 (CK) & #12334803 (Pfirsichbaeumchen)
x24834	wiedererlangen	CC-BY 2.0 (France) Attribution: tatoeba.org #18552 (CK) & #1694848 (Pfirsichbaeumchen)
x24835	Monarchie	CC-BY 2.0 (France) Attribution: tatoeba.org #8388995 (CK) & #12455917 (Waldelfe)
x24836	Anstellung	CC-BY 2.0 (France) Attribution: tatoeba.org #22416 (CK) & #1833719 (Tamy)
x24837	Halbzeit	CC-BY 2.0 (France) Attribution: tatoeba.org #2890122 (sharptoothed) & #6328663 (Zaghawa)
x24838	Missgeschick	CC-BY 2.0 (France) Attribution: tatoeba.org #1466718 (Eldad) & #1466710 (al_ex_an_der)
x24839	Telefonanruf	CC-BY 2.0 (France) Attribution: tatoeba.org #288248 (sacredceltic) & #834145 (Esperantostern)
x24840	Qualle	CC-BY 2.0 (France) Attribution: tatoeba.org #9795614 (CK) & #12570751 (Waldelfe)
x24841	Anziehungskraft	CC-BY 2.0 (France) Attribution: tatoeba.org #2609640 (WestofEden) & #2498023 (Pfirsichbaeumchen)
x24842	Lieblingsfilm	CC-BY 2.0 (France) Attribution: tatoeba.org #680944 (Source_VOA) & #758195 (Pfirsichbaeumchen)
x24843	ausreißen	CC-BY 2.0 (France) Attribution: tatoeba.org #36030 (CM) & #4032724 (Dani6187)
x24844	unregelmäßig	CC-BY 2.0 (France) Attribution: tatoeba.org #1802 (Swift) & #612 (MUIRIEL)
x24845	alleinstehend	CC-BY 2.0 (France) Attribution: tatoeba.org #17869 (Zifre) & #1105636 (jast)
x24846	annullieren	CC-BY 2.0 (France) Attribution: tatoeba.org #6971429 (Eccles17) & #6971892 (Pfirsichbaeumchen)
x24847	dominieren	CC-BY 2.0 (France) Attribution: tatoeba.org #10915422 (CM) & #12825166 (Yorwba)
x24848	erbringen	CC-BY 2.0 (France) Attribution: tatoeba.org #57488 (papabear) & #2685359 (Tamy)
x24849	Schlips	CC-BY 2.0 (France) Attribution: tatoeba.org #10298779 (CK) & #10300266 (Pfirsichbaeumchen)
x24850	Müdigkeit	CC-BY 2.0 (France) Attribution: tatoeba.org #8997620 (CK) & #9000470 (Pfirsichbaeumchen)
x24851	Grip	CC-BY 2.0 (France) Attribution: tatoeba.org #17554 (Zifre) & #2173008 (Zaghawa)
x24852	Falschgeld	CC-BY 2.0 (France) Attribution: tatoeba.org #3012660 (patgfisher) & #3012494 (Esperantostern)
x24853	anderweitig	CC-BY 2.0 (France) Attribution: tatoeba.org #5064782 (AlanF_US) & #5065546 (dispy)
x24854	Verstopfung	CC-BY 2.0 (France) Attribution: tatoeba.org #7114352 (CM) & #799554 (Hans_Adler)
x24855	knirschen	CC-BY 2.0 (France) Attribution: tatoeba.org #12137546 (sundown) & #10712476 (Yorwba)
x24856	Kunststück	CC-BY 2.0 (France) Attribution: tatoeba.org #3282944 (Hybrid) & #3299514 (Pfirsichbaeumchen)
x24857	anhaltend	CC-BY 2.0 (France) Attribution: tatoeba.org #9849466 (NurseMeeks) & #10151318 (driini)
x24858	Geburtsdatum	CC-BY 2.0 (France) Attribution: tatoeba.org #703328 (papabear) & #941467 (Sudajaengi)
x24859	kapern	CC-BY 2.0 (France) Attribution: tatoeba.org #11235344 (sundown) & #10031771 (Melang)
x24860	hinhauen	CC-BY 2.0 (France) Attribution: tatoeba.org #668530 (Eldad) & #984899 (Kuyo)
x24861	imponieren	CC-BY 2.0 (France) Attribution: tatoeba.org #2280443 (CK) & #4857840 (Manfredo)
x24862	beglücken	CC-BY 2.0 (France) Attribution: tatoeba.org #8678320 (Hybrid) & #8684125 (Pfirsichbaeumchen)
x24863	Elektronik	CC-BY 2.0 (France) Attribution: tatoeba.org #65248 (CM) & #1168406 (Sudajaengi)
x24864	Journalismus	CC-BY 2.0 (France) Attribution: tatoeba.org #5835660 (CK) & #12526299 (Waldelfe)
x24865	Haarfarbe	CC-BY 2.0 (France) Attribution: tatoeba.org #464526 (lukaszpp) & #589140 (Manfredo)
x24866	Kettensäge	CC-BY 2.0 (France) Attribution: tatoeba.org #10296518 (CK) & #12274824 (Pfirsichbaeumchen)
x24867	Heulsuse	CC-BY 2.0 (France) Attribution: tatoeba.org #300862 (CK) & #1556409 (Pfirsichbaeumchen)
x24868	dienstlich	CC-BY 2.0 (France) Attribution: tatoeba.org #296249 (CK) & #8877649 (Pfirsichbaeumchen)
x24869	hintun	CC-BY 2.0 (France) Attribution: tatoeba.org #3302668 (CK) & #3305297 (dinkel_girl)
x24870	ausstechen	CC-BY 2.0 (France) Attribution: tatoeba.org #242915 (CK) & #7892576 (brauchinet)
x24871	Toilettenpapier	CC-BY 2.0 (France) Attribution: tatoeba.org #11602064 (CK) & #12428028 (Waldelfe)
x24872	Tränengas	CC-BY 2.0 (France) Attribution: tatoeba.org #13495768 (rul) & #13495905 (mhr)
x24873	Auslieferung	CC-BY 2.0 (France) Attribution: tatoeba.org #1372621 (alanood) & #2287629 (Zaghawa)
x24874	Polizeistation	CC-BY 2.0 (France) Attribution: tatoeba.org #243721 (CK) & #358218 (MUIRIEL)
x24875	Vorkommnis	CC-BY 2.0 (France) Attribution: tatoeba.org #41343 (CK) & #789411 (Hans_Adler)
x24876	verfangen	CC-BY 2.0 (France) Attribution: tatoeba.org #529758 (kebukebu) & #756078 (Zaghawa)
x24877	beschämen	CC-BY 2.0 (France) Attribution: tatoeba.org #1887196 (CK) & #2116144 (Pfirsichbaeumchen)
x24878	Hochhaus	CC-BY 2.0 (France) Attribution: tatoeba.org #250518 (jakov) & #960001 (Sudajaengi)
x24879	verschmutzen	CC-BY 2.0 (France) Attribution: tatoeba.org #21021 (CK) & #545445 (Manfredo)
x24880	vereiteln	CC-BY 2.0 (France) Attribution: tatoeba.org #63055 (CM) & #1527139 (Pfirsichbaeumchen)
x24881	Führungskraft	CC-BY 2.0 (France) Attribution: tatoeba.org #303602 (CK) & #8838301 (wolfgangth)
x24882	Kupplung	CC-BY 2.0 (France) Attribution: tatoeba.org #5751377 (zumley) & #5749206 (brauchinet)
x24883	Schnäppchen	CC-BY 2.0 (France) Attribution: tatoeba.org #435204 (CK) & #8815599 (Pfirsichbaeumchen)
x24884	Pelle	CC-BY 2.0 (France) Attribution: tatoeba.org #2267643 (_undertoad) & #2293992 (Pfirsichbaeumchen)
x24885	Lebensjahr	CC-BY 2.0 (France) Attribution: tatoeba.org #310055 (CK) & #3082741 (Pfirsichbaeumchen)
x24886	Wohltäter	CC-BY 2.0 (France) Attribution: tatoeba.org #3433885 (patgfisher) & #3851222 (Pfirsichbaeumchen)
x24887	Bruchbude	CC-BY 2.0 (France) Attribution: tatoeba.org #3536471 (patgfisher) & #3537697 (brauchinet)
x24888	Taugenichts	CC-BY 2.0 (France) Attribution: tatoeba.org #294292 (CM) & #1500341 (Pfirsichbaeumchen)
x24889	Fußballspiel	CC-BY 2.0 (France) Attribution: tatoeba.org #248208 (CK) & #443606 (Pfirsichbaeumchen)
x24890	Gewinner	CC-BY 2.0 (France) Attribution: tatoeba.org #304342 (CK) & #12710158 (mayabe)
x24891	ausladen	CC-BY 2.0 (France) Attribution: tatoeba.org #1736355 (Dejo) & #5823524 (dasbeispielholz)
x24892	appellieren	CC-BY 2.0 (France) Attribution: tatoeba.org #560319 (darinmex) & #560445 (cost)
x24893	beilegen	CC-BY 2.0 (France) Attribution: tatoeba.org #9933594 (CK) & #12671507 (Waldelfe)
x24894	Blinddarm	CC-BY 2.0 (France) Attribution: tatoeba.org #21983 (CK) & #917599 (Sudajaengi)
x24895	Kasper	CC-BY 2.0 (France) Attribution: tatoeba.org #1534815 (CK) & #1691188 (Pfirsichbaeumchen)
x24896	Schmiergeld	CC-BY 2.0 (France) Attribution: tatoeba.org #246521 (CK) & #362789 (Kerstin)
x24897	Eisbär	CC-BY 2.0 (France) Attribution: tatoeba.org #52486 (Swift) & #370481 (Wolf)
x24898	bereitstellen	CC-BY 2.0 (France) Attribution: tatoeba.org #593664 (darinmex) & #13347501 (Waldelfe)
x24899	Hausherr	CC-BY 2.0 (France) Attribution: tatoeba.org #24096 (CK) & #3154076 (raggione)
x24900	Prise	CC-BY 2.0 (France) Attribution: tatoeba.org #5776174 (Hybrid) & #8848221 (Pfirsichbaeumchen)
x24901	Historiker	CC-BY 2.0 (France) Attribution: tatoeba.org #4011729 (CK) & #4467542 (raggione)
x24902	Steuerzahler	CC-BY 2.0 (France) Attribution: tatoeba.org #9257010 (CK) & #9257176 (Pfirsichbaeumchen)
x24903	Konstruktion	CC-BY 2.0 (France) Attribution: tatoeba.org #1559772 (sam_m) & #1805401 (Tamy)
x24904	Nashorn	CC-BY 2.0 (France) Attribution: tatoeba.org #8137191 (Hybrid) & #8144897 (Pfirsichbaeumchen)
x24905	erhitzen	CC-BY 2.0 (France) Attribution: tatoeba.org #318339 (CK) & #2117499 (Pfirsichbaeumchen)
x24906	Silbe	CC-BY 2.0 (France) Attribution: tatoeba.org #2255707 (_undertoad) & #2379745 (Pfirsichbaeumchen)
x24907	anmalen	CC-BY 2.0 (France) Attribution: tatoeba.org #33817 (CK) & #1878138 (Tamy)
x24908	Mythologie	CC-BY 2.0 (France) Attribution: tatoeba.org #578849 (darinmex) & #579307 (jakov)
x24909	erarbeiten	CC-BY 2.0 (France) Attribution: tatoeba.org #2315052 (cruzedu73) & #2976597 (Pfirsichbaeumchen)
x24910	unvergleichlich	CC-BY 2.0 (France) Attribution: tatoeba.org #10524585 (sundown) & #8315911 (GuidoW)
x24911	hundertmal	CC-BY 2.0 (France) Attribution: tatoeba.org #2539599 (CK) & #4070326 (Pfirsichbaeumchen)
x24912	Spinat	CC-BY 2.0 (France) Attribution: tatoeba.org #6786285 (CK) & #6787443 (raggione)
x24913	Kost	CC-BY 2.0 (France) Attribution: tatoeba.org #58376 (CK) & #2805914 (brauchinet)
x24914	Vorderseite	CC-BY 2.0 (France) Attribution: tatoeba.org #2258766 (_undertoad) & #2365545 (Pfirsichbaeumchen)
x24915	Strudel	CC-BY 2.0 (France) Attribution: tatoeba.org #10081465 (CK) & #12463712 (Yorwba)
x24916	Aroma	CC-BY 2.0 (France) Attribution: tatoeba.org #1546540 (Vy) & #5456673 (Tamy)
x24917	wegschmeißen	CC-BY 2.0 (France) Attribution: tatoeba.org #3559812 (CK) & #3560125 (brauchinet)
x24918	Namensschild	CC-BY 2.0 (France) Attribution: tatoeba.org #681541 (Source_VOA) & #772654 (al_ex_an_der)
x24919	Grundregel	CC-BY 2.0 (France) Attribution: tatoeba.org #1737253 (Spamster) & #1737271 (Pfirsichbaeumchen)
x24920	Familienangelegenheit	CC-BY 2.0 (France) Attribution: tatoeba.org #297389 (CK) & #8636234 (Yorwba)
x24921	krähen	CC-BY 2.0 (France) Attribution: tatoeba.org #2852714 (patgfisher) & #2852550 (Esperantostern)
x24922	Fachgebiet	CC-BY 2.0 (France) Attribution: tatoeba.org #8763863 (Hybrid) & #8765272 (Pfirsichbaeumchen)
x24923	Füllung	CC-BY 2.0 (France) Attribution: tatoeba.org #3324352 (CK) & #7994696 (raggione)
x24924	jonglieren	CC-BY 2.0 (France) Attribution: tatoeba.org #8810515 (CK) & #8810653 (Pfirsichbaeumchen)
x24925	verlässlich	CC-BY 2.0 (France) Attribution: tatoeba.org #299812 (CK) & #1562718 (Pfirsichbaeumchen)
x24926	Nasenbluten	CC-BY 2.0 (France) Attribution: tatoeba.org #318201 (CK) & #8227235 (Pfirsichbaeumchen)
x24927	hierzu	CC-BY 2.0 (France) Attribution: tatoeba.org #5374447 (CK) & #5374465 (Pfirsichbaeumchen)
x24928	Teilchen	CC-BY 2.0 (France) Attribution: tatoeba.org #8481112 (Luiaard) & #8481105 (Luiaard)
x24929	Orgel	CC-BY 2.0 (France) Attribution: tatoeba.org #19097 (U2FS) & #740327 (Manfredo)
x24930	Kauz	CC-BY 2.0 (France) Attribution: tatoeba.org #667881 (CK) & #669654 (Esperantostern)
x24931	Goldmine	CC-BY 2.0 (France) Attribution: tatoeba.org #3415221 (CK) & #6645357 (Felixjp)
x24932	detailliert	CC-BY 2.0 (France) Attribution: tatoeba.org #290916 (CS) & #342300 (MUIRIEL)
x24933	abarbeiten	CC-BY 2.0 (France) Attribution: tatoeba.org #1495749 (CK) & #1496881 (Espi)
x24934	spotten	CC-BY 2.0 (France) Attribution: tatoeba.org #44336 (CK) & #2550651 (Pfirsichbaeumchen)
x24935	australisch	CC-BY 2.0 (France) Attribution: tatoeba.org #595441 (CK) & #8651934 (Melang)
x24936	überbewerten	CC-BY 2.0 (France) Attribution: tatoeba.org #11267382 (ddnktr) & #11270185 (Pfirsichbaeumchen)
x24937	Motorhaube	CC-BY 2.0 (France) Attribution: tatoeba.org #10142116 (ddnktr) & #10546994 (Pfirsichbaeumchen)
x24938	käuflich	CC-BY 2.0 (France) Attribution: tatoeba.org #56867 (CK) & #2594943 (Tamy)
x24939	Schema	CC-BY 2.0 (France) Attribution: tatoeba.org #10509241 (CK) & #12825245 (Yorwba)
x24940	Wonne	CC-BY 2.0 (France) Attribution: tatoeba.org #4983616 (CK) & #6931196 (Pfirsichbaeumchen)
x24941	Dirigent	CC-BY 2.0 (France) Attribution: tatoeba.org #246254 (CK) & #1516292 (Merle)
x24942	verdursten	CC-BY 2.0 (France) Attribution: tatoeba.org #35763 (CM) & #7824462 (Pfirsichbaeumchen)
x24943	Schmeichelei	CC-BY 2.0 (France) Attribution: tatoeba.org #3501297 (CK) & #6102829 (raggione)
x24944	Ziellinie	CC-BY 2.0 (France) Attribution: tatoeba.org #12258431 (CK) & #12258532 (brauchinet)
x24945	zwischendurch	CC-BY 2.0 (France) Attribution: tatoeba.org #4937844 (CK) & #12794759 (Yorwba)
x24946	Effizienz	CC-BY 2.0 (France) Attribution: tatoeba.org #8245919 (Hybrid) & #9779797 (Pfirsichbaeumchen)
x24947	zuallererst	CC-BY 2.0 (France) Attribution: tatoeba.org #3097226 (CK) & #3097537 (Pfirsichbaeumchen)
x24948	prominent	CC-BY 2.0 (France) Attribution: tatoeba.org #45090 (CM) & #1917755 (Tamy)
x24949	biblisch	CC-BY 2.0 (France) Attribution: tatoeba.org #548762 (darinmex) & #1052829 (Sudajaengi)
x24950	zusammenfügen	CC-BY 2.0 (France) Attribution: tatoeba.org #3731910 (CM) & #4878284 (Pfirsichbaeumchen)
x24951	Zufluchtsort	CC-BY 2.0 (France) Attribution: tatoeba.org #1839486 (CK) & #1848807 (Pfirsichbaeumchen)
x24952	Nervenkitzel	CC-BY 2.0 (France) Attribution: tatoeba.org #681027 (Source_VOA) & #759331 (Pfirsichbaeumchen)
x24953	vorübergehend	CC-BY 2.0 (France) Attribution: tatoeba.org #11122060 (CM) & #12579029 (Waldelfe)
x24954	Horoskop	CC-BY 2.0 (France) Attribution: tatoeba.org #4563313 (Hybrid) & #4566192 (Pfirsichbaeumchen)
x24955	Betrug	CC-BY 2.0 (France) Attribution: tatoeba.org #7198366 (CK) & #6462028 (Pfirsichbaeumchen)
x24956	Stammkunde	CC-BY 2.0 (France) Attribution: tatoeba.org #1868237 (CK) & #3150077 (faehrmann)
x24957	ausführlich	CC-BY 2.0 (France) Attribution: tatoeba.org #291348 (CK) & #10015531 (wolfgangth)
x24958	Anatomie	CC-BY 2.0 (France) Attribution: tatoeba.org #847255 (Source_Benedict_1921) & #3406058 (Pfirsichbaeumchen)
x24959	zugunsten	CC-BY 2.0 (France) Attribution: tatoeba.org #282735 (CM) & #2814462 (Zaghawa)
x24960	Oberkörper	CC-BY 2.0 (France) Attribution: tatoeba.org #299703 (CM) & #7009874 (driini)
x24961	Haupteingang	CC-BY 2.0 (France) Attribution: tatoeba.org #9539783 (sundown) & #9431362 (Yorwba)
x24962	Holzfäller	CC-BY 2.0 (France) Attribution: tatoeba.org #25617 (CK) & #380703 (MUIRIEL)
x24963	Uran	CC-BY 2.0 (France) Attribution: tatoeba.org #65445 (CM) & #1865298 (Zaghawa)
x24964	aufschließen	CC-BY 2.0 (France) Attribution: tatoeba.org #9432536 (shekitten) & #9432528 (Pfirsichbaeumchen)
x24965	wegsehen	CC-BY 2.0 (France) Attribution: tatoeba.org #7114253 (CM) & #8631680 (Melang)
x24966	Stammgast	CC-BY 2.0 (France) Attribution: tatoeba.org #2640296 (CK) & #2755887 (Pfirsichbaeumchen)
x24967	konsultieren	CC-BY 2.0 (France) Attribution: tatoeba.org #3608115 (panamicua) & #3605553 (Esperantostern)
x24968	vorletzte	CC-BY 2.0 (France) Attribution: tatoeba.org #1806435 (emmettricks) & #9380266 (Yorwba)
x24969	observieren	CC-BY 2.0 (France) Attribution: tatoeba.org #262780 (CK) & #9855365 (Yorwba)
x24970	rosig	CC-BY 2.0 (France) Attribution: tatoeba.org #2259134 (_undertoad) & #2357690 (Pfirsichbaeumchen)
x24971	einmarschieren	CC-BY 2.0 (France) Attribution: tatoeba.org #807402 (Source_VOA) & #1139119 (Esperantostern)
x24972	Kapitän	CC-BY 2.0 (France) Attribution: tatoeba.org #273504 (CM) & #1540364 (Zaghawa)
x24973	heidnisch	CC-BY 2.0 (France) Attribution: tatoeba.org #8358756 (AlanF_US) & #8404855 (Pfirsichbaeumchen)
x24974	quasseln	CC-BY 2.0 (France) Attribution: tatoeba.org #2111504 (CK) & #7060127 (quicksanddiver)
x24975	Unwetter	CC-BY 2.0 (France) Attribution: tatoeba.org #681023 (Source_VOA) & #759328 (Pfirsichbaeumchen)
x24976	Ethik	CC-BY 2.0 (France) Attribution: tatoeba.org #531595 (darinmex) & #1555973 (Pfirsichbaeumchen)
x24977	Gardine	CC-BY 2.0 (France) Attribution: tatoeba.org #274174 (CM) & #744457 (samueldora)
x24978	Fluggesellschaft	CC-BY 2.0 (France) Attribution: tatoeba.org #1442467 (CM) & #1442468 (al_ex_an_der)
x24979	verbleiben	CC-BY 2.0 (France) Attribution: tatoeba.org #11952953 (sundown) & #6007738 (list)
x24980	verdreifachen	CC-BY 2.0 (France) Attribution: tatoeba.org #271139 (CK) & #5761457 (Pfirsichbaeumchen)
x24981	Einstieg	CC-BY 2.0 (France) Attribution: tatoeba.org #5195279 (CK) & #13709158 (Waldelfe)
x24982	Trumpf	CC-BY 2.0 (France) Attribution: tatoeba.org #294152 (CM) & #2696009 (Pfirsichbaeumchen)
x24983	Überarbeitung	CC-BY 2.0 (France) Attribution: tatoeba.org #58856 (CM) & #2862584 (Tamy)
x24984	schleunigst	CC-BY 2.0 (France) Attribution: tatoeba.org #52156 (CK) & #514925 (Espi)
x24985	aufschlussreich	CC-BY 2.0 (France) Attribution: tatoeba.org #23041 (CK) & #1701789 (al_ex_an_der)
x24986	Drogenhändler	CC-BY 2.0 (France) Attribution: tatoeba.org #45617 (CM) & #1959629 (Tamy)
x24987	Klassenkamerad	CC-BY 2.0 (France) Attribution: tatoeba.org #10541724 (CK) & #10544135 (Yorwba)
x24988	Jüngling	CC-BY 2.0 (France) Attribution: tatoeba.org #3592601 (karloelkebekio) & #13411831 (Waldelfe)
x24989	kontaminieren	CC-BY 2.0 (France) Attribution: tatoeba.org #1102834 (noava22) & #8682480 (Melang)
x24990	Impfung	CC-BY 2.0 (France) Attribution: tatoeba.org #681788 (Source_VOA) & #757100 (Pfirsichbaeumchen)
x24991	stornieren	CC-BY 2.0 (France) Attribution: tatoeba.org #8127903 (Luiaard) & #8127913 (Luiaard)
x24992	langjährig	CC-BY 2.0 (France) Attribution: tatoeba.org #287164 (CM) & #2499057 (Pfirsichbaeumchen)
x24993	Rückruf	CC-BY 2.0 (France) Attribution: tatoeba.org #4665512 (CK) & #8839480 (Yorwba)
x24994	rülpsen	CC-BY 2.0 (France) Attribution: tatoeba.org #10431940 (CK) & #12825286 (Yorwba)
x24995	Paragraph	CC-BY 2.0 (France) Attribution: tatoeba.org #73441 (CK) & #3770452 (Zaghawa)
x24996	satteln	CC-BY 2.0 (France) Attribution: tatoeba.org #7837607 (CK) & #7841007 (Pfirsichbaeumchen)
x24997	tollwütig	CC-BY 2.0 (France) Attribution: tatoeba.org #10566888 (CK) & #10566897 (Pfirsichbaeumchen)
x24998	Gedenkfeier	CC-BY 2.0 (France) Attribution: tatoeba.org #681458 (Source_VOA) & #777881 (al_ex_an_der)
x24999	Lehm	CC-BY 2.0 (France) Attribution: tatoeba.org #275107 (CK) & #12418624 (mayabe)
x25000	woandershin	CC-BY 2.0 (France) Attribution: tatoeba.org #1894541 (CK) & #1858608 (al_ex_an_der)
x25001	Weihnachtsfest	CC-BY 2.0 (France) Attribution: tatoeba.org #7152859 (CK) & #13463144 (Naina)
x25002	adressieren	CC-BY 2.0 (France) Attribution: tatoeba.org #2270207 (_undertoad) & #2289316 (Pfirsichbaeumchen)
x25003	Redewendung	CC-BY 2.0 (France) Attribution: tatoeba.org #3466097 (Hybrid) & #7022491 (Pfirsichbaeumchen)
x25004	Mineral	CC-BY 2.0 (France) Attribution: tatoeba.org #681479 (Source_VOA) & #775376 (al_ex_an_der)
x25005	immens	CC-BY 2.0 (France) Attribution: tatoeba.org #297138 (CK) & #12689378 (mayabe)
x25006	schnüren	CC-BY 2.0 (France) Attribution: tatoeba.org #313350 (CK) & #1343579 (Pfirsichbaeumchen)
x25007	Opposition	CC-BY 2.0 (France) Attribution: tatoeba.org #324785 (CK) & #366483 (lilygilder)
x25008	Nobelpreis	CC-BY 2.0 (France) Attribution: tatoeba.org #35775 (CK) & #341253 (MUIRIEL)
x25009	Marmor	CC-BY 2.0 (France) Attribution: tatoeba.org #9755033 (CK) & #10019551 (Pfirsichbaeumchen)
x25010	Hundefutter	CC-BY 2.0 (France) Attribution: tatoeba.org #898555 (CK) & #1695729 (Pfirsichbaeumchen)
x25011	Denkweise	CC-BY 2.0 (France) Attribution: tatoeba.org #660354 (CS) & #659887 (sigfrido)
x25012	Petition	CC-BY 2.0 (France) Attribution: tatoeba.org #11932378 (CK) & #11932786 (Naina)
x25013	Stadtteil	CC-BY 2.0 (France) Attribution: tatoeba.org #11074097 (sundown) & #4853406 (Esperantostern)
x25014	erstrecken	CC-BY 2.0 (France) Attribution: tatoeba.org #393826 (blay_paul) & #852430 (Esperantostern)
x25015	Handfläche	CC-BY 2.0 (France) Attribution: tatoeba.org #2097 (CK) & #889 (MUIRIEL)
x25016	Gelenk	CC-BY 2.0 (France) Attribution: tatoeba.org #10127226 (sundown) & #2263422 (al_ex_an_der)
x25017	weltberühmt	CC-BY 2.0 (France) Attribution: tatoeba.org #1486987 (rkqb) & #1486988 (Pfirsichbaeumchen)
x25018	Teig	CC-BY 2.0 (France) Attribution: tatoeba.org #682178 (Source_VOA) & #734533 (al_ex_an_der)
x25019	Autofahren	CC-BY 2.0 (France) Attribution: tatoeba.org #1808160 (pne) & #1566678 (Esperantostern)
x25020	entfallen	CC-BY 2.0 (France) Attribution: tatoeba.org #3178580 (CK) & #787503 (Hans_Adler)
x25021	überschwemmen	CC-BY 2.0 (France) Attribution: tatoeba.org #395568 (CM) & #1165 (MUIRIEL)
x25022	Sicherheitsgurt	CC-BY 2.0 (France) Attribution: tatoeba.org #681983 (Source_VOA) & #1438880 (Esperantostern)
x25023	beglückwünschen	CC-BY 2.0 (France) Attribution: tatoeba.org #321781 (Scott) & #623531 (virgil)
x25024	monatlich	CC-BY 2.0 (France) Attribution: tatoeba.org #61008 (CM) & #403866 (xtofu80)
x25025	Geschehnis	CC-BY 2.0 (France) Attribution: tatoeba.org #3132944 (CK) & #6316430 (Pfirsichbaeumchen)
x25026	zerfressen	CC-BY 2.0 (France) Attribution: tatoeba.org #953488 (CK) & #1636528 (Sudajaengi)
x25027	Overall	CC-BY 2.0 (France) Attribution: tatoeba.org #10361664 (CK) & #11162774 (Oldman)
x25028	Anleihe	CC-BY 2.0 (France) Attribution: tatoeba.org #273291 (CM) & #652039 (Esperantostern)
x25029	innig	CC-BY 2.0 (France) Attribution: tatoeba.org #5364985 (Hybrid) & #9135628 (Pfirsichbaeumchen)
x25030	verbarrikadieren	CC-BY 2.0 (France) Attribution: tatoeba.org #9341143 (megamanenm) & #12419179 (Naina)
x25031	hochwertig	CC-BY 2.0 (France) Attribution: tatoeba.org #11838880 (sundown) & #401683 (MUIRIEL)
x25032	verneigen	CC-BY 2.0 (France) Attribution: tatoeba.org #300651 (CK) & #611795 (virgil)
x25033	räudig	CC-BY 2.0 (France) Attribution: tatoeba.org #5981180 (Hybrid) & #3503382 (Esperantostern)
x25034	verächtlich	CC-BY 2.0 (France) Attribution: tatoeba.org #289171 (CM) & #3306613 (Manfredo)
x25035	Abschiedsgeschenk	CC-BY 2.0 (France) Attribution: tatoeba.org #32185 (CM) & #657142 (al_ex_an_der)
x25036	Feuchtigkeit	CC-BY 2.0 (France) Attribution: tatoeba.org #247051 (CK) & #1842061 (Tamy)
x25037	widerwärtig	CC-BY 2.0 (France) Attribution: tatoeba.org #741535 (darinmex) & #797395 (al_ex_an_der)
x25038	Nickel	CC-BY 2.0 (France) Attribution: tatoeba.org #1109896 (jackloring) & #1109681 (Haehnchenpaella)
x25039	aufsagen	CC-BY 2.0 (France) Attribution: tatoeba.org #8910403 (sundown) & #8639328 (Melang)
x25040	Errungenschaft	CC-BY 2.0 (France) Attribution: tatoeba.org #954516 (CK) & #5384956 (7evenbananas)
x25041	wedeln	CC-BY 2.0 (France) Attribution: tatoeba.org #48220 (patgfisher) & #700907 (Esperantostern)
x25042	Landhaus	CC-BY 2.0 (France) Attribution: tatoeba.org #312959 (CK) & #1179203 (Sudajaengi)
x25043	Feueralarm	CC-BY 2.0 (France) Attribution: tatoeba.org #23849 (CK) & #7714975 (driini)
x25044	ungeeignet	CC-BY 2.0 (France) Attribution: tatoeba.org #11695295 (sundown) & #709770 (Esperantostern)
x25045	Landstraße	CC-BY 2.0 (France) Attribution: tatoeba.org #1304062 (CK) & #2531205 (Pfirsichbaeumchen)
x25046	Säugling	CC-BY 2.0 (France) Attribution: tatoeba.org #682260 (Source_VOA) & #1633286 (Pfirsichbaeumchen)
x25047	dämmern	CC-BY 2.0 (France) Attribution: tatoeba.org #283603 (CM) & #5503553 (Pfirsichbaeumchen)
x25048	detonieren	CC-BY 2.0 (France) Attribution: tatoeba.org #5244565 (Joseph) & #5246958 (Pfirsichbaeumchen)
x25049	Nächstenliebe	CC-BY 2.0 (France) Attribution: tatoeba.org #28714 (CK) & #441872 (xtofu80)
x25050	Rachen	CC-BY 2.0 (France) Attribution: tatoeba.org #35759 (CK) & #1250061 (Esperantostern)
x25051	Lügendetektor	CC-BY 2.0 (France) Attribution: tatoeba.org #632123 (darinmex) & #708242 (Esperantostern)
x25052	Schlafsaal	CC-BY 2.0 (France) Attribution: tatoeba.org #251410 (CK) & #1830713 (Tamy)
x25053	Wassermelone	CC-BY 2.0 (France) Attribution: tatoeba.org #55566 (CK) & #742644 (Manfredo)
x25054	nörgeln	CC-BY 2.0 (France) Attribution: tatoeba.org #286370 (CM) & #1649048 (Pfirsichbaeumchen)
x25055	verpetzen	CC-BY 2.0 (France) Attribution: tatoeba.org #321493 (CK) & #1341266 (Zaghawa)
x25056	schwindeln	CC-BY 2.0 (France) Attribution: tatoeba.org #2571167 (Hybrid) & #2571238 (brauchinet)
x25057	Tank	CC-BY 2.0 (France) Attribution: tatoeba.org #10555274 (sundown) & #760483 (Pfirsichbaeumchen)
x25058	Fiasko	CC-BY 2.0 (France) Attribution: tatoeba.org #1682713 (Spamster) & #1729734 (Pfirsichbaeumchen)
x25059	Alkoholikerin	CC-BY 2.0 (France) Attribution: tatoeba.org #757513 (sctld) & #699880 (Manfredo)
x25060	Kavalier	CC-BY 2.0 (France) Attribution: tatoeba.org #289305 (CK) & #8231457 (Pfirsichbaeumchen)
x25061	alleinerziehend	CC-BY 2.0 (France) Attribution: tatoeba.org #3822376 (CK) & #7459639 (Luiaard)
x25062	vergelten	CC-BY 2.0 (France) Attribution: tatoeba.org #2267561 (_undertoad) & #2294158 (Pfirsichbaeumchen)
x25063	tiefgründig	CC-BY 2.0 (France) Attribution: tatoeba.org #5737292 (CM) & #7706590 (MisterTrouser)
x25064	verdunkeln	CC-BY 2.0 (France) Attribution: tatoeba.org #5565100 (Hybrid) & #11078333 (Pfirsichbaeumchen)
x25065	schlussendlich	CC-BY 2.0 (France) Attribution: tatoeba.org #1127457 (Scott) & #4948436 (Pfirsichbaeumchen)
x25066	Trubel	CC-BY 2.0 (France) Attribution: tatoeba.org #2713331 (CK) & #11249494 (Chitra25)
x25067	auswärts	CC-BY 2.0 (France) Attribution: tatoeba.org #1186486 (CK) & #7360308 (Yorwba)
x25068	Etikett	CC-BY 2.0 (France) Attribution: tatoeba.org #3823193 (CK) & #4987784 (atwupack)
x25069	Mitarbeit	CC-BY 2.0 (France) Attribution: tatoeba.org #1742424 (belgavox) & #1131728 (MUIRIEL)
x25070	Zauberin	CC-BY 2.0 (France) Attribution: tatoeba.org #6074219 (Hybrid) & #6080903 (Pfirsichbaeumchen)
x25071	Rasenmäher	CC-BY 2.0 (France) Attribution: tatoeba.org #9763925 (CK) & #12952904 (Waldelfe)
x25072	Kokon	CC-BY 2.0 (France) Attribution: tatoeba.org #245173 (CK) & #589946 (cost)
x25073	Straßenecke	CC-BY 2.0 (France) Attribution: tatoeba.org #301685 (mamat) & #369259 (xtofu80)
x25074	Mango	CC-BY 2.0 (France) Attribution: tatoeba.org #1098729 (cntrational) & #1126525 (Esperantostern)
x25075	darlegen	CC-BY 2.0 (France) Attribution: tatoeba.org #272784 (CK) & #1698722 (al_ex_an_der)
x25076	getrocknet	CC-BY 2.0 (France) Attribution: tatoeba.org #991958 (CK) & #992815 (MUIRIEL)
x25077	Geschichtsbuch	CC-BY 2.0 (France) Attribution: tatoeba.org #56493 (CK) & #1753668 (Pfirsichbaeumchen)
x25078	Mietwagen	CC-BY 2.0 (France) Attribution: tatoeba.org #1229249 (Eldad) & #7161477 (Luiaard)
x25079	konstant	CC-BY 2.0 (France) Attribution: tatoeba.org #244708 (CM) & #615207 (samueldora)
x25080	Zusammenfassung	CC-BY 2.0 (France) Attribution: tatoeba.org #2949950 (Hybrid) & #2972371 (Pfirsichbaeumchen)
x25081	Violine	CC-BY 2.0 (France) Attribution: tatoeba.org #69795 (CK) & #8198636 (raggione)
x25082	reinhauen	CC-BY 2.0 (France) Attribution: tatoeba.org #11917928 (CK) & #12584158 (Waldelfe)
x25083	Milchshake	CC-BY 2.0 (France) Attribution: tatoeba.org #321433 (CK) & #742513 (Zaghawa)
x25084	nachprüfen	CC-BY 2.0 (France) Attribution: tatoeba.org #2300642 (CK) & #2917786 (raggione)
x25085	Kleber	CC-BY 2.0 (France) Attribution: tatoeba.org #2631795 (Joseph) & #8227513 (MisterTrouser)
x25086	Schnelligkeit	CC-BY 2.0 (France) Attribution: tatoeba.org #2946588 (patgfisher) & #2946549 (al_ex_an_der)
x25087	Unruhestifter	CC-BY 2.0 (France) Attribution: tatoeba.org #237614 (CK) & #719497 (Esperantostern)
x25088	Hochschule	CC-BY 2.0 (France) Attribution: tatoeba.org #1169643 (cruzedu73) & #1331059 (Espi)
x25089	Sandale	CC-BY 2.0 (France) Attribution: tatoeba.org #7045678 (Hybrid) & #7046813 (Pfirsichbaeumchen)
x25090	Quartal	CC-BY 2.0 (France) Attribution: tatoeba.org #282524 (SUZIE) & #2880198 (Pfirsichbaeumchen)
x25091	heuern	CC-BY 2.0 (France) Attribution: tatoeba.org #1740886 (Spamster) & #1743561 (Pfirsichbaeumchen)
x25092	wirbeln	CC-BY 2.0 (France) Attribution: tatoeba.org #265444 (Dejo) & #478414 (Ullalia)
x25093	brasilianisch	CC-BY 2.0 (France) Attribution: tatoeba.org #1214151 (CM) & #2372554 (Espi)
x25094	montags	CC-BY 2.0 (France) Attribution: tatoeba.org #12897393 (CK) & #12907862 (Waldelfe)
x25095	Durchmesser	CC-BY 2.0 (France) Attribution: tatoeba.org #4016450 (CK) & #6392346 (Pfirsichbaeumchen)
x25096	oberhalb	CC-BY 2.0 (France) Attribution: tatoeba.org #58432 (CK) & #2814073 (Tamy)
x25097	Schuster	CC-BY 2.0 (France) Attribution: tatoeba.org #681897 (Source_VOA) & #2205826 (Pfirsichbaeumchen)
x25098	Schaffner	CC-BY 2.0 (France) Attribution: tatoeba.org #2890266 (sharptoothed) & #3568934 (Trinkschokolade)
x25099	verblassen	CC-BY 2.0 (France) Attribution: tatoeba.org #2268056 (_undertoad) & #2291435 (Pfirsichbaeumchen)
x25100	Hilferuf	CC-BY 2.0 (France) Attribution: tatoeba.org #5754559 (CM) & #13505190 (Waldelfe)
x25101	verknüpfen	CC-BY 2.0 (France) Attribution: tatoeba.org #9539912 (sundown) & #1245541 (Esperantostern)
x25102	Wespe	CC-BY 2.0 (France) Attribution: tatoeba.org #9795602 (CK) & #12443894 (Waldelfe)
x25103	Telefonleitung	CC-BY 2.0 (France) Attribution: tatoeba.org #682450 (Source_VOA) & #682862 (al_ex_an_der)
x25104	herumtreiben	CC-BY 2.0 (France) Attribution: tatoeba.org #3008571 (CK) & #3009109 (Pfirsichbaeumchen)
x25105	Kammerjäger	CC-BY 2.0 (France) Attribution: tatoeba.org #2953638 (CK) & #4006671 (Esperantostern)
x25106	Mitgliedschaft	CC-BY 2.0 (France) Attribution: tatoeba.org #49184 (CK) & #1854245 (Tamy)
x25107	Busbahnhof	CC-BY 2.0 (France) Attribution: tatoeba.org #6713335 (Eccles17) & #836212 (Pfirsichbaeumchen)
x25108	Skrupel	CC-BY 2.0 (France) Attribution: tatoeba.org #12180745 (sundown) & #2491750 (al_ex_an_der)
x25109	Kandidatin	CC-BY 2.0 (France) Attribution: tatoeba.org #8311590 (CK) & #8359313 (Luiaard)
x25110	Delegation	CC-BY 2.0 (France) Attribution: tatoeba.org #325611 (CM) & #10159413 (Yorwba)
x25111	Harfe	CC-BY 2.0 (France) Attribution: tatoeba.org #6806514 (CK) & #8809307 (Melang)
x25112	Alleingang	CC-BY 2.0 (France) Attribution: tatoeba.org #1954813 (CK) & #1967804 (Pfirsichbaeumchen)
x25113	zutragen	CC-BY 2.0 (France) Attribution: tatoeba.org #1768904 (Spamster) & #1768951 (Pfirsichbaeumchen)
x25114	Bandage	CC-BY 2.0 (France) Attribution: tatoeba.org #316967 (CK) & #10847305 (Yorwba)
x25115	posieren	CC-BY 2.0 (France) Attribution: tatoeba.org #3308239 (CK) & #3814709 (Tickler)
x25116	Anziehung	CC-BY 2.0 (France) Attribution: tatoeba.org #5838575 (OsoHombre) & #8319366 (Tamy)
x25117	Gedächtnisverlust	CC-BY 2.0 (France) Attribution: tatoeba.org #285860 (CK) & #1796089 (Tamy)
x25118	Weltuntergang	CC-BY 2.0 (France) Attribution: tatoeba.org #1302780 (enteka) & #3881073 (raggione)
x25119	Baumhaus	CC-BY 2.0 (France) Attribution: tatoeba.org #2966140 (CM) & #4744003 (bonny37)
x25120	Hardware	CC-BY 2.0 (France) Attribution: tatoeba.org #777085 (CK) & #816171 (Esperantostern)
x25121	verbitten	CC-BY 2.0 (France) Attribution: tatoeba.org #1475934 (Dejo) & #1475935 (al_ex_an_der)
x25122	Notausgang	CC-BY 2.0 (France) Attribution: tatoeba.org #317955 (CK) & #365897 (Wolf)
x25123	Ausflucht	CC-BY 2.0 (France) Attribution: tatoeba.org #8219029 (Hybrid) & #8224417 (Pfirsichbaeumchen)
x25124	Zensur	CC-BY 2.0 (France) Attribution: tatoeba.org #10170230 (ddnktr) & #10170972 (Pfirsichbaeumchen)
x25125	rentieren	CC-BY 2.0 (France) Attribution: tatoeba.org #2710887 (freddy1) & #2710889 (freddy1)
x25126	Windmühle	CC-BY 2.0 (France) Attribution: tatoeba.org #9096870 (sundown) & #8801720 (Melang)
x25127	hinauszögern	CC-BY 2.0 (France) Attribution: tatoeba.org #1954712 (CK) & #1967530 (Pfirsichbaeumchen)
x25128	umwerfen	CC-BY 2.0 (France) Attribution: tatoeba.org #10612468 (sundown) & #10681142 (Pfirsichbaeumchen)
x25129	durchlöchern	CC-BY 2.0 (France) Attribution: tatoeba.org #1223075 (CK) & #10008063 (Melang)
x25130	niederlegen	CC-BY 2.0 (France) Attribution: tatoeba.org #2083429 (CM) & #8614996 (brauchinet)
x25131	kolumbianisch	CC-BY 2.0 (France) Attribution: tatoeba.org #804358 (Source_VOA) & #1047106 (Sudajaengi)
x25132	Heuchelei	CC-BY 2.0 (France) Attribution: tatoeba.org #248940 (CM) & #1220744 (xtofu80)
x25133	Pizzeria	CC-BY 2.0 (France) Attribution: tatoeba.org #8935848 (CK) & #9032643 (Pfirsichbaeumchen)
x25134	wahrhaben	CC-BY 2.0 (France) Attribution: tatoeba.org #2106122 (tonrobson) & #3277997 (raggione)
x25135	Provokation	CC-BY 2.0 (France) Attribution: tatoeba.org #9418762 (shekitten) & #12703927 (Yorwba)
x25136	Straftäter	CC-BY 2.0 (France) Attribution: tatoeba.org #680858 (Source_VOA) & #824724 (Pfirsichbaeumchen)
x25137	brandmarken	CC-BY 2.0 (France) Attribution: tatoeba.org #307340 (CM) & #783016 (Hans_Adler)
x25138	Beschuldigung	CC-BY 2.0 (France) Attribution: tatoeba.org #290764 (CK) & #3948525 (raggione)
x25139	Sonnenstrahl	CC-BY 2.0 (France) Attribution: tatoeba.org #26507 (CK) & #588705 (cost)
x25140	Reisepass	CC-BY 2.0 (France) Attribution: tatoeba.org #22193 (CK) & #943476 (Miyako)
x25141	Weinkeller	CC-BY 2.0 (France) Attribution: tatoeba.org #10240042 (sundown) & #2687122 (al_ex_an_der)
x25142	Schraubenschlüssel	CC-BY 2.0 (France) Attribution: tatoeba.org #10573516 (CK) & #7323208 (brauchinet)
x25143	gleichermaßen	CC-BY 2.0 (France) Attribution: tatoeba.org #10171196 (CK) & #10171520 (Pfirsichbaeumchen)
x25144	Raumstation	CC-BY 2.0 (France) Attribution: tatoeba.org #3135377 (patgfisher) & #3136322 (Pfirsichbaeumchen)
x25145	verspannen	CC-BY 2.0 (France) Attribution: tatoeba.org #4820899 (Hybrid) & #6154369 (Pfirsichbaeumchen)
x25146	Diktatur	CC-BY 2.0 (France) Attribution: tatoeba.org #9467863 (CK) & #9468290 (Pfirsichbaeumchen)
x25147	Warze	CC-BY 2.0 (France) Attribution: tatoeba.org #61324 (CM) & #11780487 (Yorwba)
x25148	zusammenführen	CC-BY 2.0 (France) Attribution: tatoeba.org #5737467 (CM) & #8453262 (Tamy)
x25149	abgewöhnen	CC-BY 2.0 (France) Attribution: tatoeba.org #51256 (jakov) & #843699 (jakov)
x25150	Einzug	CC-BY 2.0 (France) Attribution: tatoeba.org #8469542 (Hybrid) & #10125255 (Pfirsichbaeumchen)
x25151	Skifahren	CC-BY 2.0 (France) Attribution: tatoeba.org #322316 (CK) & #438727 (landano)
x25152	Tonfall	CC-BY 2.0 (France) Attribution: tatoeba.org #563730 (darinmex) & #10189903 (Yorwba)
x25153	eigensinnig	CC-BY 2.0 (France) Attribution: tatoeba.org #12065752 (CK) & #12065758 (brauchinet)
x25154	galant	CC-BY 2.0 (France) Attribution: tatoeba.org #10165501 (CK) & #10166034 (Pfirsichbaeumchen)
x25155	Spiegelei	CC-BY 2.0 (France) Attribution: tatoeba.org #2766914 (CK) & #3172114 (dinkel_girl)
x25156	Hürde	CC-BY 2.0 (France) Attribution: tatoeba.org #328561 (fcbond) & #722559 (xtofu80)
x25157	schlummern	CC-BY 2.0 (France) Attribution: tatoeba.org #1648882 (Spamster) & #1648884 (Pfirsichbaeumchen)
x25158	herausschneiden	CC-BY 2.0 (France) Attribution: tatoeba.org #805329 (Source_VOA) & #981895 (Esperantostern)
x25159	nachahmen	CC-BY 2.0 (France) Attribution: tatoeba.org #65173 (CM) & #1590919 (Zaghawa)
x25160	majestätisch	CC-BY 2.0 (France) Attribution: tatoeba.org #9365581 (Hybrid) & #10191884 (Pfirsichbaeumchen)
x25161	Saustall	CC-BY 2.0 (France) Attribution: tatoeba.org #5690229 (CK) & #5694138 (Pfirsichbaeumchen)
x25162	Überfluss	CC-BY 2.0 (France) Attribution: tatoeba.org #1738674 (belgavox) & #2034476 (al_ex_an_der)
x25163	Vergnügungspark	CC-BY 2.0 (France) Attribution: tatoeba.org #43527 (CK) & #464128 (xtofu80)
x25164	Hungersnot	CC-BY 2.0 (France) Attribution: tatoeba.org #45022 (CK) & #790738 (al_ex_an_der)
x25165	Fuchs	CC-BY 2.0 (France) Attribution: tatoeba.org #292060 (CM) & #594791 (samueldora)
x25166	Missionar	CC-BY 2.0 (France) Attribution: tatoeba.org #2259351 (_undertoad) & #2351966 (Pfirsichbaeumchen)
x25167	kicken	CC-BY 2.0 (France) Attribution: tatoeba.org #292705 (CK) & #341232 (MUIRIEL)
x25168	Handschlag	CC-BY 2.0 (France) Attribution: tatoeba.org #306477 (CK) & #1519395 (Espi)
x25169	Helium	CC-BY 2.0 (France) Attribution: tatoeba.org #2549565 (CK) & #3752071 (Jens_Odo)
x25170	Antikörper	CC-BY 2.0 (France) Attribution: tatoeba.org #680219 (Source_VOA) & #12423117 (Yorwba)
x25171	Guru	CC-BY 2.0 (France) Attribution: tatoeba.org #253191 (Zifre) & #1105527 (jast)
x25172	phänomenal	CC-BY 2.0 (France) Attribution: tatoeba.org #51856 (CM) & #13725233 (Waldelfe)
x25173	Steuererklärung	CC-BY 2.0 (France) Attribution: tatoeba.org #2315135 (CK) & #2907114 (raggione)
x25174	Ausgrabung	CC-BY 2.0 (France) Attribution: tatoeba.org #569049 (darinmex) & #12852837 (Yorwba)
x25175	anvisieren	CC-BY 2.0 (France) Attribution: tatoeba.org #315910 (CK) & #1393237 (al_ex_an_der)
x25176	Mandarin	CC-BY 2.0 (France) Attribution: tatoeba.org #1301951 (CK) & #8679302 (Melang)
x25177	seitlich	CC-BY 2.0 (France) Attribution: tatoeba.org #328744 (fcbond) & #12852882 (Yorwba)
x25178	Trinkwasser	CC-BY 2.0 (France) Attribution: tatoeba.org #44813 (CM) & #1911245 (Tamy)
x25179	weiterkämpfen	CC-BY 2.0 (France) Attribution: tatoeba.org #12762440 (CK) & #13480951 (Waldelfe)
x25180	Delle	CC-BY 2.0 (France) Attribution: tatoeba.org #8475236 (CK) & #8812500 (Pfirsichbaeumchen)
x25181	bezwecken	CC-BY 2.0 (France) Attribution: tatoeba.org #8982092 (sundown) & #1982169 (Alois)
x25182	islamisch	CC-BY 2.0 (France) Attribution: tatoeba.org #477053 (CK) & #478472 (Espi)
x25183	Mundgeruch	CC-BY 2.0 (France) Attribution: tatoeba.org #2527281 (CK) & #392851 (xtofu80)
x25184	Zwillingsbruder	CC-BY 2.0 (France) Attribution: tatoeba.org #2252490 (CK) & #2252504 (Vortarulo)
x25185	Müllhalde	CC-BY 2.0 (France) Attribution: tatoeba.org #9636935 (CK) & #9639899 (Pfirsichbaeumchen)
x25186	Cricket	CC-BY 2.0 (France) Attribution: tatoeba.org #681054 (Source_VOA) & #829536 (Esperantostern)
x25187	Aluminium	CC-BY 2.0 (France) Attribution: tatoeba.org #2465499 (Zaghawa) & #2302291 (Pfirsichbaeumchen)
x25188	seiden	CC-BY 2.0 (France) Attribution: tatoeba.org #2259112 (_undertoad) & #7796410 (raggione)
x25189	stetig	CC-BY 2.0 (France) Attribution: tatoeba.org #301519 (qdii) & #10322137 (Yorwba)
x25190	Moskito	CC-BY 2.0 (France) Attribution: tatoeba.org #32359 (CK) & #820109 (Pfirsichbaeumchen)
x25191	diktieren	CC-BY 2.0 (France) Attribution: tatoeba.org #294359 (CK) & #361096 (Kerstin)
x25192	tilgen	CC-BY 2.0 (France) Attribution: tatoeba.org #5215068 (Zurich899) & #2782403 (al_ex_an_der)
x25193	trampeln	CC-BY 2.0 (France) Attribution: tatoeba.org #2268042 (_undertoad) & #2291446 (Pfirsichbaeumchen)
x25194	Augenlicht	CC-BY 2.0 (France) Attribution: tatoeba.org #476191 (CK) & #2705317 (Pfirsichbaeumchen)
x25195	Leier	CC-BY 2.0 (France) Attribution: tatoeba.org #706992 (papabear) & #5503929 (Pfirsichbaeumchen)
x25196	Oberkommando	CC-BY 2.0 (France) Attribution: tatoeba.org #2268174 (_undertoad) & #2290507 (Pfirsichbaeumchen)
x25197	Besichtigung	CC-BY 2.0 (France) Attribution: tatoeba.org #21278 (CK) & #1652737 (Pfirsichbaeumchen)
x25198	Küchenchef	CC-BY 2.0 (France) Attribution: tatoeba.org #1912010 (Spamster) & #1918649 (Pfirsichbaeumchen)
x25199	Kabelfernsehen	CC-BY 2.0 (France) Attribution: tatoeba.org #8817540 (CK) & #11816452 (Pfirsichbaeumchen)
x25200	Hochmut	CC-BY 2.0 (France) Attribution: tatoeba.org #303650 (CM) & #1530226 (Pfirsichbaeumchen)
x25201	Käsekuchen	CC-BY 2.0 (France) Attribution: tatoeba.org #942469 (spockofvulcan) & #1615400 (Pfirsichbaeumchen)
x25202	ergründen	CC-BY 2.0 (France) Attribution: tatoeba.org #10465243 (CK) & #10465249 (Pfirsichbaeumchen)
x25203	Münztelefon	CC-BY 2.0 (France) Attribution: tatoeba.org #1886497 (CK) & #2107819 (Pfirsichbaeumchen)
x25204	Zahnspange	CC-BY 2.0 (France) Attribution: tatoeba.org #322885 (CK) & #1358063 (Manfredo)
x25205	Kalb	CC-BY 2.0 (France) Attribution: tatoeba.org #723211 (darinmex) & #2169233 (Vortarulo)
x25206	Groschen	CC-BY 2.0 (France) Attribution: tatoeba.org #470044 (CM) & #470052 (Espi)
x25207	verwählen	CC-BY 2.0 (France) Attribution: tatoeba.org #51481 (CK) & #2242500 (Pfirsichbaeumchen)
x25208	Übereinkunft	CC-BY 2.0 (France) Attribution: tatoeba.org #47933 (CM) & #2061214 (Zaghawa)
x25209	Makel	CC-BY 2.0 (France) Attribution: tatoeba.org #61050 (Zifre) & #367208 (lilygilder)
x25210	Lederjacke	CC-BY 2.0 (France) Attribution: tatoeba.org #10632056 (CK) & #10632313 (Pfirsichbaeumchen)
x25211	Wartezeit	CC-BY 2.0 (France) Attribution: tatoeba.org #72462 (CK) & #2772926 (al_ex_an_der)
x25212	Garnele	CC-BY 2.0 (France) Attribution: tatoeba.org #10229975 (carlosalberto) & #13716510 (Naina)
x25213	flennen	CC-BY 2.0 (France) Attribution: tatoeba.org #5132662 (CK) & #5133468 (dispy)
x25214	ungehobelt	CC-BY 2.0 (France) Attribution: tatoeba.org #261290 (CK) & #2296045 (Pfirsichbaeumchen)
x25215	Brezel	CC-BY 2.0 (France) Attribution: tatoeba.org #11899664 (CK) & #12511890 (Naina)
x25216	lackieren	CC-BY 2.0 (France) Attribution: tatoeba.org #1225283 (CK) & #1278812 (PeterR)
x25217	rinnen	CC-BY 2.0 (France) Attribution: tatoeba.org #18360 (CK) & #1206363 (Esperantostern)
x25218	Heimatland	CC-BY 2.0 (France) Attribution: tatoeba.org #11903459 (DJ_Saidez) & #12574562 (Waldelfe)
x25219	Liebling	CC-BY 2.0 (France) Attribution: tatoeba.org #4144786 (Hybrid) & #5857046 (raggione)
x25220	Geldgeber	CC-BY 2.0 (France) Attribution: tatoeba.org #12219271 (CK) & #12660834 (Waldelfe)
x25221	Entzündung	CC-BY 2.0 (France) Attribution: tatoeba.org #10575266 (sundown) & #7863781 (brauchinet)
x25222	verstauen	CC-BY 2.0 (France) Attribution: tatoeba.org #10236661 (ddnktr) & #12525030 (Yorwba)
x25223	willigen	CC-BY 2.0 (France) Attribution: tatoeba.org #5958373 (CK) & #12553223 (Waldelfe)
x25224	Bettwäsche	CC-BY 2.0 (France) Attribution: tatoeba.org #11957759 (sundown) & #7824980 (list)
x25225	Lektüre	CC-BY 2.0 (France) Attribution: tatoeba.org #1439736 (CK) & #1789973 (Pfirsichbaeumchen)
x25226	Vorbehalt	CC-BY 2.0 (France) Attribution: tatoeba.org #324726 (CK) & #1360225 (Pfirsichbaeumchen)
x25227	verschanzen	CC-BY 2.0 (France) Attribution: tatoeba.org #417953 (blay_paul) & #439125 (xtofu80)
x25228	quittieren	CC-BY 2.0 (France) Attribution: tatoeba.org #435792 (CK) & #5066807 (al_ex_an_der)
x25229	Gleichheit	CC-BY 2.0 (France) Attribution: tatoeba.org #320163 (CK) & #691942 (Manfredo)
x25230	Patent	CC-BY 2.0 (France) Attribution: tatoeba.org #1795650 (Spamster) & #1795766 (al_ex_an_der)
x25231	Vielzahl	CC-BY 2.0 (France) Attribution: tatoeba.org #246602 (CK) & #2769095 (Pfirsichbaeumchen)
x25232	Roulette	CC-BY 2.0 (France) Attribution: tatoeba.org #1136982 (CM) & #3496460 (Pfirsichbaeumchen)
x25233	Draufgänger	CC-BY 2.0 (France) Attribution: tatoeba.org #71980 (CK) & #659132 (Pfirsichbaeumchen)
x25234	Apostel	CC-BY 2.0 (France) Attribution: tatoeba.org #1615317 (kerbear407) & #1002068 (MUIRIEL)
x25235	Gottheit	CC-BY 2.0 (France) Attribution: tatoeba.org #58959 (CM) & #1812404 (Tamy)
x25236	verfassen	CC-BY 2.0 (France) Attribution: tatoeba.org #2764025 (CM) & #2914647 (al_ex_an_der)
x25237	schrill	CC-BY 2.0 (France) Attribution: tatoeba.org #280691 (CK) & #630342 (BraveSentry)
x25238	werdend	CC-BY 2.0 (France) Attribution: tatoeba.org #1688952 (belgavox) & #3549669 (Pfirsichbaeumchen)
x25239	heimisch	CC-BY 2.0 (France) Attribution: tatoeba.org #271470 (CM) & #4192345 (raggione)
x25240	unbezahlt	CC-BY 2.0 (France) Attribution: tatoeba.org #2530652 (CK) & #2530794 (raggione)
x25241	Sinneswandel	CC-BY 2.0 (France) Attribution: tatoeba.org #1989653 (Spamster) & #10109022 (wolfgangth)
x25242	kopfüber	CC-BY 2.0 (France) Attribution: tatoeba.org #2222175 (freddy1) & #2222178 (freddy1)
x25243	Heimkehr	CC-BY 2.0 (France) Attribution: tatoeba.org #302592 (CK) & #3168548 (Pfirsichbaeumchen)
x25244	geleiten	CC-BY 2.0 (France) Attribution: tatoeba.org #49876 (CK) & #12407807 (mayabe)
x25245	Imitation	CC-BY 2.0 (France) Attribution: tatoeba.org #291293 (CK) & #2233628 (freddy1)
x25246	fernbleiben	CC-BY 2.0 (France) Attribution: tatoeba.org #11249230 (mutskt) & #1952428 (Pfirsichbaeumchen)
x25247	entledigen	CC-BY 2.0 (France) Attribution: tatoeba.org #289807 (CK) & #1496049 (duke)
x25248	Lakai	CC-BY 2.0 (France) Attribution: tatoeba.org #940486 (sacredceltic) & #940487 (Fingerhut)
x25249	Wunderkind	CC-BY 2.0 (France) Attribution: tatoeba.org #6473510 (Hybrid) & #7716681 (Pfirsichbaeumchen)
x25250	Rauschgift	CC-BY 2.0 (France) Attribution: tatoeba.org #1963163 (CK) & #1963947 (Pfirsichbaeumchen)
x25251	abrupt	CC-BY 2.0 (France) Attribution: tatoeba.org #46814 (CM) & #1423228 (al_ex_an_der)
x25252	Regenmantel	CC-BY 2.0 (France) Attribution: tatoeba.org #2639773 (CK) & #2769353 (Pfirsichbaeumchen)
x25253	Polizeiauto	CC-BY 2.0 (France) Attribution: tatoeba.org #35134 (CK) & #13482944 (Vortarulo)
x25254	Nachrichtendienst	CC-BY 2.0 (France) Attribution: tatoeba.org #1886763 (CK) & #2064411 (Pfirsichbaeumchen)
x25255	Nelke	CC-BY 2.0 (France) Attribution: tatoeba.org #11838978 (sundown) & #780884 (MUIRIEL)
x25256	Schnittwunde	CC-BY 2.0 (France) Attribution: tatoeba.org #680378 (Source_VOA) & #1706864 (al_ex_an_der)
x25257	Unze	CC-BY 2.0 (France) Attribution: tatoeba.org #680982 (Source_VOA) & #2677871 (Zaghawa)
x25258	Wertschätzung	CC-BY 2.0 (France) Attribution: tatoeba.org #9826639 (CK) & #12207341 (mayabe)
x25259	Vandalismus	CC-BY 2.0 (France) Attribution: tatoeba.org #2327297 (Hybrid) & #2327388 (Tamy)
x25260	Fete	CC-BY 2.0 (France) Attribution: tatoeba.org #1723691 (Spamster) & #1724037 (Pfirsichbaeumchen)
x25261	Camper	CC-BY 2.0 (France) Attribution: tatoeba.org #953489 (CK) & #1916532 (Tamy)
x25262	Tapete	CC-BY 2.0 (France) Attribution: tatoeba.org #1597388 (trieuho) & #5662566 (raggione)
x25263	Taler	CC-BY 2.0 (France) Attribution: tatoeba.org #73206 (CK) & #8072519 (Pfirsichbaeumchen)
x25264	Attrappe	CC-BY 2.0 (France) Attribution: tatoeba.org #954229 (CK) & #6804688 (Pfirsichbaeumchen)
x25265	anschreiben	CC-BY 2.0 (France) Attribution: tatoeba.org #2269056 (_undertoad) & #2289408 (Pfirsichbaeumchen)
x25266	auschecken	CC-BY 2.0 (France) Attribution: tatoeba.org #9806690 (CK) & #12651437 (Waldelfe)
x25267	fungieren	CC-BY 2.0 (France) Attribution: tatoeba.org #49159 (CK) & #1854212 (Tamy)
x25268	verspäten	CC-BY 2.0 (France) Attribution: tatoeba.org #315791 (mamat) & #5390395 (Yakuwari)
x25269	Ebenbild	CC-BY 2.0 (France) Attribution: tatoeba.org #319410 (CK) & #1109083 (jast)
x25270	Ernennung	CC-BY 2.0 (France) Attribution: tatoeba.org #295167 (CK) & #3135541 (Pfirsichbaeumchen)
x25271	Kruste	CC-BY 2.0 (France) Attribution: tatoeba.org #11122114 (CM) & #12402853 (Yorwba)
x25272	verlernen	CC-BY 2.0 (France) Attribution: tatoeba.org #8387297 (Luiaard) & #8084944 (Luiaard)
x25273	Plastiktüte	CC-BY 2.0 (France) Attribution: tatoeba.org #689905 (ulyssemc1) & #711585 (Esperantostern)
x25274	verantwortungsbewusst	CC-BY 2.0 (France) Attribution: tatoeba.org #4983586 (CK) & #8140434 (Pfirsichbaeumchen)
x25275	verordnen	CC-BY 2.0 (France) Attribution: tatoeba.org #27977 (CK) & #2523232 (Zaghawa)
x25276	Tube	CC-BY 2.0 (France) Attribution: tatoeba.org #682251 (Source_VOA) & #714675 (Pfirsichbaeumchen)
x25277	Überzahl	CC-BY 2.0 (France) Attribution: tatoeba.org #807148 (Source_VOA) & #2869685 (Dani6187)
x25278	vernarren	CC-BY 2.0 (France) Attribution: tatoeba.org #299895 (CM) & #660595 (samueldora)
x25279	Wettrennen	CC-BY 2.0 (France) Attribution: tatoeba.org #4121141 (Hybrid) & #4121469 (Pfirsichbaeumchen)
x25280	Klingelton	CC-BY 2.0 (France) Attribution: tatoeba.org #3757121 (patgfisher) & #3755351 (Jens_Odo)
x25281	Rechtfertigung	CC-BY 2.0 (France) Attribution: tatoeba.org #482678 (blay_paul) & #369661 (xtofu80)
x25282	Anwohner	CC-BY 2.0 (France) Attribution: tatoeba.org #266481 (CK) & #770459 (Esperantostern)
x25283	Diagramm	CC-BY 2.0 (France) Attribution: tatoeba.org #58311 (CK) & #602988 (BraveSentry)
x25284	Messung	CC-BY 2.0 (France) Attribution: tatoeba.org #680864 (Source_VOA) & #824731 (Pfirsichbaeumchen)
x25285	Abschlussprüfung	CC-BY 2.0 (France) Attribution: tatoeba.org #243965 (CK) & #3031247 (Pfirsichbaeumchen)
x25286	Optimist	CC-BY 2.0 (France) Attribution: tatoeba.org #10899991 (CM) & #12552852 (Waldelfe)
x25287	Eigentumswohnung	CC-BY 2.0 (France) Attribution: tatoeba.org #283296 (CS) & #1311077 (Pfirsichbaeumchen)
x25288	überhören	CC-BY 2.0 (France) Attribution: tatoeba.org #11180637 (sundown) & #1506546 (PeterR)
x25289	bleibend	CC-BY 2.0 (France) Attribution: tatoeba.org #681718 (Source_VOA) & #759077 (Pfirsichbaeumchen)
x25290	Rasierer	CC-BY 2.0 (France) Attribution: tatoeba.org #12296297 (CK) & #12584415 (Waldelfe)
x25291	Hygiene	CC-BY 2.0 (France) Attribution: tatoeba.org #554331 (CM) & #1779132 (Espi)
x25292	Elternhaus	CC-BY 2.0 (France) Attribution: tatoeba.org #2160877 (Hybrid) & #2189795 (Pfirsichbaeumchen)
x25293	aufsitzen	CC-BY 2.0 (France) Attribution: tatoeba.org #1437119 (CK) & #1790602 (Pfirsichbaeumchen)
x25294	Aufbruch	CC-BY 2.0 (France) Attribution: tatoeba.org #5728991 (CM) & #12825199 (Yorwba)
x25295	Unwissenheit	CC-BY 2.0 (France) Attribution: tatoeba.org #10221625 (sundown) & #2409391 (Esperantostern)
x25296	Doktortitel	CC-BY 2.0 (France) Attribution: tatoeba.org #2266273 (_undertoad) & #5305848 (Sudajaengi)
x25297	Selbstwertgefühl	CC-BY 2.0 (France) Attribution: tatoeba.org #9984797 (shekitten) & #10201934 (wolfgangth)
x25298	Cholera	CC-BY 2.0 (France) Attribution: tatoeba.org #55015 (CK) & #1196815 (BraveSentry)
x25299	Synagoge	CC-BY 2.0 (France) Attribution: tatoeba.org #11831329 (shekitten) & #11831330 (Pfirsichbaeumchen)
x25300	Bienenstock	CC-BY 2.0 (France) Attribution: tatoeba.org #871291 (CM) & #899797 (Esperantostern)
x25301	Saite	CC-BY 2.0 (France) Attribution: tatoeba.org #2751136 (CK) & #2751260 (brauchinet)
x25302	hölzern	CC-BY 2.0 (France) Attribution: tatoeba.org #10022075 (sundown) & #8093545 (raggione)
x25303	abweichen	CC-BY 2.0 (France) Attribution: tatoeba.org #2025850 (CK) & #11767696 (Yorwba)
x25304	Schulzeit	CC-BY 2.0 (France) Attribution: tatoeba.org #319062 (CM) & #363390 (Wolf)
x25305	Geleit	CC-BY 2.0 (France) Attribution: tatoeba.org #57152 (CK) & #2619054 (Tamy)
x25306	Bettlaken	CC-BY 2.0 (France) Attribution: tatoeba.org #1870097 (Amastan) & #2999888 (pne)
x25307	schläfrig	CC-BY 2.0 (France) Attribution: tatoeba.org #275010 (CM) & #524541 (samueldora)
x25308	Selbstgespräch	CC-BY 2.0 (France) Attribution: tatoeba.org #2893200 (CK) & #4760654 (raggione)
x25309	Vorgarten	CC-BY 2.0 (France) Attribution: tatoeba.org #2592800 (WestofEden) & #3275320 (raggione)
x25310	Epoche	CC-BY 2.0 (France) Attribution: tatoeba.org #279905 (CK) & #689222 (Manfredo)
x25311	Fuge	CC-BY 2.0 (France) Attribution: tatoeba.org #9086279 (sundown) & #8643588 (Melang)
x25312	Dokumentarfilm	CC-BY 2.0 (France) Attribution: tatoeba.org #3311124 (CK) & #12217982 (mayabe)
x25313	Steuergeld	CC-BY 2.0 (France) Attribution: tatoeba.org #11884463 (CK) & #12882327 (Waldelfe)
x25314	festigen	CC-BY 2.0 (France) Attribution: tatoeba.org #241510 (CM) & #4355414 (raggione)
x25315	erwärmen	CC-BY 2.0 (France) Attribution: tatoeba.org #44202 (CK) & #2446239 (Tamy)
x25316	ermüden	CC-BY 2.0 (France) Attribution: tatoeba.org #2892203 (CK) & #6814084 (Pfirsichbaeumchen)
x25317	beharren	CC-BY 2.0 (France) Attribution: tatoeba.org #307324 (CM) & #522702 (Espi)
x25318	Fleischer	CC-BY 2.0 (France) Attribution: tatoeba.org #8397816 (CK) & #8888000 (mramosch)
x25319	Schlagsahne	CC-BY 2.0 (France) Attribution: tatoeba.org #1937647 (Spamster) & #8082453 (Luiaard)
x25320	Schizophrenie	CC-BY 2.0 (France) Attribution: tatoeba.org #1841409 (Spamster) & #1841412 (Pfirsichbaeumchen)
x25321	Montagmorgen	CC-BY 2.0 (France) Attribution: tatoeba.org #10742858 (CK) & #10742956 (Pfirsichbaeumchen)
x25322	Ratgeber	CC-BY 2.0 (France) Attribution: tatoeba.org #11966079 (sundown) & #3109548 (Pfirsichbaeumchen)
x25323	Unstimmigkeit	CC-BY 2.0 (France) Attribution: tatoeba.org #2252608 (CK) & #13508726 (Yorwba)
x25324	Anarchist	CC-BY 2.0 (France) Attribution: tatoeba.org #13055125 (rul) & #3419025 (al_ex_an_der)
x25325	Spritzer	CC-BY 2.0 (France) Attribution: tatoeba.org #2509401 (sharptoothed) & #3016531 (Pfirsichbaeumchen)
x25326	Zahnstocher	CC-BY 2.0 (France) Attribution: tatoeba.org #319452 (CK) & #682730 (Manfredo)
x25327	Halbschwester	CC-BY 2.0 (France) Attribution: tatoeba.org #7113962 (CM) & #6046948 (raggione)
x25328	Pelzmantel	CC-BY 2.0 (France) Attribution: tatoeba.org #317167 (CK) & #1835283 (Tamy)
x25329	Präzedenzfall	CC-BY 2.0 (France) Attribution: tatoeba.org #9139902 (sundown) & #1264761 (al_ex_an_der)
x25330	Telefongespräch	CC-BY 2.0 (France) Attribution: tatoeba.org #283344 (CK) & #1401473 (Zaghawa)
x25331	aufspielen	CC-BY 2.0 (France) Attribution: tatoeba.org #310407 (CM) & #1312379 (Morgengrauen)
x25332	fahrlässig	CC-BY 2.0 (France) Attribution: tatoeba.org #560313 (darinmex) & #763170 (Esperantostern)
x25333	Untergeschoss	CC-BY 2.0 (France) Attribution: tatoeba.org #6227477 (CK) & #7495839 (raggione)
x25334	Schnalle	CC-BY 2.0 (France) Attribution: tatoeba.org #56518 (CM) & #1528429 (Pfirsichbaeumchen)
x25335	Lokomotive	CC-BY 2.0 (France) Attribution: tatoeba.org #20470 (CK) & #1086954 (xtofu80)
x25336	Pickup	CC-BY 2.0 (France) Attribution: tatoeba.org #1525642 (CK) & #737217 (Zaghawa)
x25337	posttraumatisch	CC-BY 2.0 (France) Attribution: tatoeba.org #5677125 (zumley) & #3514866 (al_ex_an_der)
x25338	Frust	CC-BY 2.0 (France) Attribution: tatoeba.org #1839513 (CK) & #1848750 (Pfirsichbaeumchen)
x25339	Ignoranz	CC-BY 2.0 (France) Attribution: tatoeba.org #298848 (CM) & #573962 (al_ex_an_der)
x25340	Patron	CC-BY 2.0 (France) Attribution: tatoeba.org #58559 (CM) & #2830647 (Tamy)
x25341	Dampfer	CC-BY 2.0 (France) Attribution: tatoeba.org #8815894 (CK) & #8817332 (mramosch)
x25342	Sodbrennen	CC-BY 2.0 (France) Attribution: tatoeba.org #18950 (CK) & #714682 (Pfirsichbaeumchen)
x25343	Aufforderung	CC-BY 2.0 (France) Attribution: tatoeba.org #10736065 (CK) & #12117009 (Pfirsichbaeumchen)
x25344	Lichtgeschwindigkeit	CC-BY 2.0 (France) Attribution: tatoeba.org #296235 (CK) & #644381 (al_ex_an_der)
x25345	aufzählen	CC-BY 2.0 (France) Attribution: tatoeba.org #9229820 (CK) & #12882329 (Waldelfe)
x25346	anstreben	CC-BY 2.0 (France) Attribution: tatoeba.org #5735047 (CM) & #10773714 (GaryGaryGary)
x25347	Tofu	CC-BY 2.0 (France) Attribution: tatoeba.org #2761786 (Hybrid) & #2762817 (al_ex_an_der)
x25348	Anrecht	CC-BY 2.0 (France) Attribution: tatoeba.org #2406910 (CK) & #2407110 (Pfirsichbaeumchen)
x25349	Dickkopf	CC-BY 2.0 (France) Attribution: tatoeba.org #3820534 (CK) & #12086529 (Pfirsichbaeumchen)
x25350	Stickstoff	CC-BY 2.0 (France) Attribution: tatoeba.org #2079843 (MrShoval) & #2079844 (Pfirsichbaeumchen)
x25351	bekiffen	CC-BY 2.0 (France) Attribution: tatoeba.org #5829200 (CM) & #8466462 (Luiaard)
x25352	zwingend	CC-BY 2.0 (France) Attribution: tatoeba.org #8960933 (CK) & #12427923 (Waldelfe)
x25353	Bauplan	CC-BY 2.0 (France) Attribution: tatoeba.org #275746 (CK) & #2207197 (al_ex_an_der)
x25354	assimilieren	CC-BY 2.0 (France) Attribution: tatoeba.org #274791 (CM) & #629847 (Zaghawa)
x25355	tugendhaft	CC-BY 2.0 (France) Attribution: tatoeba.org #1107831 (Scott) & #2651707 (Pfirsichbaeumchen)
x25356	sonstig	CC-BY 2.0 (France) Attribution: tatoeba.org #8897193 (CK) & #8897847 (mramosch)
x25357	selbstgemacht	CC-BY 2.0 (France) Attribution: tatoeba.org #10742837 (CK) & #10742965 (Pfirsichbaeumchen)
x25358	Eingangstür	CC-BY 2.0 (France) Attribution: tatoeba.org #2253373 (_undertoad) & #2404431 (Pfirsichbaeumchen)
x25359	Egoismus	CC-BY 2.0 (France) Attribution: tatoeba.org #316360 (CM) & #911684 (uschi)
x25360	Intensität	CC-BY 2.0 (France) Attribution: tatoeba.org #302758 (CM) & #519508 (xtofu80)
x25361	Übeltäter	CC-BY 2.0 (France) Attribution: tatoeba.org #4494532 (CK) & #11780739 (Yorwba)
x25362	zugute	CC-BY 2.0 (France) Attribution: tatoeba.org #3393709 (Hybrid) & #10075001 (Pfirsichbaeumchen)
x25363	ungerade	CC-BY 2.0 (France) Attribution: tatoeba.org #13238598 (atitarev) & #13242516 (Yorwba)
x25364	Gremium	CC-BY 2.0 (France) Attribution: tatoeba.org #49663 (CM) & #449999 (Pfirsichbaeumchen)
x25365	Überschwemmung	CC-BY 2.0 (France) Attribution: tatoeba.org #11497763 (CK) & #12586651 (Waldelfe)
x25366	beisteuern	CC-BY 2.0 (France) Attribution: tatoeba.org #5462196 (CK) & #5962302 (raggione)
x25367	hinauswollen	CC-BY 2.0 (France) Attribution: tatoeba.org #7367660 (CM) & #12644300 (Waldelfe)
x25368	entgleiten	CC-BY 2.0 (France) Attribution: tatoeba.org #5965583 (thomsmells) & #4830179 (al_ex_an_der)
x25369	Sioux	CC-BY 2.0 (France) Attribution: tatoeba.org #805494 (Source_VOA) & #13594227 (Waldelfe)
x25370	Gegenseitigkeit	CC-BY 2.0 (France) Attribution: tatoeba.org #1806265 (Spamster) & #7369659 (Yorwba)
x25371	Bestseller	CC-BY 2.0 (France) Attribution: tatoeba.org #57032 (CK) & #2606237 (Tamy)
x25372	Stoßstange	CC-BY 2.0 (France) Attribution: tatoeba.org #10927876 (sundown) & #4331874 (raggione)
x25373	Chinesin	CC-BY 2.0 (France) Attribution: tatoeba.org #3204973 (evkon) & #804696 (Esperantostern)
x25374	Christentum	CC-BY 2.0 (France) Attribution: tatoeba.org #1214443 (CM) & #3201505 (Trebalor)
x25375	Ureinwohner	CC-BY 2.0 (France) Attribution: tatoeba.org #1783035 (Amastan) & #1878559 (samueldora)
x25376	Dichtung	CC-BY 2.0 (France) Attribution: tatoeba.org #305906 (CM) & #1008104 (Sudajaengi)
x25377	Immobilienmakler	CC-BY 2.0 (France) Attribution: tatoeba.org #3723498 (CM) & #11806782 (Pfirsichbaeumchen)
x25378	Delikatesse	CC-BY 2.0 (France) Attribution: tatoeba.org #253336 (CK) & #776229 (Manfredo)
x25379	aussaugen	CC-BY 2.0 (France) Attribution: tatoeba.org #9244235 (CK) & #10191419 (Pfirsichbaeumchen)
x25380	verbal	CC-BY 2.0 (France) Attribution: tatoeba.org #304382 (CM) & #649640 (Pfirsichbaeumchen)
x25381	Kochkunst	CC-BY 2.0 (France) Attribution: tatoeba.org #7426380 (Hybrid) & #8190894 (Pfirsichbaeumchen)
x25382	Amtszeit	CC-BY 2.0 (France) Attribution: tatoeba.org #737257 (zipangu) & #737302 (Pfirsichbaeumchen)
x25383	Wirtshaus	CC-BY 2.0 (France) Attribution: tatoeba.org #11952963 (sundown) & #6171276 (list)
x25384	Wohltätigkeit	CC-BY 2.0 (France) Attribution: tatoeba.org #2011548 (CK) & #6643494 (Felixjp)
x25385	Naturwissenschaft	CC-BY 2.0 (France) Attribution: tatoeba.org #2247298 (Hybrid) & #8227497 (MisterTrouser)
x25386	Baumstamm	CC-BY 2.0 (France) Attribution: tatoeba.org #10470491 (sundown) & #3418450 (al_ex_an_der)
x25387	Kleidungsstück	CC-BY 2.0 (France) Attribution: tatoeba.org #268352 (CK) & #642309 (Pfirsichbaeumchen)
x25388	Rowdy	CC-BY 2.0 (France) Attribution: tatoeba.org #10959297 (CM) & #12401591 (Naina)
x25389	humpeln	CC-BY 2.0 (France) Attribution: tatoeba.org #2548007 (CK) & #4126819 (Dani6187)
x25390	vermeintlich	CC-BY 2.0 (France) Attribution: tatoeba.org #12081603 (CK) & #12081681 (Pfirsichbaeumchen)
x25391	Vorschule	CC-BY 2.0 (France) Attribution: tatoeba.org #12266482 (CK) & #12612132 (Waldelfe)
x25392	Maser	CC-BY 2.0 (France) Attribution: tatoeba.org #7769226 (CK) & #7769231 (Pfirsichbaeumchen)
x25393	Glückseligkeit	CC-BY 2.0 (France) Attribution: tatoeba.org #2267453 (_undertoad) & #2297153 (Pfirsichbaeumchen)
x25394	Gesuch	CC-BY 2.0 (France) Attribution: tatoeba.org #681855 (Source_VOA) & #709480 (Esperantostern)
x25395	Absolvent	CC-BY 2.0 (France) Attribution: tatoeba.org #10864309 (CK) & #12693896 (Waldelfe)
x25396	zanken	CC-BY 2.0 (France) Attribution: tatoeba.org #8742932 (AlanF_US) & #8745769 (Yorwba)
x25397	Diele	CC-BY 2.0 (France) Attribution: tatoeba.org #6569068 (CK) & #12779255 (Yorwba)
x25398	Säugetier	CC-BY 2.0 (France) Attribution: tatoeba.org #10512891 (CK) & #12427842 (Waldelfe)
x25399	zwicken	CC-BY 2.0 (France) Attribution: tatoeba.org #3059397 (CK) & #3100553 (raggione)
x25400	Schlaflosigkeit	CC-BY 2.0 (France) Attribution: tatoeba.org #10012850 (sundown) & #9998526 (brauchinet)
x25401	Zimmernummer	CC-BY 2.0 (France) Attribution: tatoeba.org #4662375 (CK) & #938728 (MUIRIEL)
x25402	abwechselnd	CC-BY 2.0 (France) Attribution: tatoeba.org #4140584 (AlanF_US) & #768974 (BraveSentry)
x25403	vermessen	CC-BY 2.0 (France) Attribution: tatoeba.org #1699386 (Spamster) & #1708297 (al_ex_an_der)
x25404	Abhängigkeit	CC-BY 2.0 (France) Attribution: tatoeba.org #9192055 (Hybrid) & #10520001 (Pfirsichbaeumchen)
x25405	Kaktus	CC-BY 2.0 (France) Attribution: tatoeba.org #2898163 (AlanF_US) & #8050641 (Luiaard)
x25406	näherkommen	CC-BY 2.0 (France) Attribution: tatoeba.org #426615 (blay_paul) & #1632706 (Sudajaengi)
x25407	freundlicherweise	CC-BY 2.0 (France) Attribution: tatoeba.org #315205 (CK) & #370430 (Wolf)
x25408	zuleide	CC-BY 2.0 (France) Attribution: tatoeba.org #1723949 (Spamster) & #1726926 (Pfirsichbaeumchen)
x25409	Zahnseide	CC-BY 2.0 (France) Attribution: tatoeba.org #1360478 (Spamster) & #3895735 (Pfirsichbaeumchen)
x25410	Armbanduhr	CC-BY 2.0 (France) Attribution: tatoeba.org #17105 (Eldad) & #786572 (Hans_Adler)
x25411	Todesopfer	CC-BY 2.0 (France) Attribution: tatoeba.org #5374974 (CK) & #5377366 (Pfirsichbaeumchen)
x25412	Flop	CC-BY 2.0 (France) Attribution: tatoeba.org #35629 (CK) & #573090 (Manfredo)
x25413	Verwüstung	CC-BY 2.0 (France) Attribution: tatoeba.org #696935 (darinmex) & #12447858 (Waldelfe)
x25414	Strophe	CC-BY 2.0 (France) Attribution: tatoeba.org #1315801 (CK) & #1516927 (riotlake)
x25415	Känguru	CC-BY 2.0 (France) Attribution: tatoeba.org #16145 (deniko) & #901396 (al_ex_an_der)
x25416	überschlagen	CC-BY 2.0 (France) Attribution: tatoeba.org #2649638 (sharptoothed) & #3968691 (Dani6187)
x25417	zurückkaufen	CC-BY 2.0 (France) Attribution: tatoeba.org #2012456 (CK) & #10071877 (wolfgangth)
x25418	perfektionieren	CC-BY 2.0 (France) Attribution: tatoeba.org #316055 (CM) & #6294103 (Naina)
x25419	überfliegen	CC-BY 2.0 (France) Attribution: tatoeba.org #275464 (CM) & #856399 (xtofu80)
x25420	geschützt	CC-BY 2.0 (France) Attribution: tatoeba.org #566434 (CM) & #566437 (Pfirsichbaeumchen)
x25421	statisch	CC-BY 2.0 (France) Attribution: tatoeba.org #9638088 (CK) & #9638396 (Pfirsichbaeumchen)
x25422	knipsen	CC-BY 2.0 (France) Attribution: tatoeba.org #319558 (CK) & #485454 (Espi)
x25423	Stellung	CC-BY 2.0 (France) Attribution: tatoeba.org #11451328 (sundown) & #11563586 (Pfirsichbaeumchen)
x25424	Hintergedanke	CC-BY 2.0 (France) Attribution: tatoeba.org #290413 (CM) & #1023628 (Sudajaengi)
x25425	Ungewissheit	CC-BY 2.0 (France) Attribution: tatoeba.org #567950 (CM) & #568504 (lilygilder)
x25426	Taschendieb	CC-BY 2.0 (France) Attribution: tatoeba.org #238210 (CK) & #971138 (MUIRIEL)
x25427	Luftballon	CC-BY 2.0 (France) Attribution: tatoeba.org #2638772 (Joseph) & #12387916 (mayabe)
x25428	ländlich	CC-BY 2.0 (France) Attribution: tatoeba.org #1866502 (Spamster) & #3762022 (Pfirsichbaeumchen)
x25429	ökonomisch	CC-BY 2.0 (France) Attribution: tatoeba.org #10540279 (sundown) & #9855374 (Yorwba)
x25430	Eroberer	CC-BY 2.0 (France) Attribution: tatoeba.org #2264637 (_undertoad) & #2332893 (Pfirsichbaeumchen)
x25431	Schlachter	CC-BY 2.0 (France) Attribution: tatoeba.org #281023 (CM) & #2325271 (pne)
x25432	Visite	CC-BY 2.0 (France) Attribution: tatoeba.org #28019 (CK) & #4478732 (raggione)
x25433	Erwärmung	CC-BY 2.0 (France) Attribution: tatoeba.org #9602023 (CK) & #11833761 (Pfirsichbaeumchen)
x25434	tränken	CC-BY 2.0 (France) Attribution: tatoeba.org #2926856 (AlanF_US) & #5248545 (Pfirsichbaeumchen)
x25435	entsinnen	CC-BY 2.0 (France) Attribution: tatoeba.org #11814011 (CK) & #12755205 (Waldelfe)
x25436	ausgeprägt	CC-BY 2.0 (France) Attribution: tatoeba.org #308807 (CK) & #3175556 (Manfredo)
x25437	schaufeln	CC-BY 2.0 (France) Attribution: tatoeba.org #6570859 (Hybrid) & #6778874 (Pfirsichbaeumchen)
x25438	Schmarotzer	CC-BY 2.0 (France) Attribution: tatoeba.org #8384098 (shekitten) & #4958744 (Esperantostern)
x25439	Verstärker	CC-BY 2.0 (France) Attribution: tatoeba.org #10589238 (sundown) & #3477247 (brauchinet)
x25440	Surfer	CC-BY 2.0 (France) Attribution: tatoeba.org #11040570 (CK) & #12596564 (Waldelfe)
x25441	Brautkleid	CC-BY 2.0 (France) Attribution: tatoeba.org #12092663 (CK) & #12304854 (Yorwba)
x25442	Interessent	CC-BY 2.0 (France) Attribution: tatoeba.org #3001382 (CK) & #3349069 (Pfirsichbaeumchen)
x25443	Fehlverhalten	CC-BY 2.0 (France) Attribution: tatoeba.org #1344031 (Chrikaru) & #1710181 (Pfirsichbaeumchen)
x25444	erröten	CC-BY 2.0 (France) Attribution: tatoeba.org #2508031 (Hybrid) & #8702579 (Pfirsichbaeumchen)
x25445	hitzig	CC-BY 2.0 (France) Attribution: tatoeba.org #4541063 (Hybrid) & #4543557 (Pfirsichbaeumchen)
x25446	zweitklassig	CC-BY 2.0 (France) Attribution: tatoeba.org #311049 (CK) & #1555958 (Pfirsichbaeumchen)
x25447	Kittchen	CC-BY 2.0 (France) Attribution: tatoeba.org #2172859 (CM) & #2381374 (Zaghawa)
x25448	Einsturz	CC-BY 2.0 (France) Attribution: tatoeba.org #10685609 (CK) & #13350233 (Vortarulo)
x25449	jeher	CC-BY 2.0 (France) Attribution: tatoeba.org #10361172 (CK) & #10361183 (Pfirsichbaeumchen)
x25450	wußten	CC-BY 2.0 (France) Attribution: tatoeba.org #7129759 (CM) & #12910174 (Waldelfe)
x25451	Arbeitslosigkeit	CC-BY 2.0 (France) Attribution: tatoeba.org #57930 (CM) & #2758977 (Tamy)
x25452	Weihwasser	CC-BY 2.0 (France) Attribution: tatoeba.org #953270 (CK) & #5746494 (Pfirsichbaeumchen)
x25453	Gehaltsliste	CC-BY 2.0 (France) Attribution: tatoeba.org #292831 (CK) & #823348 (al_ex_an_der)
x25454	Feuerholz	CC-BY 2.0 (France) Attribution: tatoeba.org #6568018 (Hybrid) & #7030604 (Pfirsichbaeumchen)
x25455	Nationalhymne	CC-BY 2.0 (France) Attribution: tatoeba.org #6584864 (Hybrid) & #10463254 (Pfirsichbaeumchen)
x25456	verstimmen	CC-BY 2.0 (France) Attribution: tatoeba.org #9460256 (sundown) & #7861399 (manese)
x25457	Korsett	CC-BY 2.0 (France) Attribution: tatoeba.org #13564546 (rul) & #3786939 (Zaghawa)
x25458	Diabetiker	CC-BY 2.0 (France) Attribution: tatoeba.org #5852262 (CK) & #10065580 (wolfgangth)
x25459	Röntgenaufnahme	CC-BY 2.0 (France) Attribution: tatoeba.org #282236 (CK) & #2763625 (raggione)
x25460	zusammenpacken	CC-BY 2.0 (France) Attribution: tatoeba.org #8338179 (CK) & #8338183 (Pfirsichbaeumchen)
x25461	herausnehmen	CC-BY 2.0 (France) Attribution: tatoeba.org #9032862 (CK) & #9033148 (brauchinet)
x25462	gegnerisch	CC-BY 2.0 (France) Attribution: tatoeba.org #300848 (CK) & #948943 (cumori)
x25463	signalisieren	CC-BY 2.0 (France) Attribution: tatoeba.org #238098 (CK) & #5175259 (Pfirsichbaeumchen)
x25464	glitzern	CC-BY 2.0 (France) Attribution: tatoeba.org #3339193 (patgfisher) & #3339312 (Pfirsichbaeumchen)
x25465	sprießen	CC-BY 2.0 (France) Attribution: tatoeba.org #72839 (CM) & #538107 (xtofu80)
x25466	brüten	CC-BY 2.0 (France) Attribution: tatoeba.org #49846 (CM) & #1933428 (Ennocb)
x25467	Ungeduld	CC-BY 2.0 (France) Attribution: tatoeba.org #2801908 (patgfisher) & #2796463 (Pfirsichbaeumchen)
x25468	Eilmeldung	CC-BY 2.0 (France) Attribution: tatoeba.org #2707291 (Hybrid) & #2707685 (Pfirsichbaeumchen)
x25469	Menschenrecht	CC-BY 2.0 (France) Attribution: tatoeba.org #870556 (CM) & #1013896 (Sudajaengi)
x25470	Zwillingsschwester	CC-BY 2.0 (France) Attribution: tatoeba.org #1541447 (CM) & #2252499 (Vortarulo)
x25471	Verkehrsunfall	CC-BY 2.0 (France) Attribution: tatoeba.org #35252 (gin) & #641742 (Manfredo)
x25472	intellektuell	CC-BY 2.0 (France) Attribution: tatoeba.org #277055 (CM) & #8914597 (Pfirsichbaeumchen)
x25473	verpatzen	CC-BY 2.0 (France) Attribution: tatoeba.org #5389646 (CK) & #8060308 (Luiaard)
x25474	zunähen	CC-BY 2.0 (France) Attribution: tatoeba.org #64894 (CK) & #596358 (samueldora)
x25475	rhetorisch	CC-BY 2.0 (France) Attribution: tatoeba.org #7198746 (CK) & #3502212 (Pfirsichbaeumchen)
x25476	besprühen	CC-BY 2.0 (France) Attribution: tatoeba.org #46364 (CK) & #2198263 (Manfredo)
x25477	Bajonett	CC-BY 2.0 (France) Attribution: tatoeba.org #9016092 (CK) & #9017201 (Pfirsichbaeumchen)
x25478	übereinander	CC-BY 2.0 (France) Attribution: tatoeba.org #3287897 (CM) & #3288983 (freddy1)
x25479	Mittagszeit	CC-BY 2.0 (France) Attribution: tatoeba.org #7780531 (CK) & #7780936 (raggione)
x25480	Lautstärke	CC-BY 2.0 (France) Attribution: tatoeba.org #12868631 (CK) & #12907887 (Waldelfe)
x25481	Plattenspieler	CC-BY 2.0 (France) Attribution: tatoeba.org #11173968 (sundown) & #6865268 (benbika)
x25482	Blinker	CC-BY 2.0 (France) Attribution: tatoeba.org #2647627 (CK) & #4177353 (Pfirsichbaeumchen)
x25483	Gletscher	CC-BY 2.0 (France) Attribution: tatoeba.org #5322505 (Hybrid) & #6546163 (Pfirsichbaeumchen)
x25484	Klausel	CC-BY 2.0 (France) Attribution: tatoeba.org #11115525 (CM) & #11750336 (Yorwba)
x25485	Sichtung	CC-BY 2.0 (France) Attribution: tatoeba.org #3148083 (patgfisher) & #3150919 (Pfirsichbaeumchen)
x25486	Gallone	CC-BY 2.0 (France) Attribution: tatoeba.org #29527 (CK) & #636490 (samueldora)
x25487	herausragend	CC-BY 2.0 (France) Attribution: tatoeba.org #315823 (CK) & #3110784 (Pfirsichbaeumchen)
x25488	vergraulen	CC-BY 2.0 (France) Attribution: tatoeba.org #17338 (ingenius000) & #3530410 (Zaghawa)
x25489	empor	CC-BY 2.0 (France) Attribution: tatoeba.org #2548654 (CK) & #2871113 (Pfirsichbaeumchen)
x25490	Lebensmittelvergiftung	CC-BY 2.0 (France) Attribution: tatoeba.org #268765 (CK) & #1389887 (al_ex_an_der)
x25491	ehemals	CC-BY 2.0 (France) Attribution: tatoeba.org #41998 (CK) & #2450751 (Pfirsichbaeumchen)
x25492	Schiene	CC-BY 2.0 (France) Attribution: tatoeba.org #681838 (Source_VOA) & #756032 (Zaghawa)
x25493	Zeigefinger	CC-BY 2.0 (France) Attribution: tatoeba.org #11696245 (ddnktr) & #13245935 (Waldelfe)
x25494	Muttertag	CC-BY 2.0 (France) Attribution: tatoeba.org #1130706 (jdonnarumma) & #1144503 (Esperantostern)
x25495	Kilogramm	CC-BY 2.0 (France) Attribution: tatoeba.org #4538727 (mailohilohi) & #4884061 (Pfirsichbaeumchen)
x25496	Schulabschluss	CC-BY 2.0 (France) Attribution: tatoeba.org #1834893 (Aharlekyn) & #8671059 (driini)
x25497	Fernsehserie	CC-BY 2.0 (France) Attribution: tatoeba.org #1436361 (CK) & #1526062 (Pfirsichbaeumchen)
x25498	Etappe	CC-BY 2.0 (France) Attribution: tatoeba.org #4193795 (tinowls) & #4033070 (brauchinet)
x25499	herumstehen	CC-BY 2.0 (France) Attribution: tatoeba.org #1952010 (CK) & #1952412 (Pfirsichbaeumchen)
x25500	Fasan	CC-BY 2.0 (France) Attribution: tatoeba.org #67103 (CM) & #3089763 (Manfredo)
x25501	pflügen	CC-BY 2.0 (France) Attribution: tatoeba.org #7818707 (CK) & #7818812 (raggione)
x25502	Schlittschuh	CC-BY 2.0 (France) Attribution: tatoeba.org #1450192 (CM) & #1450360 (al_ex_an_der)
x25503	hereinlassen	CC-BY 2.0 (France) Attribution: tatoeba.org #6656205 (CK) & #12649482 (Waldelfe)
x25504	bekanntgeben	CC-BY 2.0 (France) Attribution: tatoeba.org #9454137 (CK) & #9455192 (Pfirsichbaeumchen)
x25505	vermindern	CC-BY 2.0 (France) Attribution: tatoeba.org #680642 (Source_VOA) & #2874184 (Pfirsichbaeumchen)
x25506	Brokkoli	CC-BY 2.0 (France) Attribution: tatoeba.org #6272793 (CK) & #6814095 (Pfirsichbaeumchen)
x25507	Foyer	CC-BY 2.0 (France) Attribution: tatoeba.org #6532404 (CK) & #8089199 (Luiaard)
x25508	Unterredung	CC-BY 2.0 (France) Attribution: tatoeba.org #1936459 (CK) & #2523283 (Zaghawa)
x25509	Nagellack	CC-BY 2.0 (France) Attribution: tatoeba.org #4413740 (maydoo) & #10650761 (Pfirsichbaeumchen)
x25510	Digger	CC-BY 2.0 (France) Attribution: tatoeba.org #11629658 (CK) & #13386960 (Vortarulo)
x25511	Sternzeichen	CC-BY 2.0 (France) Attribution: tatoeba.org #5797690 (Eccles17) & #8114948 (Pfirsichbaeumchen)
x25512	verwundern	CC-BY 2.0 (France) Attribution: tatoeba.org #285434 (CM) & #1228364 (Esperantostern)
x25513	Stätte	CC-BY 2.0 (France) Attribution: tatoeba.org #2270043 (_undertoad) & #2289368 (Pfirsichbaeumchen)
x25514	kostspielig	CC-BY 2.0 (France) Attribution: tatoeba.org #241220 (CM) & #524919 (Espi)
x25515	Krawall	CC-BY 2.0 (France) Attribution: tatoeba.org #2133392 (freddy1) & #2085257 (freddy1)
x25516	Kotelett	CC-BY 2.0 (France) Attribution: tatoeba.org #2230297 (Hybrid) & #12484864 (Yorwba)
x25517	regulieren	CC-BY 2.0 (France) Attribution: tatoeba.org #320211 (CK) & #483460 (xtofu80)
x25518	misslingen	CC-BY 2.0 (France) Attribution: tatoeba.org #10300060 (CK) & #10300238 (Pfirsichbaeumchen)
x25519	Vorschau	CC-BY 2.0 (France) Attribution: tatoeba.org #8171517 (Hybrid) & #12551876 (Waldelfe)
x25520	Menschenseele	CC-BY 2.0 (France) Attribution: tatoeba.org #10675880 (sundown) & #849782 (MUIRIEL)
x25521	tätowieren	CC-BY 2.0 (France) Attribution: tatoeba.org #9628343 (CK) & #13427266 (Waldelfe)
x25522	Laub	CC-BY 2.0 (France) Attribution: tatoeba.org #3316841 (CK) & #8153920 (Pfirsichbaeumchen)
x25523	Säuberung	CC-BY 2.0 (France) Attribution: tatoeba.org #28973 (blay_paul) & #663153 (kolonjano)
x25524	Wachturm	CC-BY 2.0 (France) Attribution: tatoeba.org #11784092 (CK) & #13422132 (Waldelfe)
x25525	deportieren	CC-BY 2.0 (France) Attribution: tatoeba.org #5975602 (CK) & #13397430 (Waldelfe)
x25526	stutzen	CC-BY 2.0 (France) Attribution: tatoeba.org #1961282 (CK) & #12116302 (Pfirsichbaeumchen)
x25527	vorangehen	CC-BY 2.0 (France) Attribution: tatoeba.org #1553411 (CK) & #1688305 (Pfirsichbaeumchen)
x25528	Duett	CC-BY 2.0 (France) Attribution: tatoeba.org #7733403 (CK) & #8064852 (driini)
x25529	Sonnenbrand	CC-BY 2.0 (France) Attribution: tatoeba.org #281136 (CK) & #347977 (lilygilder)
x25530	nunmehr	CC-BY 2.0 (France) Attribution: tatoeba.org #35049 (U2FS) & #644005 (BraveSentry)
x25531	Gerichtsverfahren	CC-BY 2.0 (France) Attribution: tatoeba.org #682237 (Source_VOA) & #718691 (Pfirsichbaeumchen)
x25532	Tagung	CC-BY 2.0 (France) Attribution: tatoeba.org #1553525 (CK) & #8470612 (manese)
x25533	Bürgerrecht	CC-BY 2.0 (France) Attribution: tatoeba.org #805278 (Source_VOA) & #989692 (Esperantostern)
x25534	Kochbuch	CC-BY 2.0 (France) Attribution: tatoeba.org #6919725 (hadawayman) & #8473362 (Luiaard)
x25535	rasseln	CC-BY 2.0 (France) Attribution: tatoeba.org #493786 (CK) & #639975 (Pfirsichbaeumchen)
x25536	ablesen	CC-BY 2.0 (France) Attribution: tatoeba.org #3141854 (patgfisher) & #3141864 (raggione)
x25537	bestreben	CC-BY 2.0 (France) Attribution: tatoeba.org #295356 (CM) & #3076392 (Pfirsichbaeumchen)
x25538	Fahrschein	CC-BY 2.0 (France) Attribution: tatoeba.org #10676025 (sundown) & #4933367 (Hime)
x25539	Vermögen	CC-BY 2.0 (France) Attribution: tatoeba.org #292651 (CK) & #6964144 (Pfirsichbaeumchen)
x25540	Inkompetenz	CC-BY 2.0 (France) Attribution: tatoeba.org #2175941 (LittleBoy) & #2184282 (Tamy)
x25541	ungewohnt	CC-BY 2.0 (France) Attribution: tatoeba.org #1196791 (BraveSentry) & #1196448 (al_ex_an_der)
x25542	Holzkopf	CC-BY 2.0 (France) Attribution: tatoeba.org #2269457 (Hybrid) & #5949484 (Pfirsichbaeumchen)
x25543	stumpf	CC-BY 2.0 (France) Attribution: tatoeba.org #1683005 (Spamster) & #1683906 (Pfirsichbaeumchen)
x25544	entrinnen	CC-BY 2.0 (France) Attribution: tatoeba.org #1324157 (Scott) & #1340573 (al_ex_an_der)
x25545	schlicht	CC-BY 2.0 (France) Attribution: tatoeba.org #2512858 (sharptoothed) & #2911856 (Pfirsichbaeumchen)
x25546	Begebenheit	CC-BY 2.0 (France) Attribution: tatoeba.org #57257 (CK) & #657353 (al_ex_an_der)
x25547	würzen	CC-BY 2.0 (France) Attribution: tatoeba.org #25750 (Eldad) & #693844 (Esperantostern)
x25548	nichtsnutzig	CC-BY 2.0 (France) Attribution: tatoeba.org #433739 (CK) & #10111549 (Vortarulo)
x25549	Wettstreit	CC-BY 2.0 (France) Attribution: tatoeba.org #6558842 (Hybrid) & #6558895 (Pfirsichbaeumchen)
x25550	Schwätzer	CC-BY 2.0 (France) Attribution: tatoeba.org #1824996 (Eldad) & #3702320 (Pfirsichbaeumchen)
x25551	Schweinestall	CC-BY 2.0 (France) Attribution: tatoeba.org #348621 (TRANG) & #457012 (Espi)
x25552	Belegschaft	CC-BY 2.0 (France) Attribution: tatoeba.org #274803 (CM) & #436049 (xtofu80)
x25553	Zusammenkunft	CC-BY 2.0 (France) Attribution: tatoeba.org #9994371 (CK) & #9994432 (Pfirsichbaeumchen)
x25554	Eingebung	CC-BY 2.0 (France) Attribution: tatoeba.org #5144360 (strangeanalyst) & #8047373 (Pfirsichbaeumchen)
x25555	Immigrant	CC-BY 2.0 (France) Attribution: tatoeba.org #274791 (CM) & #629847 (Zaghawa)
x25556	veralbern	CC-BY 2.0 (France) Attribution: tatoeba.org #612039 (CK) & #723250 (Esperantostern)
x25557	herumkommandieren	CC-BY 2.0 (France) Attribution: tatoeba.org #2276454 (CK) & #4038698 (Dani6187)
x25558	herausziehen	CC-BY 2.0 (France) Attribution: tatoeba.org #9203621 (CK) & #12274785 (Pfirsichbaeumchen)
x25559	gefrieren	CC-BY 2.0 (France) Attribution: tatoeba.org #270794 (CM) & #1053467 (MUIRIEL)
x25560	provisorisch	CC-BY 2.0 (France) Attribution: tatoeba.org #4076862 (Hybrid) & #4079752 (Pfirsichbaeumchen)
x25561	Körpertemperatur	CC-BY 2.0 (France) Attribution: tatoeba.org #329333 (fcbond) & #11792178 (Yorwba)
x25562	Privatbesitz	CC-BY 2.0 (France) Attribution: tatoeba.org #681798 (Source_VOA) & #756076 (Pfirsichbaeumchen)
x25563	Untertreibung	CC-BY 2.0 (France) Attribution: tatoeba.org #8577768 (CM) & #8577764 (Pfirsichbaeumchen)
x25564	Lungenkrebs	CC-BY 2.0 (France) Attribution: tatoeba.org #282471 (CM) & #1783300 (Pfirsichbaeumchen)
x25565	hierauf	CC-BY 2.0 (France) Attribution: tatoeba.org #3596737 (CK) & #3596738 (Pfirsichbaeumchen)
x25566	Erwähnung	CC-BY 2.0 (France) Attribution: tatoeba.org #287652 (Dejo) & #5805868 (dasbeispielholz)
x25567	Beweggrund	CC-BY 2.0 (France) Attribution: tatoeba.org #5747066 (CM) & #5796679 (raggione)
x25568	herausbringen	CC-BY 2.0 (France) Attribution: tatoeba.org #44330 (CM) & #2467654 (Tamy)
x25569	hinauswerfen	CC-BY 2.0 (France) Attribution: tatoeba.org #2258772 (_undertoad) & #2365547 (Pfirsichbaeumchen)
x25570	genieren	CC-BY 2.0 (France) Attribution: tatoeba.org #8816045 (CK) & #8816053 (brauchinet)
x25571	Baumarkt	CC-BY 2.0 (France) Attribution: tatoeba.org #5366350 (CK) & #5368993 (Pfirsichbaeumchen)
x25572	Betonung	CC-BY 2.0 (France) Attribution: tatoeba.org #72219 (cburgmer) & #366484 (cburgmer)
x25573	Sporthalle	CC-BY 2.0 (France) Attribution: tatoeba.org #301136 (CK) & #2153229 (Vortarulo)
x25574	Wendepunkt	CC-BY 2.0 (France) Attribution: tatoeba.org #44611 (CM) & #1902405 (Tamy)
x25575	Unternehmung	CC-BY 2.0 (France) Attribution: tatoeba.org #909572 (CK) & #5805600 (Pfirsichbaeumchen)
x25576	bärtig	CC-BY 2.0 (France) Attribution: tatoeba.org #3115579 (Hybrid) & #4886991 (Pfirsichbaeumchen)
x25577	universell	CC-BY 2.0 (France) Attribution: tatoeba.org #1522144 (LittleBoy) & #1933301 (Ennocb)
x25578	frühestens	CC-BY 2.0 (France) Attribution: tatoeba.org #1661964 (avoidingrealwork) & #12450649 (Waldelfe)
x25579	Sonnenfinsternis	CC-BY 2.0 (France) Attribution: tatoeba.org #3552571 (CK) & #3552756 (Pfirsichbaeumchen)
x25580	Vergessenheit	CC-BY 2.0 (France) Attribution: tatoeba.org #285249 (CM) & #1492254 (Esperantostern)
x25581	Motte	CC-BY 2.0 (France) Attribution: tatoeba.org #42225 (CK) & #2124349 (Tamy)
x25582	Fragezeichen	CC-BY 2.0 (France) Attribution: tatoeba.org #2051864 (Eldad) & #2932524 (Pfirsichbaeumchen)
x25583	Autofahrer	CC-BY 2.0 (France) Attribution: tatoeba.org #293892 (CK) & #1513307 (Pfirsichbaeumchen)
x25584	Sweatshirt	CC-BY 2.0 (France) Attribution: tatoeba.org #60940 (CK) & #1500502 (Esperantostern)
x25585	entpuppen	CC-BY 2.0 (France) Attribution: tatoeba.org #286111 (CK) & #360883 (Kerstin)
x25586	halbieren	CC-BY 2.0 (France) Attribution: tatoeba.org #2711735 (sharptoothed) & #3842215 (Tickler)
x25587	einlaufen	CC-BY 2.0 (France) Attribution: tatoeba.org #1963152 (CK) & #1963919 (Pfirsichbaeumchen)
x25588	nachmachen	CC-BY 2.0 (France) Attribution: tatoeba.org #294449 (CK) & #785266 (al_ex_an_der)
x25589	Ausverkauf	CC-BY 2.0 (France) Attribution: tatoeba.org #1026969 (CK) & #3144255 (faehrmann)
x25590	Ladenbesitzer	CC-BY 2.0 (France) Attribution: tatoeba.org #8809614 (CK) & #8810684 (Pfirsichbaeumchen)
x25591	Tumult	CC-BY 2.0 (France) Attribution: tatoeba.org #3236014 (patgfisher) & #3236016 (Esperantostern)
x25592	Zehntel	CC-BY 2.0 (France) Attribution: tatoeba.org #10867745 (carlosalberto) & #2840838 (Esperantostern)
x25593	Wertsache	CC-BY 2.0 (France) Attribution: tatoeba.org #20153 (CK) & #2195473 (Tamy)
x25594	ehelichen	CC-BY 2.0 (France) Attribution: tatoeba.org #960123 (CK) & #960135 (Sudajaengi)
x25595	Geizhals	CC-BY 2.0 (France) Attribution: tatoeba.org #2653102 (Hybrid) & #2654062 (brauchinet)
x25596	Bergwerk	CC-BY 2.0 (France) Attribution: tatoeba.org #681478 (Source_VOA) & #775378 (Zaghawa)
x25597	Bungalow	CC-BY 2.0 (France) Attribution: tatoeba.org #6266310 (CK) & #12537142 (Yorwba)
x25598	Nilpferd	CC-BY 2.0 (France) Attribution: tatoeba.org #4718983 (hinto4) & #7500260 (Yorwba)
x25599	koreanisch	CC-BY 2.0 (France) Attribution: tatoeba.org #407860 (blay_paul) & #976044 (Esperantostern)
x25600	zusammenlegen	CC-BY 2.0 (France) Attribution: tatoeba.org #7733127 (CK) & #8064869 (driini)
x25601	überlisten	CC-BY 2.0 (France) Attribution: tatoeba.org #5897268 (Hybrid) & #4812438 (brauchinet)
x25602	Pünktlichkeit	CC-BY 2.0 (France) Attribution: tatoeba.org #22938 (CK) & #4943005 (Hans_Adler)
x25603	oftmals	CC-BY 2.0 (France) Attribution: tatoeba.org #51827 (CK) & #1766630 (Pfirsichbaeumchen)
x25604	Banjo	CC-BY 2.0 (France) Attribution: tatoeba.org #10465721 (CK) & #10465928 (Pfirsichbaeumchen)
x25605	Graben	CC-BY 2.0 (France) Attribution: tatoeba.org #663912 (bluepie88) & #663220 (kolonjano)
x25606	ausrücken	CC-BY 2.0 (France) Attribution: tatoeba.org #953803 (CK) & #8960698 (Pfirsichbaeumchen)
x25607	pudern	CC-BY 2.0 (France) Attribution: tatoeba.org #2221140 (Hybrid) & #2221148 (Pfirsichbaeumchen)
x25608	auseinanderreißen	CC-BY 2.0 (France) Attribution: tatoeba.org #11790541 (CK) & #12590846 (Waldelfe)
x25609	Gründung	CC-BY 2.0 (France) Attribution: tatoeba.org #305623 (CK) & #10032023 (Melang)
x25610	Lampenfieber	CC-BY 2.0 (France) Attribution: tatoeba.org #660428 (CK) & #656774 (BraveSentry)
x25611	reibungslos	CC-BY 2.0 (France) Attribution: tatoeba.org #273694 (CK) & #4896112 (raggione)
x25612	Fliese	CC-BY 2.0 (France) Attribution: tatoeba.org #9086279 (sundown) & #8643588 (Melang)
x25613	Gulden	CC-BY 2.0 (France) Attribution: tatoeba.org #73206 (CK) & #1530239 (Pfirsichbaeumchen)
x25614	Prärie	CC-BY 2.0 (France) Attribution: tatoeba.org #29397 (CK) & #3428876 (Pfirsichbaeumchen)
x25615	Sorgfalt	CC-BY 2.0 (France) Attribution: tatoeba.org #324354 (CK) & #2340193 (al_ex_an_der)
x25616	ausbringen	CC-BY 2.0 (France) Attribution: tatoeba.org #1936393 (CK) & #5298865 (Sudajaengi)
x25617	drosseln	CC-BY 2.0 (France) Attribution: tatoeba.org #681870 (Source_VOA) & #756007 (al_ex_an_der)
x25618	Falltür	CC-BY 2.0 (France) Attribution: tatoeba.org #12122896 (CK) & #12684956 (Waldelfe)
x25619	verhöhnen	CC-BY 2.0 (France) Attribution: tatoeba.org #292375 (CS) & #655249 (Pfirsichbaeumchen)
x25620	Feierlichkeit	CC-BY 2.0 (France) Attribution: tatoeba.org #254447 (CK) & #626995 (al_ex_an_der)
x25621	Geisteskrankheit	CC-BY 2.0 (France) Attribution: tatoeba.org #1553867 (Spamster) & #1600596 (Pfirsichbaeumchen)
x25622	Übertreibung	CC-BY 2.0 (France) Attribution: tatoeba.org #3375778 (CK) & #3376044 (freddy1)
x25623	versüßen	CC-BY 2.0 (France) Attribution: tatoeba.org #2955089 (CK) & #6865258 (benbika)
x25624	Gefolgsmann	CC-BY 2.0 (France) Attribution: tatoeba.org #9805687 (Igider) & #12815082 (Naina)
x25625	Sozialhilfe	CC-BY 2.0 (France) Attribution: tatoeba.org #258991 (CM) & #3033616 (pne)
x25626	Sperrgebiet	CC-BY 2.0 (France) Attribution: tatoeba.org #1401028 (CK) & #1813522 (Pfirsichbaeumchen)
x25627	Christin	CC-BY 2.0 (France) Attribution: tatoeba.org #2247884 (CK) & #2608231 (Pfirsichbaeumchen)
x25628	Leichtigkeit	CC-BY 2.0 (France) Attribution: tatoeba.org #291331 (CM) & #683793 (samueldora)
x25629	Geschoss	CC-BY 2.0 (France) Attribution: tatoeba.org #72897 (CK) & #788523 (Hans_Adler)
x25630	Lebensraum	CC-BY 2.0 (France) Attribution: tatoeba.org #10292372 (Hybrid) & #10292429 (Pfirsichbaeumchen)
x25631	Mittagsschlaf	CC-BY 2.0 (France) Attribution: tatoeba.org #2642195 (CK) & #2826916 (Pfirsichbaeumchen)
x25632	datieren	CC-BY 2.0 (France) Attribution: tatoeba.org #46767 (CK) & #13056913 (Yorwba)
x25633	paddeln	CC-BY 2.0 (France) Attribution: tatoeba.org #8589415 (CK) & #8888030 (mramosch)
x25634	Liebeslied	CC-BY 2.0 (France) Attribution: tatoeba.org #3258394 (CM) & #3749144 (Jens_Odo)
x25635	verpfänden	CC-BY 2.0 (France) Attribution: tatoeba.org #2266311 (_undertoad) & #2306958 (Pfirsichbaeumchen)
x25636	ablecken	CC-BY 2.0 (France) Attribution: tatoeba.org #830708 (papabear) & #931657 (Fingerhut)
x25637	ausschöpfen	CC-BY 2.0 (France) Attribution: tatoeba.org #12158166 (CK) & #12659383 (Waldelfe)
x25638	erblinden	CC-BY 2.0 (France) Attribution: tatoeba.org #241945 (CM) & #1825121 (pne)
x25639	Medizinstudent	CC-BY 2.0 (France) Attribution: tatoeba.org #293599 (CK) & #1559996 (Pfirsichbaeumchen)
x25640	ausgewachsen	CC-BY 2.0 (France) Attribution: tatoeba.org #3025813 (patgfisher) & #2590425 (al_ex_an_der)
x25641	Fairness	CC-BY 2.0 (France) Attribution: tatoeba.org #8510248 (CK) & #11763056 (Yorwba)
x25642	Olivenöl	CC-BY 2.0 (France) Attribution: tatoeba.org #11849370 (Adelpa) & #9003748 (Tamy)
x25643	Sonnabend	CC-BY 2.0 (France) Attribution: tatoeba.org #661572 (mervegorus) & #662075 (stefz)
x25644	Weltfrieden	CC-BY 2.0 (France) Attribution: tatoeba.org #23432 (CK) & #486158 (xtofu80)
x25645	Celsius	CC-BY 2.0 (France) Attribution: tatoeba.org #9439949 (shekitten) & #12697479 (Vortarulo)
x25646	Rückenschmerz	CC-BY 2.0 (France) Attribution: tatoeba.org #953744 (CK) & #3367011 (Pfirsichbaeumchen)
x25647	Duo	CC-BY 2.0 (France) Attribution: tatoeba.org #5358310 (Hybrid) & #8200579 (Pfirsichbaeumchen)
x25648	Rettungsaktion	CC-BY 2.0 (France) Attribution: tatoeba.org #2953897 (CK) & #12174899 (starrynight)
x25649	unbegründet	CC-BY 2.0 (France) Attribution: tatoeba.org #10190078 (ddnktr) & #10190109 (Pfirsichbaeumchen)
x25650	Schwan	CC-BY 2.0 (France) Attribution: tatoeba.org #7584566 (CHThiem) & #5205000 (faehrmann)
x25651	Gitarrist	CC-BY 2.0 (France) Attribution: tatoeba.org #954826 (CK) & #7347080 (Yorwba)
x25652	Äußerung	CC-BY 2.0 (France) Attribution: tatoeba.org #859577 (papabear) & #859978 (Pfirsichbaeumchen)
x25653	auswandern	CC-BY 2.0 (France) Attribution: tatoeba.org #3771346 (CK) & #3846441 (Tickler)
x25654	österreichisch	CC-BY 2.0 (France) Attribution: tatoeba.org #12115004 (Kayray) & #12121201 (Pfirsichbaeumchen)
x25655	hineinkommen	CC-BY 2.0 (France) Attribution: tatoeba.org #11867481 (CK) & #12597972 (Waldelfe)
x25656	sträuben	CC-BY 2.0 (France) Attribution: tatoeba.org #282914 (CK) & #5361093 (Pfirsichbaeumchen)
x25657	Augenbinde	CC-BY 2.0 (France) Attribution: tatoeba.org #7446834 (Hybrid) & #8244903 (MisterTrouser)
x25658	tags	CC-BY 2.0 (France) Attribution: tatoeba.org #550776 (CK) & #700321 (kolonjano)
x25659	Schrecken	CC-BY 2.0 (France) Attribution: tatoeba.org #2259971 (_undertoad) & #2344933 (Pfirsichbaeumchen)
x25660	Symphonie	CC-BY 2.0 (France) Attribution: tatoeba.org #4499458 (CK) & #7432505 (MisterTrouser)
x25661	unterlaufen	CC-BY 2.0 (France) Attribution: tatoeba.org #5389652 (CK) & #12458970 (Waldelfe)
x25662	liegenlassen	CC-BY 2.0 (France) Attribution: tatoeba.org #7803617 (CK) & #7803660 (Pfirsichbaeumchen)
x25663	vorbeugen	CC-BY 2.0 (France) Attribution: tatoeba.org #8864985 (CK) & #2091850 (Tamy)
x25664	Kurzgeschichte	CC-BY 2.0 (France) Attribution: tatoeba.org #298231 (CK) & #368826 (Wolf)
x25665	Aubergine	CC-BY 2.0 (France) Attribution: tatoeba.org #12354062 (CK) & #13067755 (Waldelfe)
x25666	zufriedenstellen	CC-BY 2.0 (France) Attribution: tatoeba.org #48387 (Zifre) & #5583253 (Pfirsichbaeumchen)
x25667	Ebbe	CC-BY 2.0 (France) Attribution: tatoeba.org #2609640 (WestofEden) & #2498023 (Pfirsichbaeumchen)
x25668	Doktorarbeit	CC-BY 2.0 (France) Attribution: tatoeba.org #4198315 (CK) & #4199427 (Pfirsichbaeumchen)
x25669	Campingplatz	CC-BY 2.0 (France) Attribution: tatoeba.org #10130018 (sundown) & #3465663 (raggione)
x25670	Nische	CC-BY 2.0 (France) Attribution: tatoeba.org #67584 (CK) & #13064200 (Yorwba)
x25671	erzürnen	CC-BY 2.0 (France) Attribution: tatoeba.org #279570 (CK) & #6668108 (Pfirsichbaeumchen)
x25672	synchronisieren	CC-BY 2.0 (France) Attribution: tatoeba.org #10143590 (ddnktr) & #11830905 (Naina)
x25673	konstruktiv	CC-BY 2.0 (France) Attribution: tatoeba.org #9419359 (sundown) & #1851873 (al_ex_an_der)
x25674	grausig	CC-BY 2.0 (France) Attribution: tatoeba.org #3731408 (CM) & #1238457 (Esperantostern)
x25675	gesundheitlich	CC-BY 2.0 (France) Attribution: tatoeba.org #288749 (CM) & #1105666 (jast)
x25676	Zahnschmerz	CC-BY 2.0 (France) Attribution: tatoeba.org #34695 (CK) & #679738 (samueldora)
x25677	Wiedervereinigung	CC-BY 2.0 (France) Attribution: tatoeba.org #8907496 (The_World_Factbook) & #8910822 (Pfirsichbaeumchen)
x25678	Navigation	CC-BY 2.0 (France) Attribution: tatoeba.org #272150 (CK) & #978178 (Sudajaengi)
x25679	Abschiedskuss	CC-BY 2.0 (France) Attribution: tatoeba.org #11937998 (CK) & #12582094 (Waldelfe)
x25680	Raumfahrt	CC-BY 2.0 (France) Attribution: tatoeba.org #19550 (CK) & #486164 (xtofu80)
x25681	Nachruf	CC-BY 2.0 (France) Attribution: tatoeba.org #11688255 (CK) & #12463705 (Yorwba)
x25682	ausborgen	CC-BY 2.0 (France) Attribution: tatoeba.org #8897402 (CK) & #8897810 (mramosch)
x25683	Schlagloch	CC-BY 2.0 (France) Attribution: tatoeba.org #660388 (CS) & #3487474 (Zaghawa)
x25684	durchnässen	CC-BY 2.0 (France) Attribution: tatoeba.org #35870 (CK) & #3098655 (al_ex_an_der)
x25685	Teint	CC-BY 2.0 (France) Attribution: tatoeba.org #315092 (CK) & #4089804 (Dani6187)
x25686	Nebenzimmer	CC-BY 2.0 (France) Attribution: tatoeba.org #10209290 (sundown) & #2500058 (al_ex_an_der)
x25687	Hühnerstall	CC-BY 2.0 (France) Attribution: tatoeba.org #8668745 (ajje) & #8668752 (mramosch)
x25688	Wolkenkratzer	CC-BY 2.0 (France) Attribution: tatoeba.org #10309214 (CK) & #10311886 (Pfirsichbaeumchen)
x25689	Komposition	CC-BY 2.0 (France) Attribution: tatoeba.org #9702311 (Hybrid) & #9702318 (Pfirsichbaeumchen)
x25690	Lieblingsbuch	CC-BY 2.0 (France) Attribution: tatoeba.org #906699 (CK) & #1186718 (Espi)
x25691	ohrfeigen	CC-BY 2.0 (France) Attribution: tatoeba.org #2654662 (Hybrid) & #2655091 (Pfirsichbaeumchen)
x25692	abmelden	CC-BY 2.0 (France) Attribution: tatoeba.org #1442 (CK) & #1512955 (Pfirsichbaeumchen)
x25693	überdauern	CC-BY 2.0 (France) Attribution: tatoeba.org #1954500 (CK) & #1965912 (Pfirsichbaeumchen)
x25694	bissig	CC-BY 2.0 (France) Attribution: tatoeba.org #4318333 (patgfisher) & #4319256 (raggione)
x25695	zurückstellen	CC-BY 2.0 (France) Attribution: tatoeba.org #41853 (BraveSentry) & #2055771 (Tamy)
x25696	zuführen	CC-BY 2.0 (France) Attribution: tatoeba.org #8897312 (CK) & #8899467 (Pfirsichbaeumchen)
x25697	geschmolzen	CC-BY 2.0 (France) Attribution: tatoeba.org #9358710 (AlanF_US) & #6553091 (Pfirsichbaeumchen)
x25698	Höchstgeschwindigkeit	CC-BY 2.0 (France) Attribution: tatoeba.org #2734388 (CK) & #690805 (Manfredo)
x25699	Vorgeschmack	CC-BY 2.0 (France) Attribution: tatoeba.org #11654966 (sundown) & #1206436 (Esperantostern)
x25700	Spargel	CC-BY 2.0 (France) Attribution: tatoeba.org #9951622 (sundown) & #9725331 (Pfirsichbaeumchen)
x25701	Polizeiwagen	CC-BY 2.0 (France) Attribution: tatoeba.org #2104954 (CK) & #2105188 (Pfirsichbaeumchen)
x25702	Schulhof	CC-BY 2.0 (France) Attribution: tatoeba.org #240911 (CK) & #646810 (Pfirsichbaeumchen)
x25703	Wasserstoff	CC-BY 2.0 (France) Attribution: tatoeba.org #270900 (xtofu80) & #416658 (xtofu80)
x25704	überladen	CC-BY 2.0 (France) Attribution: tatoeba.org #39461 (bmorsello) & #2420902 (Rekholder)
x25705	Geldproblem	CC-BY 2.0 (France) Attribution: tatoeba.org #5916878 (CK) & #7024485 (benbika)
x25706	stickig	CC-BY 2.0 (France) Attribution: tatoeba.org #274218 (CK) & #2031279 (Zaghawa)
x25707	Besserwisser	CC-BY 2.0 (France) Attribution: tatoeba.org #2198653 (Hybrid) & #2198794 (Pfirsichbaeumchen)
x25708	hänseln	CC-BY 2.0 (France) Attribution: tatoeba.org #8567569 (CK) & #10294562 (Pfirsichbaeumchen)
x25709	hecheln	CC-BY 2.0 (France) Attribution: tatoeba.org #1686567 (Amastan) & #1709681 (Pfirsichbaeumchen)
x25710	Besonderheit	CC-BY 2.0 (France) Attribution: tatoeba.org #5725678 (CM) & #12558351 (Waldelfe)
x25711	kollidieren	CC-BY 2.0 (France) Attribution: tatoeba.org #680594 (Source_VOA) & #1530928 (samueldora)
x25712	Herzog	CC-BY 2.0 (France) Attribution: tatoeba.org #48015 (CK) & #501402 (al_ex_an_der)
x25713	Endspiel	CC-BY 2.0 (France) Attribution: tatoeba.org #238555 (CK) & #789519 (Pfirsichbaeumchen)
x25714	Abreibung	CC-BY 2.0 (France) Attribution: tatoeba.org #307412 (CM) & #706212 (BraveSentry)
x25715	Anteilnahme	CC-BY 2.0 (France) Attribution: tatoeba.org #7127727 (CM) & #12445886 (Waldelfe)
x25716	Weißbrot	CC-BY 2.0 (France) Attribution: tatoeba.org #8261749 (Luiaard) & #8261748 (Luiaard)
x25717	Urwald	CC-BY 2.0 (France) Attribution: tatoeba.org #2518535 (Hybrid) & #2558719 (Pfirsichbaeumchen)
x25718	Blutegel	CC-BY 2.0 (France) Attribution: tatoeba.org #8201869 (Hybrid) & #8195550 (Pfirsichbaeumchen)
x25719	auftauen	CC-BY 2.0 (France) Attribution: tatoeba.org #10068231 (CK) & #12089263 (Augustus)
x25720	erretten	CC-BY 2.0 (France) Attribution: tatoeba.org #1954814 (CK) & #1967808 (Pfirsichbaeumchen)
x25721	horizontal	CC-BY 2.0 (France) Attribution: tatoeba.org #1048808 (CK) & #1051012 (al_ex_an_der)
x25722	aufgebracht	CC-BY 2.0 (France) Attribution: tatoeba.org #48452 (CM) & #787863 (Hans_Adler)
x25723	indirekt	CC-BY 2.0 (France) Attribution: tatoeba.org #5748327 (CM) & #12513503 (feifei)
x25724	Maurer	CC-BY 2.0 (France) Attribution: tatoeba.org #10612075 (sangelo) & #10612204 (Pfirsichbaeumchen)
x25725	Schulbus	CC-BY 2.0 (France) Attribution: tatoeba.org #52284 (CK) & #342525 (MUIRIEL)
x25726	Unfallort	CC-BY 2.0 (France) Attribution: tatoeba.org #238071 (CM) & #561071 (al_ex_an_der)
x25727	Gewaltverbrechen	CC-BY 2.0 (France) Attribution: tatoeba.org #6912726 (CK) & #12406731 (Waldelfe)
x25728	Schuhgröße	CC-BY 2.0 (France) Attribution: tatoeba.org #6268745 (CK) & #7776602 (raggione)
x25729	zurückspulen	CC-BY 2.0 (France) Attribution: tatoeba.org #8910220 (sundown) & #8641812 (Melang)
x25730	Zuwendung	CC-BY 2.0 (France) Attribution: tatoeba.org #67667 (Zifre) & #6886524 (raggione)
x25731	meistern	CC-BY 2.0 (France) Attribution: tatoeba.org #326296 (CK) & #414506 (xtofu80)
x25732	bestatten	CC-BY 2.0 (France) Attribution: tatoeba.org #307408 (CS) & #679704 (samueldora)
x25733	Familienfoto	CC-BY 2.0 (France) Attribution: tatoeba.org #1214436 (CM) & #11380493 (Pfirsichbaeumchen)
x25734	innovativ	CC-BY 2.0 (France) Attribution: tatoeba.org #6259550 (CK) & #7448791 (Pfirsichbaeumchen)
x25735	Brustkrebs	CC-BY 2.0 (France) Attribution: tatoeba.org #680712 (Source_VOA) & #1549392 (al_ex_an_der)
x25736	Gleichberechtigung	CC-BY 2.0 (France) Attribution: tatoeba.org #288130 (CM) & #1594589 (Pfirsichbaeumchen)
x25737	Opossum	CC-BY 2.0 (France) Attribution: tatoeba.org #1941834 (CM) & #2233466 (Pfirsichbaeumchen)
x25738	Drilling	CC-BY 2.0 (France) Attribution: tatoeba.org #590520 (darinmex) & #2777543 (Pfirsichbaeumchen)
x25739	ansteckend	CC-BY 2.0 (France) Attribution: tatoeba.org #8969609 (Hybrid) & #13712534 (Waldelfe)
x25740	ereilen	CC-BY 2.0 (France) Attribution: tatoeba.org #17959 (CK) & #3987233 (Kuraimegami)
x25741	Aal	CC-BY 2.0 (France) Attribution: tatoeba.org #272755 (CK) & #1529073 (Pfirsichbaeumchen)
x25742	Vordermann	CC-BY 2.0 (France) Attribution: tatoeba.org #269292 (CK) & #3112929 (freddy1)
x25743	Regenwald	CC-BY 2.0 (France) Attribution: tatoeba.org #282138 (papabear) & #729726 (Manfredo)
x25744	verwetten	CC-BY 2.0 (France) Attribution: tatoeba.org #279405 (CK) & #1358838 (al_ex_an_der)
x25745	vermachen	CC-BY 2.0 (France) Attribution: tatoeba.org #251656 (CK) & #2884352 (Pfirsichbaeumchen)
x25746	übereilen	CC-BY 2.0 (France) Attribution: tatoeba.org #7836913 (AlanF_US) & #3210958 (raggione)
x25747	baldig	CC-BY 2.0 (France) Attribution: tatoeba.org #71473 (CK) & #843776 (Manfredo)
x25748	sprudeln	CC-BY 2.0 (France) Attribution: tatoeba.org #2546625 (CK) & #3813501 (Pfirsichbaeumchen)
x25749	Aperitif	CC-BY 2.0 (France) Attribution: tatoeba.org #5735975 (CM) & #1061756 (Esperantostern)
x25750	hexen	CC-BY 2.0 (France) Attribution: tatoeba.org #9757205 (DJ_Saidez) & #9819268 (Pfirsichbaeumchen)
x25751	Vielfalt	CC-BY 2.0 (France) Attribution: tatoeba.org #239536 (CM) & #3095754 (al_ex_an_der)
x25752	bereitwillig	CC-BY 2.0 (France) Attribution: tatoeba.org #9022653 (CK) & #12399075 (Pfirsichbaeumchen)
x25753	Wiederaufbau	CC-BY 2.0 (France) Attribution: tatoeba.org #8351176 (CK) & #12699744 (Waldelfe)
x25754	Bube	CC-BY 2.0 (France) Attribution: tatoeba.org #2959375 (sharptoothed) & #6736971 (raggione)
x25755	auseinandersetzen	CC-BY 2.0 (France) Attribution: tatoeba.org #56695 (CK) & #2533686 (Tamy)
x25756	sezieren	CC-BY 2.0 (France) Attribution: tatoeba.org #11726754 (CK) & #12525076 (Yorwba)
x25757	montieren	CC-BY 2.0 (France) Attribution: tatoeba.org #1709160 (Amastan) & #1716013 (Pfirsichbaeumchen)
x25758	Landmine	CC-BY 2.0 (France) Attribution: tatoeba.org #1678420 (Spamster) & #1678682 (Pfirsichbaeumchen)
x25759	Verdauung	CC-BY 2.0 (France) Attribution: tatoeba.org #29227 (CK) & #2630822 (Pfirsichbaeumchen)
x25760	sogleich	CC-BY 2.0 (France) Attribution: tatoeba.org #5122680 (CK) & #5123963 (brauchinet)
x25761	Hexenjagd	CC-BY 2.0 (France) Attribution: tatoeba.org #941696 (U2FS) & #1837003 (Zaghawa)
x25762	Barbier	CC-BY 2.0 (France) Attribution: tatoeba.org #268102 (CM) & #437853 (xtofu80)
x25763	Exfreundin	CC-BY 2.0 (France) Attribution: tatoeba.org #1970236 (CK) & #1971326 (Pfirsichbaeumchen)
x25764	Gerichtsverhandlung	CC-BY 2.0 (France) Attribution: tatoeba.org #45262 (CK) & #1932372 (Tamy)
x25765	Ministerpräsident	CC-BY 2.0 (France) Attribution: tatoeba.org #299272 (CK) & #775345 (Manfredo)
x25766	Geländewagen	CC-BY 2.0 (France) Attribution: tatoeba.org #1855263 (Spamster) & #1857811 (Pfirsichbaeumchen)
x25767	Meilenstein	CC-BY 2.0 (France) Attribution: tatoeba.org #12169798 (megamanenm) & #2739830 (al_ex_an_der)
x25768	Entführer	CC-BY 2.0 (France) Attribution: tatoeba.org #2640083 (CK) & #2765120 (Pfirsichbaeumchen)
x25769	Pressesprecher	CC-BY 2.0 (France) Attribution: tatoeba.org #320979 (CK) & #820521 (Pfirsichbaeumchen)
x25770	Schwalbe	CC-BY 2.0 (France) Attribution: tatoeba.org #10794811 (sundown) & #8745797 (Yorwba)
x25771	zubringen	CC-BY 2.0 (France) Attribution: tatoeba.org #4429400 (Hybrid) & #8054075 (Pfirsichbaeumchen)
x25772	abtun	CC-BY 2.0 (France) Attribution: tatoeba.org #270378 (CM) & #4245172 (Pfirsichbaeumchen)
x25773	Meeresgrund	CC-BY 2.0 (France) Attribution: tatoeba.org #680405 (Source_VOA) & #9587902 (Yorwba)
x25774	Glücksfall	CC-BY 2.0 (France) Attribution: tatoeba.org #36086 (CM) & #3968587 (Dani6187)
x25775	Hinblick	CC-BY 2.0 (France) Attribution: tatoeba.org #56740 (CM) & #2561205 (Tamy)
x25776	Keim	CC-BY 2.0 (France) Attribution: tatoeba.org #244203 (CK) & #3759086 (Jens_Odo)
x25777	Zeitlupe	CC-BY 2.0 (France) Attribution: tatoeba.org #46190 (CK) & #547206 (samueldora)
x25778	Generaldirektor	CC-BY 2.0 (France) Attribution: tatoeba.org #265380 (CK) & #932387 (Fingerhut)
x25779	Archäologe	CC-BY 2.0 (France) Attribution: tatoeba.org #2334851 (orcrist) & #2352063 (kolonjano)
x25780	Schönheitswettbewerb	CC-BY 2.0 (France) Attribution: tatoeba.org #7198910 (CK) & #10454694 (Pfirsichbaeumchen)
x25781	einordnen	CC-BY 2.0 (France) Attribution: tatoeba.org #2179041 (Hybrid) & #6150635 (Pfirsichbaeumchen)
x25782	stillstehen	CC-BY 2.0 (France) Attribution: tatoeba.org #5958507 (CK) & #10166420 (wolfgangth)
x25783	Weihnachtskarte	CC-BY 2.0 (France) Attribution: tatoeba.org #7770047 (Hybrid) & #10031971 (Melang)
x25784	herunterkommen	CC-BY 2.0 (France) Attribution: tatoeba.org #558488 (darinmex) & #3196444 (Pfirsichbaeumchen)
x25785	Speisekammer	CC-BY 2.0 (France) Attribution: tatoeba.org #5337283 (Hybrid) & #5338613 (Pfirsichbaeumchen)
x25786	Schließung	CC-BY 2.0 (France) Attribution: tatoeba.org #681864 (Source_VOA) & #756017 (Pfirsichbaeumchen)
x25787	anbelangen	CC-BY 2.0 (France) Attribution: tatoeba.org #387582 (blay_paul) & #3097791 (Pfirsichbaeumchen)
x25788	Ausfall	CC-BY 2.0 (France) Attribution: tatoeba.org #2970740 (Hybrid) & #2970858 (Pfirsichbaeumchen)
x25789	mobben	CC-BY 2.0 (France) Attribution: tatoeba.org #922368 (Martha) & #931293 (Fingerhut)
x25790	vorübergehen	CC-BY 2.0 (France) Attribution: tatoeba.org #5685061 (CM) & #5684598 (raggione)
x25791	Osterhase	CC-BY 2.0 (France) Attribution: tatoeba.org #10960053 (CM) & #11827915 (Pfirsichbaeumchen)
x25792	bergauf	CC-BY 2.0 (France) Attribution: tatoeba.org #57621 (CM) & #2710441 (Tamy)
x25793	fortgeschritten	CC-BY 2.0 (France) Attribution: tatoeba.org #12165110 (sundown) & #3302316 (freddy1)
x25794	Pfeiler	CC-BY 2.0 (France) Attribution: tatoeba.org #55130 (CM) & #5415461 (Zaghawa)
x25795	Schneeflocke	CC-BY 2.0 (France) Attribution: tatoeba.org #565774 (darinmex) & #3275299 (Pfirsichbaeumchen)
x25796	zutun	CC-BY 2.0 (France) Attribution: tatoeba.org #1911905 (Spamster) & #1918743 (Pfirsichbaeumchen)
x25797	Montage	CC-BY 2.0 (France) Attribution: tatoeba.org #576084 (CK) & #4418217 (raggione)
x25798	wandelnd	CC-BY 2.0 (France) Attribution: tatoeba.org #284353 (CM) & #824906 (MUIRIEL)
x25799	Erweiterung	CC-BY 2.0 (France) Attribution: tatoeba.org #306753 (CK) & #3144280 (faehrmann)
x25800	feilschen	CC-BY 2.0 (France) Attribution: tatoeba.org #12381117 (ddnktr) & #12381206 (Pfirsichbaeumchen)
x25801	Extremist	CC-BY 2.0 (France) Attribution: tatoeba.org #807272 (Source_VOA) & #951515 (Sudajaengi)
x25802	anschalten	CC-BY 2.0 (France) Attribution: tatoeba.org #1741996 (Amastan) & #1743730 (Pfirsichbaeumchen)
x25803	Blutfleck	CC-BY 2.0 (France) Attribution: tatoeba.org #5380433 (CK) & #5381432 (brauchinet)
x25804	schwatzen	CC-BY 2.0 (France) Attribution: tatoeba.org #508263 (FeuDRenais) & #785484 (Esperantostern)
x25805	weben	CC-BY 2.0 (France) Attribution: tatoeba.org #251363 (CK) & #1829997 (Tamy)
x25806	multiplizieren	CC-BY 2.0 (France) Attribution: tatoeba.org #72604 (Eldad) & #12377350 (mayabe)
x25807	Haferbrei	CC-BY 2.0 (France) Attribution: tatoeba.org #2640801 (CK) & #2750393 (Pfirsichbaeumchen)
x25808	Magenschmerz	CC-BY 2.0 (France) Attribution: tatoeba.org #28159 (CK) & #637383 (Pfirsichbaeumchen)
x25809	Präsidentschaft	CC-BY 2.0 (France) Attribution: tatoeba.org #1349541 (CK) & #1730319 (al_ex_an_der)
x25810	Quacksalber	CC-BY 2.0 (France) Attribution: tatoeba.org #402465 (Grayster) & #2672285 (Pfirsichbaeumchen)
x25811	Winterschlaf	CC-BY 2.0 (France) Attribution: tatoeba.org #6331039 (OsoHombre) & #8861464 (mramosch)
x25812	Tollpatsch	CC-BY 2.0 (France) Attribution: tatoeba.org #2722458 (Hybrid) & #2722767 (freddy1)
x25813	Stadtrand	CC-BY 2.0 (France) Attribution: tatoeba.org #7193634 (Luiaard) & #7193635 (Luiaard)
x25814	Kluft	CC-BY 2.0 (France) Attribution: tatoeba.org #4585346 (Sladey) & #12703458 (Yorwba)
x25815	niederstechen	CC-BY 2.0 (France) Attribution: tatoeba.org #5366334 (CK) & #5368995 (Pfirsichbaeumchen)
x25816	auffassen	CC-BY 2.0 (France) Attribution: tatoeba.org #1681405 (aka_aj) & #13077799 (Vortarulo)
x25817	Grimasse	CC-BY 2.0 (France) Attribution: tatoeba.org #5840413 (CK) & #9477613 (Yorwba)
x25818	tatverdächtig	CC-BY 2.0 (France) Attribution: tatoeba.org #10253678 (bekindtoall) & #10061169 (Yorwba)
x25819	Kanarienvogel	CC-BY 2.0 (France) Attribution: tatoeba.org #9460843 (sundown) & #3926904 (kolonjano)
x25820	Patriotismus	CC-BY 2.0 (France) Attribution: tatoeba.org #7113493 (CM) & #6208247 (Pfirsichbaeumchen)
x25821	Refrain	CC-BY 2.0 (France) Attribution: tatoeba.org #9128418 (sundown) & #1647315 (al_ex_an_der)
x25822	Lavendel	CC-BY 2.0 (France) Attribution: tatoeba.org #681738 (Source_VOA) & #759007 (Pfirsichbaeumchen)
x25823	Druckerei	CC-BY 2.0 (France) Attribution: tatoeba.org #9539577 (sundown) & #2652762 (al_ex_an_der)
x25824	Handarbeit	CC-BY 2.0 (France) Attribution: tatoeba.org #2700637 (Hybrid) & #2700639 (Pfirsichbaeumchen)
x25825	Ladendiebstahl	CC-BY 2.0 (France) Attribution: tatoeba.org #5250657 (Hybrid) & #8397027 (Pfirsichbaeumchen)
x25826	Goldmünze	CC-BY 2.0 (France) Attribution: tatoeba.org #12705719 (jacoblaguerre) & #13595845 (Waldelfe)
x25827	korrumpieren	CC-BY 2.0 (France) Attribution: tatoeba.org #523949 (Dejo) & #615232 (samueldora)
x25828	Gebein	CC-BY 2.0 (France) Attribution: tatoeba.org #3501300 (CK) & #3506390 (Pfirsichbaeumchen)
x25829	verheißen	CC-BY 2.0 (France) Attribution: tatoeba.org #9997074 (sundown) & #11552590 (Pfirsichbaeumchen)
x25830	ausplaudern	CC-BY 2.0 (France) Attribution: tatoeba.org #292279 (CM) & #3860519 (Tickler)
x25831	anlehnen	CC-BY 2.0 (France) Attribution: tatoeba.org #284647 (CK) & #1819015 (Tamy)
x25832	Buddhist	CC-BY 2.0 (France) Attribution: tatoeba.org #1502376 (gleki) & #2128553 (Tamy)
x25833	Festnetz	CC-BY 2.0 (France) Attribution: tatoeba.org #1354436 (CK) & #1354438 (al_ex_an_der)
x25834	Nordseite	CC-BY 2.0 (France) Attribution: tatoeba.org #803338 (Source_VOA) & #5788028 (dasbeispielholz)
x25835	Anschrift	CC-BY 2.0 (France) Attribution: tatoeba.org #56186 (CK) & #3103889 (raggione)
x25836	Statur	CC-BY 2.0 (France) Attribution: tatoeba.org #297318 (CK) & #1343531 (al_ex_an_der)
x25837	Lacrosse	CC-BY 2.0 (France) Attribution: tatoeba.org #2050670 (CK) & #2051418 (Pfirsichbaeumchen)
x25838	Igel	CC-BY 2.0 (France) Attribution: tatoeba.org #9464637 (sundown) & #6698215 (Esperantostern)
x25839	Schranke	CC-BY 2.0 (France) Attribution: tatoeba.org #322664 (CM) & #11803182 (Pfirsichbaeumchen)
x25840	Italienerin	CC-BY 2.0 (France) Attribution: tatoeba.org #3303929 (Hybrid) & #3303939 (Pfirsichbaeumchen)
x25841	Schäferhund	CC-BY 2.0 (France) Attribution: tatoeba.org #1524471 (CS) & #1767694 (Pfirsichbaeumchen)
x25842	Fernsehsendung	CC-BY 2.0 (France) Attribution: tatoeba.org #6229663 (CK) & #12671843 (Waldelfe)
x25843	Gecko	CC-BY 2.0 (France) Attribution: tatoeba.org #11875774 (sundown) & #5402645 (Sciuro_Kvar)
x25844	wiederkehren	CC-BY 2.0 (France) Attribution: tatoeba.org #2243521 (CK) & #2244763 (Pfirsichbaeumchen)
x25845	ansehnlich	CC-BY 2.0 (France) Attribution: tatoeba.org #3303957 (Hybrid) & #3304019 (Pfirsichbaeumchen)
x25846	zupfen	CC-BY 2.0 (France) Attribution: tatoeba.org #3223238 (Hybrid) & #4339643 (pullnosemans)
x25847	üppig	CC-BY 2.0 (France) Attribution: tatoeba.org #2960821 (patgfisher) & #2964577 (brauchinet)
x25848	Hausmann	CC-BY 2.0 (France) Attribution: tatoeba.org #326843 (CM) & #5792940 (dasbeispielholz)
x25849	Konkurs	CC-BY 2.0 (France) Attribution: tatoeba.org #1140193 (CK) & #5263209 (Sudajaengi)
x25850	Revolte	CC-BY 2.0 (France) Attribution: tatoeba.org #43974 (CM) & #2416609 (Tamy)
x25851	Verhängnis	CC-BY 2.0 (France) Attribution: tatoeba.org #3721561 (CM) & #12148587 (Pfirsichbaeumchen)
x25852	Papierkorb	CC-BY 2.0 (France) Attribution: tatoeba.org #9096941 (sundown) & #9061482 (Yorwba)
x25853	schlimmstenfalls	CC-BY 2.0 (France) Attribution: tatoeba.org #1353 (human600) & #3895723 (Pfirsichbaeumchen)
x25854	Römer	CC-BY 2.0 (France) Attribution: tatoeba.org #353189 (zipangu) & #5026230 (UliDolbarge)
x25855	Finanzministerium	CC-BY 2.0 (France) Attribution: tatoeba.org #2266327 (_undertoad) & #2306945 (Pfirsichbaeumchen)
x25856	erahnen	CC-BY 2.0 (France) Attribution: tatoeba.org #1447 (Zifre) & #249 (MUIRIEL)
x25857	lindern	CC-BY 2.0 (France) Attribution: tatoeba.org #3636051 (CK) & #6327690 (Pfirsichbaeumchen)
x25858	Eichel	CC-BY 2.0 (France) Attribution: tatoeba.org #4491097 (AlanF_US) & #8672904 (Pfirsichbaeumchen)
x25859	knicken	CC-BY 2.0 (France) Attribution: tatoeba.org #20398 (Eldad) & #1458124 (al_ex_an_der)
x25860	verheerend	CC-BY 2.0 (France) Attribution: tatoeba.org #12114252 (CK) & #13433080 (Waldelfe)
x25861	einprägen	CC-BY 2.0 (France) Attribution: tatoeba.org #301787 (CM) & #367320 (lilygilder)
x25862	Kommune	CC-BY 2.0 (France) Attribution: tatoeba.org #1699297 (Spamster) & #1699336 (al_ex_an_der)
x25863	Tuberkulose	CC-BY 2.0 (France) Attribution: tatoeba.org #10697306 (sundown) & #10703448 (sakslane)
x25864	Jukebox	CC-BY 2.0 (France) Attribution: tatoeba.org #2050706 (CK) & #2050900 (Tamy)
x25865	Zahnarzt	CC-BY 2.0 (France) Attribution: tatoeba.org #69357 (CM) & #1004979 (Sudajaengi)
x25866	warmherzig	CC-BY 2.0 (France) Attribution: tatoeba.org #301433 (CK) & #8836684 (Pfirsichbaeumchen)
x25867	Dienstleistung	CC-BY 2.0 (France) Attribution: tatoeba.org #6976531 (Eccles17) & #8247526 (Pfirsichbaeumchen)
x25868	gezielt	CC-BY 2.0 (France) Attribution: tatoeba.org #2258964 (_undertoad) & #2365458 (Pfirsichbaeumchen)
x25869	rühmen	CC-BY 2.0 (France) Attribution: tatoeba.org #298379 (U2FS) & #5334161 (Pfirsichbaeumchen)
x25870	Waffenruhe	CC-BY 2.0 (France) Attribution: tatoeba.org #8715401 (Ergulis) & #12337494 (Yorwba)
x25871	Kassiererin	CC-BY 2.0 (France) Attribution: tatoeba.org #11885111 (shekitten) & #13363064 (Vortarulo)
x25872	einschüchtern	CC-BY 2.0 (France) Attribution: tatoeba.org #1951975 (CK) & #1952518 (Pfirsichbaeumchen)
x25873	betrauen	CC-BY 2.0 (France) Attribution: tatoeba.org #12337250 (CK) & #12481554 (Waldelfe)
x25874	Klausur	CC-BY 2.0 (France) Attribution: tatoeba.org #1477410 (CK) & #7337570 (MisterTrouser)
x25875	Heckenschütze	CC-BY 2.0 (France) Attribution: tatoeba.org #777296 (CK) & #777300 (Pfirsichbaeumchen)
x25876	auskundschaften	CC-BY 2.0 (France) Attribution: tatoeba.org #2265959 (_undertoad) & #3859986 (raggione)
x25877	durcheinanderbringen	CC-BY 2.0 (France) Attribution: tatoeba.org #2267899 (_undertoad) & #2291700 (Pfirsichbaeumchen)
x25878	Akrobat	CC-BY 2.0 (France) Attribution: tatoeba.org #6947400 (Hybrid) & #11760732 (Yorwba)
x25879	ethnisch	CC-BY 2.0 (France) Attribution: tatoeba.org #322706 (CM) & #441714 (xtofu80)
x25880	Frettchen	CC-BY 2.0 (France) Attribution: tatoeba.org #2327247 (Hybrid) & #2327431 (Tamy)
x25881	hellsehen	CC-BY 2.0 (France) Attribution: tatoeba.org #11924095 (CK) & #12378659 (Pfirsichbaeumchen)
x25882	Weckruf	CC-BY 2.0 (France) Attribution: tatoeba.org #323211 (CK) & #721356 (Esperantostern)
x25883	Murmeltier	CC-BY 2.0 (France) Attribution: tatoeba.org #1489818 (Quetucrois) & #4729103 (Kabelsalat)
x25884	Privatsache	CC-BY 2.0 (France) Attribution: tatoeba.org #4014568 (CK) & #7923066 (raggione)
x25885	eichen	CC-BY 2.0 (France) Attribution: tatoeba.org #9200036 (sundown) & #7927311 (raggione)
x25886	Glockenschlag	CC-BY 2.0 (France) Attribution: tatoeba.org #558497 (darinmex) & #2185255 (Pfirsichbaeumchen)
x25887	kirchlich	CC-BY 2.0 (France) Attribution: tatoeba.org #10921821 (sundown) & #8634591 (Melang)
x25888	dunkelhaarig	CC-BY 2.0 (France) Attribution: tatoeba.org #3303929 (Hybrid) & #3303939 (Pfirsichbaeumchen)
x25889	Spule	CC-BY 2.0 (France) Attribution: tatoeba.org #2492874 (sharptoothed) & #3292724 (Manfredo)
x25890	Flugsteig	CC-BY 2.0 (France) Attribution: tatoeba.org #687650 (lukaszpp) & #1397547 (Manfredo)
x25891	Delirium	CC-BY 2.0 (France) Attribution: tatoeba.org #7165993 (AlanF_US) & #7364592 (Pfirsichbaeumchen)
x25892	Besinnung	CC-BY 2.0 (France) Attribution: tatoeba.org #10461322 (CK) & #12571058 (Waldelfe)
x25893	aufdrehen	CC-BY 2.0 (France) Attribution: tatoeba.org #5125793 (CK) & #5126102 (brauchinet)
x25894	Nähmaschine	CC-BY 2.0 (France) Attribution: tatoeba.org #4517683 (CK) & #12247642 (Pfirsichbaeumchen)
x25895	umsichtig	CC-BY 2.0 (France) Attribution: tatoeba.org #277648 (CK) & #978166 (Sudajaengi)
x25896	Unterarm	CC-BY 2.0 (France) Attribution: tatoeba.org #10127226 (sundown) & #2263422 (al_ex_an_der)
x25897	sozialistisch	CC-BY 2.0 (France) Attribution: tatoeba.org #877814 (CM) & #902844 (Esperantostern)
x25898	abrufen	CC-BY 2.0 (France) Attribution: tatoeba.org #1488 (CK) & #4379316 (Dokuyaku)
x25899	scheuchen	CC-BY 2.0 (France) Attribution: tatoeba.org #280679 (CM) & #698542 (Alois)
x25900	Schall	CC-BY 2.0 (France) Attribution: tatoeba.org #240398 (CM) & #7546476 (raggione)
x25901	vorab	CC-BY 2.0 (France) Attribution: tatoeba.org #43234 (CK) & #2311327 (Tamy)
x25902	Kartoffelbrei	CC-BY 2.0 (France) Attribution: tatoeba.org #12488918 (CK) & #12510289 (Waldelfe)
x25903	Weltrekord	CC-BY 2.0 (France) Attribution: tatoeba.org #1756888 (Spamster) & #2231801 (Zaghawa)
x25904	Schauer	CC-BY 2.0 (France) Attribution: tatoeba.org #269866 (CK) & #978615 (Sudajaengi)
x25905	Jetlag	CC-BY 2.0 (France) Attribution: tatoeba.org #255647 (CK) & #638631 (Zaghawa)
x25906	Aufnahmeprüfung	CC-BY 2.0 (France) Attribution: tatoeba.org #316101 (Dejo) & #1714558 (al_ex_an_der)
x25907	Gesprächsthema	CC-BY 2.0 (France) Attribution: tatoeba.org #2590655 (Dejo) & #2590646 (al_ex_an_der)
x25908	verunreinigen	CC-BY 2.0 (France) Attribution: tatoeba.org #681757 (Source_VOA) & #758645 (Pfirsichbaeumchen)
x25909	Brennstoff	CC-BY 2.0 (France) Attribution: tatoeba.org #10522476 (frzzl) & #12684047 (Yorwba)
x25910	abstauben	CC-BY 2.0 (France) Attribution: tatoeba.org #680755 (Source_VOA) & #898504 (Pfirsichbaeumchen)
x25911	entleeren	CC-BY 2.0 (France) Attribution: tatoeba.org #2023299 (CK) & #2187725 (Vortarulo)
x25912	zerspringen	CC-BY 2.0 (France) Attribution: tatoeba.org #2881942 (Hybrid) & #2881952 (al_ex_an_der)
x25913	addieren	CC-BY 2.0 (France) Attribution: tatoeba.org #273135 (CK) & #1615669 (Esperantostern)
x25914	dahinterkommen	CC-BY 2.0 (France) Attribution: tatoeba.org #2544867 (CK) & #5661630 (raggione)
x25915	tauen	CC-BY 2.0 (France) Attribution: tatoeba.org #318313 (CK) & #1662957 (Pfirsichbaeumchen)
x25916	Asphalt	CC-BY 2.0 (France) Attribution: tatoeba.org #6569158 (CK) & #6617329 (Esperantostern)
x25917	Dart	CC-BY 2.0 (France) Attribution: tatoeba.org #8541575 (CK) & #12628314 (Waldelfe)
x25918	Anhieb	CC-BY 2.0 (France) Attribution: tatoeba.org #27486 (AMIKEMA) & #2431461 (salutony)
x25919	Einsiedler	CC-BY 2.0 (France) Attribution: tatoeba.org #27086 (CK) & #12537126 (Yorwba)
x25920	herausgerissen	CC-BY 2.0 (France) Attribution: tatoeba.org #3529972 (adamtrousers) & #3527701 (al_ex_an_der)
x25921	Kronprinz	CC-BY 2.0 (France) Attribution: tatoeba.org #802642 (Source_VOA) & #5232465 (jaz1313)
x25922	knistern	CC-BY 2.0 (France) Attribution: tatoeba.org #7421704 (Hybrid) & #7423326 (Pfirsichbaeumchen)
x25923	Wiederwahl	CC-BY 2.0 (France) Attribution: tatoeba.org #803034 (Source_VOA) & #1811907 (pne)
x25924	Hörgerät	CC-BY 2.0 (France) Attribution: tatoeba.org #3732525 (CK) & #3698437 (Esperantostern)
x25925	Bettdecke	CC-BY 2.0 (France) Attribution: tatoeba.org #1892800 (CK) & #1898522 (Pfirsichbaeumchen)
x25926	Schussverletzung	CC-BY 2.0 (France) Attribution: tatoeba.org #1923420 (CK) & #1924022 (Pfirsichbaeumchen)
x25927	knebeln	CC-BY 2.0 (France) Attribution: tatoeba.org #2253522 (_undertoad) & #2404368 (Pfirsichbaeumchen)
x25928	Frühlingsrolle	CC-BY 2.0 (France) Attribution: tatoeba.org #3702230 (CK) & #3702262 (Pfirsichbaeumchen)
x25929	friedvoll	CC-BY 2.0 (France) Attribution: tatoeba.org #307510 (CK) & #726131 (Esperantostern)
x25930	Oase	CC-BY 2.0 (France) Attribution: tatoeba.org #248722 (CK) & #741277 (Manfredo)
x25931	Stadtzentrum	CC-BY 2.0 (France) Attribution: tatoeba.org #246197 (CK) & #571430 (Manfredo)
x25932	Händedruck	CC-BY 2.0 (France) Attribution: tatoeba.org #6259691 (CK) & #13500408 (Waldelfe)
x25933	Unbehagen	CC-BY 2.0 (France) Attribution: tatoeba.org #33334 (CM) & #1466363 (Espi)
x25934	unterschlagen	CC-BY 2.0 (France) Attribution: tatoeba.org #1217906 (PeterR) & #1217937 (PeterR)
x25935	Hilfsmittel	CC-BY 2.0 (France) Attribution: tatoeba.org #239743 (CM) & #725265 (Esperantostern)
x25936	ausgeschlafen	CC-BY 2.0 (France) Attribution: tatoeba.org #5824810 (CK) & #12621581 (Waldelfe)
x25937	Genauigkeit	CC-BY 2.0 (France) Attribution: tatoeba.org #245171 (CM) & #12629649 (mayabe)
x25938	Lichtschalter	CC-BY 2.0 (France) Attribution: tatoeba.org #1951622 (CK) & #1953734 (Pfirsichbaeumchen)
x25939	Transportmittel	CC-BY 2.0 (France) Attribution: tatoeba.org #2641587 (CK) & #2785176 (Pfirsichbaeumchen)
x25940	bekümmern	CC-BY 2.0 (France) Attribution: tatoeba.org #6263515 (CK) & #7464270 (Pfirsichbaeumchen)
x25941	Installation	CC-BY 2.0 (France) Attribution: tatoeba.org #895426 (CK) & #3031238 (Pfirsichbaeumchen)
x25942	bewerkstelligen	CC-BY 2.0 (France) Attribution: tatoeba.org #2007218 (CK) & #3792496 (Pfirsichbaeumchen)
x25943	zurückreisen	CC-BY 2.0 (France) Attribution: tatoeba.org #1535320 (CK) & #1691194 (Pfirsichbaeumchen)
x25944	erschließen	CC-BY 2.0 (France) Attribution: tatoeba.org #6026629 (Hybrid) & #7969802 (Pfirsichbaeumchen)
x25945	einarbeiten	CC-BY 2.0 (France) Attribution: tatoeba.org #11097792 (sundown) & #10673071 (Yorwba)
x25946	Apfelsaft	CC-BY 2.0 (France) Attribution: tatoeba.org #9423143 (DJ_Saidez) & #9423321 (Pfirsichbaeumchen)
x25947	Bauchweh	CC-BY 2.0 (France) Attribution: tatoeba.org #272777 (CM) & #1099267 (MUIRIEL)
x25948	Otter	CC-BY 2.0 (France) Attribution: tatoeba.org #12732175 (rul) & #12732200 (Waldelfe)
x25949	Akademiker	CC-BY 2.0 (France) Attribution: tatoeba.org #11903407 (CK) & #12654884 (Waldelfe)
x25950	Kettenreaktion	CC-BY 2.0 (France) Attribution: tatoeba.org #10803008 (CK) & #11923963 (Pfirsichbaeumchen)
x25951	Ökosystem	CC-BY 2.0 (France) Attribution: tatoeba.org #1401581 (Spamster) & #1695467 (Pfirsichbaeumchen)
x25952	morgendlich	CC-BY 2.0 (France) Attribution: tatoeba.org #9020901 (CM) & #9020902 (Pfirsichbaeumchen)
x25953	verbindlich	CC-BY 2.0 (France) Attribution: tatoeba.org #10534532 (CK) & #10534536 (brauchinet)
x25954	Morgendämmerung	CC-BY 2.0 (France) Attribution: tatoeba.org #10758552 (CK) & #11005845 (toivo)
x25955	Armaturenbrett	CC-BY 2.0 (France) Attribution: tatoeba.org #6254153 (CK) & #12559163 (Yorwba)
x25956	Rückspiegel	CC-BY 2.0 (France) Attribution: tatoeba.org #7984749 (CK) & #12737114 (Waldelfe)
x25957	Karpfen	CC-BY 2.0 (France) Attribution: tatoeba.org #1564966 (CK) & #455260 (xtofu80)
x25958	Frachtschiff	CC-BY 2.0 (France) Attribution: tatoeba.org #2258975 (_undertoad) & #2365451 (Pfirsichbaeumchen)
x25959	ausräuchern	CC-BY 2.0 (France) Attribution: tatoeba.org #19922 (CK) & #1842301 (BraveSentry)
x25960	Schimpf	CC-BY 2.0 (France) Attribution: tatoeba.org #2077075 (CK) & #2082906 (Pfirsichbaeumchen)
x25961	koppeln	CC-BY 2.0 (France) Attribution: tatoeba.org #1365290 (CK) & #1365291 (al_ex_an_der)
x25962	koffeinfrei	CC-BY 2.0 (France) Attribution: tatoeba.org #2361661 (CK) & #2660249 (Pfirsichbaeumchen)
x25963	Pott	CC-BY 2.0 (France) Attribution: tatoeba.org #9511523 (DJ_Saidez) & #9611424 (Pfirsichbaeumchen)
x25964	Ankunftszeit	CC-BY 2.0 (France) Attribution: tatoeba.org #58954 (CK) & #2884658 (Tamy)
x25965	vergesslich	CC-BY 2.0 (France) Attribution: tatoeba.org #303005 (CK) & #608692 (virgil)
x25966	Empörung	CC-BY 2.0 (France) Attribution: tatoeba.org #4663926 (CK) & #4807059 (raggione)
x25967	Sonntagmorgen	CC-BY 2.0 (France) Attribution: tatoeba.org #281859 (CK) & #716213 (Esperantostern)
x25968	Haufen	CC-BY 2.0 (France) Attribution: tatoeba.org #3619754 (CK) & #8093225 (Pfirsichbaeumchen)
x25969	Zeppelin	CC-BY 2.0 (France) Attribution: tatoeba.org #1650298 (darinmex) & #3057973 (Pfirsichbaeumchen)
x25970	Blumenstrauß	CC-BY 2.0 (France) Attribution: tatoeba.org #297577 (CK) & #820712 (Pfirsichbaeumchen)
x25971	Segelboot	CC-BY 2.0 (France) Attribution: tatoeba.org #2358806 (CK) & #8358855 (Luiaard)
x25972	Augenlid	CC-BY 2.0 (France) Attribution: tatoeba.org #2947372 (CK) & #3022972 (Pfirsichbaeumchen)
x25973	Bekanntmachung	CC-BY 2.0 (France) Attribution: tatoeba.org #2358993 (CK) & #7128538 (raggione)
x25974	spitzen	CC-BY 2.0 (France) Attribution: tatoeba.org #267971 (CM) & #369768 (kriskelvin)
x25975	Sauerkraut	CC-BY 2.0 (France) Attribution: tatoeba.org #3390253 (_undertoad) & #3390318 (Manfredo)
x25976	Zahnfleisch	CC-BY 2.0 (France) Attribution: tatoeba.org #263626 (CK) & #1743300 (jakov)
x25977	Vitrine	CC-BY 2.0 (France) Attribution: tatoeba.org #44705 (papabear) & #932727 (Fingerhut)
x25978	Rivalität	CC-BY 2.0 (France) Attribution: tatoeba.org #11737710 (sundown) & #2587907 (al_ex_an_der)
x25979	Zugeständnis	CC-BY 2.0 (France) Attribution: tatoeba.org #10117470 (AlanF_US) & #11767690 (Yorwba)
x25980	Kinderbuch	CC-BY 2.0 (France) Attribution: tatoeba.org #5012028 (AlanF_US) & #5023599 (Pfirsichbaeumchen)
x25981	sinkend	CC-BY 2.0 (France) Attribution: tatoeba.org #268431 (CM) & #1633076 (Sudajaengi)
x25982	sechsmal	CC-BY 2.0 (France) Attribution: tatoeba.org #277126 (CK) & #3702060 (Pfirsichbaeumchen)
x25983	Riesenrad	CC-BY 2.0 (France) Attribution: tatoeba.org #1276025 (CK) & #1811790 (pne)
x25984	Weintraube	CC-BY 2.0 (France) Attribution: tatoeba.org #3380541 (CK) & #3383352 (Pfirsichbaeumchen)
x25985	Bücherregal	CC-BY 2.0 (France) Attribution: tatoeba.org #43846 (CK) & #2392917 (Tamy)
x25986	zensieren	CC-BY 2.0 (France) Attribution: tatoeba.org #5454835 (CK) & #8075021 (Luiaard)
x25987	Fotoalbum	CC-BY 2.0 (France) Attribution: tatoeba.org #297474 (CK) & #370520 (Wolf)
x25988	gurren	CC-BY 2.0 (France) Attribution: tatoeba.org #1662831 (Amastan) & #1662916 (Pfirsichbaeumchen)
x25989	pendeln	CC-BY 2.0 (France) Attribution: tatoeba.org #12054641 (CK) & #12668975 (Waldelfe)
x25990	qualmen	CC-BY 2.0 (France) Attribution: tatoeba.org #7117835 (CM) & #12591700 (Waldelfe)
x25991	unbeteiligt	CC-BY 2.0 (France) Attribution: tatoeba.org #2541867 (CK) & #12557063 (Yorwba)
x25992	Videorekorder	CC-BY 2.0 (France) Attribution: tatoeba.org #255471 (CK) & #10348565 (Vortarulo)
x25993	Lebenserwartung	CC-BY 2.0 (France) Attribution: tatoeba.org #243787 (CK) & #2125010 (al_ex_an_der)
x25994	Pappe	CC-BY 2.0 (France) Attribution: tatoeba.org #4701370 (adamtrousers) & #3511663 (MisterTrouser)
x25995	Grube	CC-BY 2.0 (France) Attribution: tatoeba.org #507271 (CM) & #13634806 (Naina)
x25996	Torwart	CC-BY 2.0 (France) Attribution: tatoeba.org #9546922 (DJ_Saidez) & #9584874 (Pfirsichbaeumchen)
x25997	Achsel	CC-BY 2.0 (France) Attribution: tatoeba.org #12084310 (sundown) & #6916369 (list)
x25998	alphabetisch	CC-BY 2.0 (France) Attribution: tatoeba.org #10091681 (sundown) & #2501659 (al_ex_an_der)
x25999	Avocado	CC-BY 2.0 (France) Attribution: tatoeba.org #9755974 (Hybrid) & #11760793 (Yorwba)
x26000	Neuankömmling	CC-BY 2.0 (France) Attribution: tatoeba.org #274598 (CM) & #2291387 (Zaghawa)
x26001	zerrissen	CC-BY 2.0 (France) Attribution: tatoeba.org #2985976 (CK) & #1948727 (Esperantostern)
x26002	Inflation	CC-BY 2.0 (France) Attribution: tatoeba.org #65706 (CK) & #603593 (samueldora)
x26003	Stieftochter	CC-BY 2.0 (France) Attribution: tatoeba.org #10701247 (AlanF_US) & #10701627 (mks)
x26004	Bergsteiger	CC-BY 2.0 (France) Attribution: tatoeba.org #279393 (CM) & #1555152 (nemoli)
x26005	Überbleibsel	CC-BY 2.0 (France) Attribution: tatoeba.org #23008 (spockofvulcan) & #12423250 (Yorwba)
x26006	Brauerei	CC-BY 2.0 (France) Attribution: tatoeba.org #12137547 (sundown) & #12141100 (Pfirsichbaeumchen)
x26007	Annehmlichkeit	CC-BY 2.0 (France) Attribution: tatoeba.org #2268184 (_undertoad) & #2290479 (Pfirsichbaeumchen)
x26008	Fensterladen	CC-BY 2.0 (France) Attribution: tatoeba.org #10068415 (CK) & #3275969 (raggione)
x26009	Geheimgang	CC-BY 2.0 (France) Attribution: tatoeba.org #1476500 (Spamster) & #7360366 (Yorwba)
x26010	Boxkampf	CC-BY 2.0 (France) Attribution: tatoeba.org #255111 (CK) & #666520 (Manfredo)
x26011	Verstand	CC-BY 2.0 (France) Attribution: tatoeba.org #790357 (darinmex) & #3802732 (Pfirsichbaeumchen)
x26012	Nährstoff	CC-BY 2.0 (France) Attribution: tatoeba.org #4718980 (hinto4) & #4724715 (bonny37)
x26013	mildernd	CC-BY 2.0 (France) Attribution: tatoeba.org #5725375 (CM) & #11760789 (Yorwba)
x26014	Idealist	CC-BY 2.0 (France) Attribution: tatoeba.org #11931029 (CK) & #12628629 (Waldelfe)
x26015	geradebiegen	CC-BY 2.0 (France) Attribution: tatoeba.org #2269018 (_undertoad) & #2289421 (Pfirsichbaeumchen)
x26016	Nomade	CC-BY 2.0 (France) Attribution: tatoeba.org #12162706 (CK) & #12641968 (Yorwba)
x26017	entgegenbringen	CC-BY 2.0 (France) Attribution: tatoeba.org #954863 (CK) & #12450394 (Waldelfe)
x26018	ausblenden	CC-BY 2.0 (France) Attribution: tatoeba.org #310308 (CM) & #12402763 (Yorwba)
x26019	Schwerpunkt	CC-BY 2.0 (France) Attribution: tatoeba.org #10816696 (sundown) & #9708290 (Yorwba)
x26020	Flussufer	CC-BY 2.0 (France) Attribution: tatoeba.org #792096 (Swift) & #802082 (Esperantostern)
x26021	Promenade	CC-BY 2.0 (France) Attribution: tatoeba.org #10682055 (sundown) & #11404480 (Pfirsichbaeumchen)
x26022	Weihnachtszeit	CC-BY 2.0 (France) Attribution: tatoeba.org #906974 (CK) & #1678770 (Pfirsichbaeumchen)
x26023	Fahrt	CC-BY 2.0 (France) Attribution: tatoeba.org #428074 (witbrock) & #949684 (Sudajaengi)
x26024	Fangfrage	CC-BY 2.0 (France) Attribution: tatoeba.org #7198736 (CK) & #13701185 (Waldelfe)
x26025	verleiten	CC-BY 2.0 (France) Attribution: tatoeba.org #6620624 (Hybrid) & #12455550 (Waldelfe)
x26026	geraum	CC-BY 2.0 (France) Attribution: tatoeba.org #1448394 (CK) & #1702563 (al_ex_an_der)
x26027	Anlauf	CC-BY 2.0 (France) Attribution: tatoeba.org #72630 (CK) & #4177279 (Pfirsichbaeumchen)
x26028	zulässig	CC-BY 2.0 (France) Attribution: tatoeba.org #9493422 (sundown) & #8381771 (brauchinet)
x26029	dazwischenkommen	CC-BY 2.0 (France) Attribution: tatoeba.org #2064975 (CK) & #2658808 (Pfirsichbaeumchen)
x26030	flechten	CC-BY 2.0 (France) Attribution: tatoeba.org #8238543 (Hybrid) & #10372002 (Pfirsichbaeumchen)
x26031	runterschlucken	CC-BY 2.0 (France) Attribution: tatoeba.org #5053134 (dancor) & #5051967 (brauchinet)
x26032	Weihnachtslied	CC-BY 2.0 (France) Attribution: tatoeba.org #9530262 (sundown) & #10652847 (Pfirsichbaeumchen)
x26033	zurechtmachen	CC-BY 2.0 (France) Attribution: tatoeba.org #282718 (CM) & #373580 (xtofu80)
x26034	Rückwärtsgang	CC-BY 2.0 (France) Attribution: tatoeba.org #299045 (CK) & #10125231 (Yorwba)
x26035	Schlussstrich	CC-BY 2.0 (France) Attribution: tatoeba.org #9810282 (CK) & #12459107 (Waldelfe)
x26036	Bestattung	CC-BY 2.0 (France) Attribution: tatoeba.org #260708 (CK) & #4096373 (InspectorMustache)
x26037	drangehen	CC-BY 2.0 (France) Attribution: tatoeba.org #1127740 (CK) & #1128950 (MUIRIEL)
x26038	auswärtig	CC-BY 2.0 (France) Attribution: tatoeba.org #660532 (CK) & #662131 (stefz)
x26039	Taschenmesser	CC-BY 2.0 (France) Attribution: tatoeba.org #2291826 (CK) & #2435368 (Pfirsichbaeumchen)
x26040	erpichen	CC-BY 2.0 (France) Attribution: tatoeba.org #298885 (CK) & #753686 (Pfirsichbaeumchen)
x26041	Lebensart	CC-BY 2.0 (France) Attribution: tatoeba.org #2683188 (CK) & #12440982 (Waldelfe)
x26042	Benutzung	CC-BY 2.0 (France) Attribution: tatoeba.org #250385 (CK) & #922035 (Sudajaengi)
x26043	Muslim	CC-BY 2.0 (France) Attribution: tatoeba.org #8201105 (Amastan) & #9167680 (Pfirsichbaeumchen)
x26044	Herrenhaus	CC-BY 2.0 (France) Attribution: tatoeba.org #30784 (CK) & #5805558 (Pfirsichbaeumchen)
x26045	Hauptfigur	CC-BY 2.0 (France) Attribution: tatoeba.org #706873 (papabear) & #5328760 (Pfirsichbaeumchen)
x26046	Kastanie	CC-BY 2.0 (France) Attribution: tatoeba.org #301677 (CK) & #10104073 (Pfirsichbaeumchen)
x26047	häufen	CC-BY 2.0 (France) Attribution: tatoeba.org #299080 (CM) & #676046 (Pfirsichbaeumchen)
x26048	verdampfen	CC-BY 2.0 (France) Attribution: tatoeba.org #10794615 (sundown) & #8342299 (Yorwba)
x26049	erfrischen	CC-BY 2.0 (France) Attribution: tatoeba.org #1305686 (CK) & #1865765 (al_ex_an_der)
x26050	liegend	CC-BY 2.0 (France) Attribution: tatoeba.org #499388 (blay_paul) & #601446 (BraveSentry)
x26051	überdecken	CC-BY 2.0 (France) Attribution: tatoeba.org #9974471 (sundown) & #863239 (Esperantostern)
x26052	verneinen	CC-BY 2.0 (France) Attribution: tatoeba.org #3786186 (CK) & #3794986 (Tickler)
x26053	freihalten	CC-BY 2.0 (France) Attribution: tatoeba.org #58208 (CK) & #2615092 (Pfirsichbaeumchen)
x26054	vornherein	CC-BY 2.0 (France) Attribution: tatoeba.org #11084331 (sundown) & #6395220 (Pfirsichbaeumchen)
x26055	ehrenamtlich	CC-BY 2.0 (France) Attribution: tatoeba.org #2530616 (CK) & #2530833 (raggione)
x26056	begaben	CC-BY 2.0 (France) Attribution: tatoeba.org #1987949 (FlamingTofu) & #1987968 (Pfirsichbaeumchen)
x26057	Waschsalon	CC-BY 2.0 (France) Attribution: tatoeba.org #8431790 (Luiaard) & #8431789 (Luiaard)
x26058	Tortur	CC-BY 2.0 (France) Attribution: tatoeba.org #713018 (darinmex) & #2023381 (Pfirsichbaeumchen)
x26059	Totengräber	CC-BY 2.0 (France) Attribution: tatoeba.org #2230419 (eternica) & #2886168 (Pfirsichbaeumchen)
x26060	Aufschrift	CC-BY 2.0 (France) Attribution: tatoeba.org #7759725 (CK) & #7760467 (raggione)
x26061	fürwahr	CC-BY 2.0 (France) Attribution: tatoeba.org #16235 (Zifre) & #2932320 (Pfirsichbaeumchen)
x26062	Telefonrechnung	CC-BY 2.0 (France) Attribution: tatoeba.org #6873146 (CK) & #8302343 (Luiaard)
x26063	Kimono	CC-BY 2.0 (France) Attribution: tatoeba.org #12228538 (CK) & #12390736 (Pfirsichbaeumchen)
x26064	einreiben	CC-BY 2.0 (France) Attribution: tatoeba.org #2406436 (CK) & #2858764 (Pfirsichbaeumchen)
x26065	konservieren	CC-BY 2.0 (France) Attribution: tatoeba.org #25752 (CK) & #10015919 (Pfirsichbaeumchen)
x26066	Airbag	CC-BY 2.0 (France) Attribution: tatoeba.org #3241659 (CK) & #3262912 (dinkel_girl)
x26067	flauschig	CC-BY 2.0 (France) Attribution: tatoeba.org #9992882 (AlanF_US) & #12431381 (Waldelfe)
x26068	unvorhergesehen	CC-BY 2.0 (France) Attribution: tatoeba.org #1068306 (tomalrussell) & #371950 (xtofu80)
x26069	Fügung	CC-BY 2.0 (France) Attribution: tatoeba.org #3118321 (Hybrid) & #3118629 (brauchinet)
x26070	Australier	CC-BY 2.0 (France) Attribution: tatoeba.org #2840973 (patgfisher) & #2852915 (Pfirsichbaeumchen)
x26071	vorzugsweise	CC-BY 2.0 (France) Attribution: tatoeba.org #312079 (CM) & #369798 (kriskelvin)
x26072	Hafer	CC-BY 2.0 (France) Attribution: tatoeba.org #805405 (Source_VOA) & #2795054 (al_ex_an_der)
x26073	Kap	CC-BY 2.0 (France) Attribution: tatoeba.org #45665 (CK) & #1960871 (Tamy)
x26074	Geometrie	CC-BY 2.0 (France) Attribution: tatoeba.org #58444 (CM) & #2814088 (Tamy)
x26075	Gehweg	CC-BY 2.0 (France) Attribution: tatoeba.org #26055 (CK) & #1792519 (Esperantostern)
x26076	Anprobe	CC-BY 2.0 (France) Attribution: tatoeba.org #7712698 (CK) & #10556429 (Yorwba)
x26077	Genre	CC-BY 2.0 (France) Attribution: tatoeba.org #8946725 (sundown) & #8634201 (Melang)
x26078	Mammut	CC-BY 2.0 (France) Attribution: tatoeba.org #9730440 (DJ_Saidez) & #9730467 (Pfirsichbaeumchen)
x26079	Abwasserkanal	CC-BY 2.0 (France) Attribution: tatoeba.org #11051638 (sundown) & #6774043 (brauchinet)
x26080	mahlen	CC-BY 2.0 (France) Attribution: tatoeba.org #11838978 (sundown) & #780884 (MUIRIEL)
x26081	Alleinsein	CC-BY 2.0 (France) Attribution: tatoeba.org #2208425 (CK) & #12556554 (Waldelfe)
x26082	Rehabilitation	CC-BY 2.0 (France) Attribution: tatoeba.org #4402002 (CM) & #4878104 (Pfirsichbaeumchen)
x26083	Hektik	CC-BY 2.0 (France) Attribution: tatoeba.org #10061621 (CK) & #13115029 (Yorwba)
x26084	Klarinette	CC-BY 2.0 (France) Attribution: tatoeba.org #10461638 (CK) & #11978173 (Pfirsichbaeumchen)
x26085	Anbau	CC-BY 2.0 (France) Attribution: tatoeba.org #8185409 (Hybrid) & #9916230 (Pfirsichbaeumchen)
x26086	Muttersöhnchen	CC-BY 2.0 (France) Attribution: tatoeba.org #309534 (CK) & #2355758 (Zaghawa)
x26087	schroff	CC-BY 2.0 (France) Attribution: tatoeba.org #3722192 (CM) & #4064655 (Dani6187)
x26088	Klebstoff	CC-BY 2.0 (France) Attribution: tatoeba.org #6670637 (Hybrid) & #6670787 (ocha)
x26089	Zwirn	CC-BY 2.0 (France) Attribution: tatoeba.org #2492874 (sharptoothed) & #3292724 (Manfredo)
x26090	Operationssaal	CC-BY 2.0 (France) Attribution: tatoeba.org #1346151 (marco87) & #12420826 (Waldelfe)
x26091	Pensionierung	CC-BY 2.0 (France) Attribution: tatoeba.org #22369 (Dejo) & #643272 (samueldora)
x26092	Torheit	CC-BY 2.0 (France) Attribution: tatoeba.org #35492 (CM) & #3366974 (Pfirsichbaeumchen)
x26093	Parkuhr	CC-BY 2.0 (France) Attribution: tatoeba.org #35733 (CK) & #3421438 (pne)
x26094	verblöden	CC-BY 2.0 (France) Attribution: tatoeba.org #9640841 (DJ_Saidez) & #9803089 (Pfirsichbaeumchen)
x26095	rührend	CC-BY 2.0 (France) Attribution: tatoeba.org #5069435 (CK) & #5709316 (halfdan)
x26096	ebnen	CC-BY 2.0 (France) Attribution: tatoeba.org #2268497 (_undertoad) & #2290154 (Pfirsichbaeumchen)
x26097	misslich	CC-BY 2.0 (France) Attribution: tatoeba.org #5215318 (CK) & #7908319 (Tamy)
x26098	ermahnen	CC-BY 2.0 (France) Attribution: tatoeba.org #454497 (FeuDRenais) & #9619437 (Yorwba)
x26099	Bedenkzeit	CC-BY 2.0 (France) Attribution: tatoeba.org #6232181 (CK) & #7800491 (Pfirsichbaeumchen)
x26100	zeitweise	CC-BY 2.0 (France) Attribution: tatoeba.org #10221616 (sundown) & #1985070 (al_ex_an_der)
x26101	Feedback	CC-BY 2.0 (France) Attribution: tatoeba.org #7787363 (CK) & #13524409 (mhr)
x26102	Rüssel	CC-BY 2.0 (France) Attribution: tatoeba.org #12716903 (CK) & #12717431 (Waldelfe)
x26103	Belang	CC-BY 2.0 (France) Attribution: tatoeba.org #43657 (Eldad) & #2369245 (Tamy)
x26104	Vormarsch	CC-BY 2.0 (France) Attribution: tatoeba.org #10540362 (sundown) & #10063562 (Yorwba)
x26105	Tischler	CC-BY 2.0 (France) Attribution: tatoeba.org #5769807 (CK) & #5769829 (wolfgangth)
x26106	Tageszeit	CC-BY 2.0 (France) Attribution: tatoeba.org #58952 (CK) & #2884655 (Tamy)
x26107	Entdecker	CC-BY 2.0 (France) Attribution: tatoeba.org #272150 (CK) & #978178 (Sudajaengi)
x26108	bedrückend	CC-BY 2.0 (France) Attribution: tatoeba.org #2819549 (Hybrid) & #2819808 (freddy1)
x26109	weitersagen	CC-BY 2.0 (France) Attribution: tatoeba.org #3138243 (Hybrid) & #7817685 (raggione)
x26110	nebenher	CC-BY 2.0 (France) Attribution: tatoeba.org #67300 (CK) & #562301 (al_ex_an_der)
x26111	Pavian	CC-BY 2.0 (France) Attribution: tatoeba.org #9171594 (CK) & #12949817 (mhr)
x26112	beschenken	CC-BY 2.0 (France) Attribution: tatoeba.org #256522 (CK) & #740134 (Manfredo)
x26113	Klinke	CC-BY 2.0 (France) Attribution: tatoeba.org #10099704 (sundown) & #1573113 (Zaghawa)
x26114	Fang	CC-BY 2.0 (France) Attribution: tatoeba.org #1977730 (Spamster) & #1977736 (Pfirsichbaeumchen)
x26115	abzahlen	CC-BY 2.0 (France) Attribution: tatoeba.org #16015 (Swift) & #367397 (Wolf)
x26116	Naturgesetz	CC-BY 2.0 (France) Attribution: tatoeba.org #28792 (CM) & #396957 (MUIRIEL)
x26117	pikant	CC-BY 2.0 (France) Attribution: tatoeba.org #8825441 (CK) & #8828764 (mramosch)
x26118	Erdöl	CC-BY 2.0 (France) Attribution: tatoeba.org #40326 (Swift) & #2815327 (al_ex_an_der)
x26119	Rattengift	CC-BY 2.0 (France) Attribution: tatoeba.org #3068959 (CK) & #3068964 (Manfredo)
x26120	Rugby	CC-BY 2.0 (France) Attribution: tatoeba.org #29806 (CM) & #842374 (Espi)
x26121	Bürgerwehr	CC-BY 2.0 (France) Attribution: tatoeba.org #681470 (Source_VOA) & #775506 (Pfirsichbaeumchen)
x26122	Gefängnisstrafe	CC-BY 2.0 (France) Attribution: tatoeba.org #244935 (CM) & #1008162 (Sudajaengi)
x26123	Meisterstück	CC-BY 2.0 (France) Attribution: tatoeba.org #49668 (CM) & #1300730 (Manfredo)
x26124	Militärdienst	CC-BY 2.0 (France) Attribution: tatoeba.org #295664 (CM) & #404187 (xtofu80)
x26125	Portwein	CC-BY 2.0 (France) Attribution: tatoeba.org #9572936 (PDotAlex) & #8115244 (Luiaard)
x26126	Goldmedaille	CC-BY 2.0 (France) Attribution: tatoeba.org #1756824 (Spamster) & #1757685 (Pfirsichbaeumchen)
x26127	Fleischwunde	CC-BY 2.0 (France) Attribution: tatoeba.org #3402567 (CK) & #3402827 (Pfirsichbaeumchen)
x26128	Ziegelstein	CC-BY 2.0 (France) Attribution: tatoeba.org #49472 (CK) & #784929 (al_ex_an_der)
x26129	entgegengesetzt	CC-BY 2.0 (France) Attribution: tatoeba.org #10073620 (sundown) & #11235441 (Pfirsichbaeumchen)
x26130	tendieren	CC-BY 2.0 (France) Attribution: tatoeba.org #299160 (CM) & #2024342 (Zaghawa)
x26131	modisch	CC-BY 2.0 (France) Attribution: tatoeba.org #310500 (xtofu80) & #439330 (xtofu80)
x26132	kariert	CC-BY 2.0 (France) Attribution: tatoeba.org #9850262 (AlanF_US) & #12824792 (Yorwba)
x26133	fälschlicherweise	CC-BY 2.0 (France) Attribution: tatoeba.org #1879056 (Spamster) & #1879065 (Tamy)
x26134	Blickfeld	CC-BY 2.0 (France) Attribution: tatoeba.org #326146 (CK) & #621538 (kolonjano)
x26135	Archäologie	CC-BY 2.0 (France) Attribution: tatoeba.org #680238 (Source_VOA) & #7953950 (raggione)
x26136	Ammoniak	CC-BY 2.0 (France) Attribution: tatoeba.org #2332710 (orcrist) & #4281571 (raggione)
x26137	empören	CC-BY 2.0 (France) Attribution: tatoeba.org #2260169 (Hybrid) & #9134250 (Pfirsichbaeumchen)
x26138	Pazifist	CC-BY 2.0 (France) Attribution: tatoeba.org #2247894 (CK) & #3373990 (Pfirsichbaeumchen)
x26139	vorbeilaufen	CC-BY 2.0 (France) Attribution: tatoeba.org #285636 (CK) & #3177645 (a_coder)
x26140	Rollschuh	CC-BY 2.0 (France) Attribution: tatoeba.org #953648 (CK) & #8696510 (Yorwba)
x26141	zweifach	CC-BY 2.0 (France) Attribution: tatoeba.org #9445771 (shekitten) & #11001104 (GaryGaryGary)
x26142	Bibliothekarin	CC-BY 2.0 (France) Attribution: tatoeba.org #9456740 (sundown) & #9472558 (brauchinet)
x26143	Verschwiegenheit	CC-BY 2.0 (France) Attribution: tatoeba.org #22754 (CK) & #5363063 (RandomUsername)
x26144	Amnestie	CC-BY 2.0 (France) Attribution: tatoeba.org #5747496 (CM) & #12525077 (Yorwba)
x26145	Schokoladenkuchen	CC-BY 2.0 (France) Attribution: tatoeba.org #291735 (CM) & #574600 (al_ex_an_der)
x26146	Abendschule	CC-BY 2.0 (France) Attribution: tatoeba.org #410542 (CK) & #1552299 (Pfirsichbaeumchen)
x26147	Konzentrationslager	CC-BY 2.0 (France) Attribution: tatoeba.org #2268469 (_undertoad) & #2290185 (Pfirsichbaeumchen)
x26148	Schmerztablette	CC-BY 2.0 (France) Attribution: tatoeba.org #12443675 (CK) & #12669421 (Waldelfe)
x26149	Preisschild	CC-BY 2.0 (France) Attribution: tatoeba.org #3147993 (CK) & #8659851 (Pfirsichbaeumchen)
x26150	düsen	CC-BY 2.0 (France) Attribution: tatoeba.org #5757810 (CM) & #7335253 (Pfirsichbaeumchen)
x26151	Grapefruit	CC-BY 2.0 (France) Attribution: tatoeba.org #8825223 (CK) & #8828753 (mramosch)
x26152	verdrecken	CC-BY 2.0 (France) Attribution: tatoeba.org #4494713 (CK) & #7752777 (Neisklar)
x26153	Blaupause	CC-BY 2.0 (France) Attribution: tatoeba.org #2280288 (CK) & #2435917 (Pfirsichbaeumchen)
x26154	Schuljunge	CC-BY 2.0 (France) Attribution: tatoeba.org #45344 (CK) & #1221109 (Sudajaengi)
x26155	erübrigen	CC-BY 2.0 (France) Attribution: tatoeba.org #255261 (CK) & #4453491 (rocco_granata)
x26156	entzweien	CC-BY 2.0 (France) Attribution: tatoeba.org #41774 (CK) & #3842591 (Tickler)
x26157	entgleisen	CC-BY 2.0 (France) Attribution: tatoeba.org #273384 (Zifre) & #344990 (lilygilder)
x26158	raufen	CC-BY 2.0 (France) Attribution: tatoeba.org #8307648 (CK) & #8861602 (mramosch)
x26159	zuweilen	CC-BY 2.0 (France) Attribution: tatoeba.org #2592588 (CK) & #2592597 (al_ex_an_der)
x26160	bildlich	CC-BY 2.0 (France) Attribution: tatoeba.org #12094778 (sundown) & #5069255 (al_ex_an_der)
x26161	Rundfunk	CC-BY 2.0 (France) Attribution: tatoeba.org #29799 (CM) & #842365 (Espi)
x26162	Nachschlag	CC-BY 2.0 (France) Attribution: tatoeba.org #11695993 (ddnktr) & #11984550 (Vortarulo)
x26163	planmäßig	CC-BY 2.0 (France) Attribution: tatoeba.org #3402632 (CK) & #3402755 (Pfirsichbaeumchen)
x26164	Rute	CC-BY 2.0 (France) Attribution: tatoeba.org #3773905 (patgfisher) & #13077134 (Yorwba)
x26165	Boje	CC-BY 2.0 (France) Attribution: tatoeba.org #29895 (CM) & #10031882 (Yorwba)
x26166	Bußgeld	CC-BY 2.0 (France) Attribution: tatoeba.org #277686 (CK) & #438424 (xtofu80)
x26167	Dienstgrad	CC-BY 2.0 (France) Attribution: tatoeba.org #2258681 (_undertoad) & #2369666 (Pfirsichbaeumchen)
x26168	Schulkind	CC-BY 2.0 (France) Attribution: tatoeba.org #313010 (CK) & #626801 (BraveSentry)
x26169	alleinlassen	CC-BY 2.0 (France) Attribution: tatoeba.org #2208369 (CK) & #4123834 (raggione)
x26170	Kerzenlicht	CC-BY 2.0 (France) Attribution: tatoeba.org #1425 (CK) & #227 (MUIRIEL)
x26171	Elfe	CC-BY 2.0 (France) Attribution: tatoeba.org #2219989 (Hybrid) & #2219992 (Vortarulo)
x26172	Rekorder	CC-BY 2.0 (France) Attribution: tatoeba.org #55751 (CM) & #12435896 (mayabe)
x26173	Most	CC-BY 2.0 (France) Attribution: tatoeba.org #1041982 (CM) & #1211612 (Esperantostern)
x26174	Mitspieler	CC-BY 2.0 (France) Attribution: tatoeba.org #10091931 (CK) & #10091933 (Pfirsichbaeumchen)
x26175	Kriegserklärung	CC-BY 2.0 (France) Attribution: tatoeba.org #6018501 (mailohilohi) & #6018593 (brauchinet)
x26176	Klavierspiel	CC-BY 2.0 (France) Attribution: tatoeba.org #255453 (CK) & #2613558 (Espi)
x26177	Fernsehsender	CC-BY 2.0 (France) Attribution: tatoeba.org #61641 (CK) & #437337 (xtofu80)
x26178	Gutachter	CC-BY 2.0 (France) Attribution: tatoeba.org #8916475 (CK) & #12484837 (Yorwba)
x26179	Kaufmann	CC-BY 2.0 (France) Attribution: tatoeba.org #267416 (CK) & #1707251 (Zaghawa)
x26180	Tennisplatz	CC-BY 2.0 (France) Attribution: tatoeba.org #59633 (CK) & #657313 (Pfirsichbaeumchen)
x26181	schmusen	CC-BY 2.0 (France) Attribution: tatoeba.org #9841928 (shekitten) & #9841985 (Pfirsichbaeumchen)
x26182	minimieren	CC-BY 2.0 (France) Attribution: tatoeba.org #7876232 (CK) & #7883058 (Pfirsichbaeumchen)
x26183	Gasmaske	CC-BY 2.0 (France) Attribution: tatoeba.org #1453881 (Spamster) & #1453885 (al_ex_an_der)
x26184	Sonderbehandlung	CC-BY 2.0 (France) Attribution: tatoeba.org #2539752 (CK) & #3991989 (Pfirsichbaeumchen)
x26185	verläßt	CC-BY 2.0 (France) Attribution: tatoeba.org #237643 (CK) & #644913 (samueldora)
x26186	Einigkeit	CC-BY 2.0 (France) Attribution: tatoeba.org #275900 (CK) & #9609214 (Yorwba)
x26187	Schlitzohr	CC-BY 2.0 (France) Attribution: tatoeba.org #1836096 (Spamster) & #4001028 (hjoest)
x26188	Halbinsel	CC-BY 2.0 (France) Attribution: tatoeba.org #690740 (sysko) & #693823 (Esperantostern)
x26189	Zauberwort	CC-BY 2.0 (France) Attribution: tatoeba.org #2807665 (Hybrid) & #2808351 (Pfirsichbaeumchen)
x26190	Bitterkeit	CC-BY 2.0 (France) Attribution: tatoeba.org #2258295 (_undertoad) & #2355750 (Zaghawa)
x26191	Buchführung	CC-BY 2.0 (France) Attribution: tatoeba.org #698634 (papabear) & #703793 (Esperantostern)
x26192	Geruchssinn	CC-BY 2.0 (France) Attribution: tatoeba.org #2833917 (CK) & #555864 (xtofu80)
x26193	Auflauf	CC-BY 2.0 (France) Attribution: tatoeba.org #3515137 (CK) & #3865612 (Zaghawa)
x26194	Monopol	CC-BY 2.0 (France) Attribution: tatoeba.org #302084 (CM) & #407149 (MUIRIEL)
x26195	Geweih	CC-BY 2.0 (France) Attribution: tatoeba.org #7954147 (Hybrid) & #7954747 (Pfirsichbaeumchen)
x26196	Nationalität	CC-BY 2.0 (France) Attribution: tatoeba.org #71775 (aliene) & #2074497 (Espi)
x26197	Amputation	CC-BY 2.0 (France) Attribution: tatoeba.org #1521099 (CK) & #886807 (Pfirsichbaeumchen)
x26198	Mikrobe	CC-BY 2.0 (France) Attribution: tatoeba.org #8702698 (Hybrid) & #9085256 (Pfirsichbaeumchen)
x26199	Spelunke	CC-BY 2.0 (France) Attribution: tatoeba.org #742231 (CM) & #742232 (al_ex_an_der)
x26200	verputzen	CC-BY 2.0 (France) Attribution: tatoeba.org #953319 (CK) & #1539749 (Pfirsichbaeumchen)
x26201	denunzieren	CC-BY 2.0 (France) Attribution: tatoeba.org #802448 (Source_VOA) & #11995282 (Pfirsichbaeumchen)
x26202	flackern	CC-BY 2.0 (France) Attribution: tatoeba.org #29462 (CM) & #471841 (Espi)
x26203	Grashüpfer	CC-BY 2.0 (France) Attribution: tatoeba.org #10424339 (CK) & #10302625 (Yorwba)
x26204	Schulleiter	CC-BY 2.0 (France) Attribution: tatoeba.org #1891679 (CK) & #1609162 (Pfirsichbaeumchen)
x26205	Zeitgefühl	CC-BY 2.0 (France) Attribution: tatoeba.org #12256225 (sundown) & #2480998 (al_ex_an_der)
x26206	Schienbein	CC-BY 2.0 (France) Attribution: tatoeba.org #10762621 (ddnktr) & #11704083 (Yorwba)
x26207	Küchentisch	CC-BY 2.0 (France) Attribution: tatoeba.org #9440562 (sundown) & #2112448 (kolonjano)
x26208	Einöde	CC-BY 2.0 (France) Attribution: tatoeba.org #1888617 (Spamster) & #1892577 (Esperantostern)
x26209	Hemisphäre	CC-BY 2.0 (France) Attribution: tatoeba.org #281608 (CM) & #595600 (cost)
x26210	Gewalttätigkeit	CC-BY 2.0 (France) Attribution: tatoeba.org #807203 (Source_VOA) & #9208445 (Tamy)
x26211	drankommen	CC-BY 2.0 (France) Attribution: tatoeba.org #2546869 (CK) & #7431017 (raggione)
x26212	Tränke	CC-BY 2.0 (France) Attribution: tatoeba.org #2267735 (_undertoad) & #2292971 (Pfirsichbaeumchen)
x26213	Pechsträhne	CC-BY 2.0 (France) Attribution: tatoeba.org #66992 (CM) & #583008 (samueldora)
x26214	Einleitung	CC-BY 2.0 (France) Attribution: tatoeba.org #2959385 (sharptoothed) & #6024286 (raggione)
x26215	Goldbarren	CC-BY 2.0 (France) Attribution: tatoeba.org #2267383 (_undertoad) & #2297200 (Pfirsichbaeumchen)
x26216	Verruf	CC-BY 2.0 (France) Attribution: tatoeba.org #4781205 (DostKaplan) & #4782598 (brauchinet)
x26217	Startbahn	CC-BY 2.0 (France) Attribution: tatoeba.org #11633585 (CK) & #11986703 (Naina)
x26218	Abhang	CC-BY 2.0 (France) Attribution: tatoeba.org #2154898 (oneconor) & #8385326 (Yorwba)
x26219	Rage	CC-BY 2.0 (France) Attribution: tatoeba.org #1495881 (CK) & #4968503 (Pfirsichbaeumchen)
x26220	obliegen	CC-BY 2.0 (France) Attribution: tatoeba.org #3598242 (karloelkebekio) & #5321361 (Sudajaengi)
x26221	Lehrplan	CC-BY 2.0 (France) Attribution: tatoeba.org #45508 (CK) & #1953473 (Tamy)
x26222	Basar	CC-BY 2.0 (France) Attribution: tatoeba.org #549491 (CK) & #5691870 (dasbeispielholz)
x26223	Saxophon	CC-BY 2.0 (France) Attribution: tatoeba.org #6783846 (CK) & #12910893 (Waldelfe)
x26224	verkneifen	CC-BY 2.0 (France) Attribution: tatoeba.org #261435 (CM) & #1598917 (Pfirsichbaeumchen)
x26225	Proton	CC-BY 2.0 (France) Attribution: tatoeba.org #2334885 (orcrist) & #4915334 (Pfirsichbaeumchen)
x26226	grummeln	CC-BY 2.0 (France) Attribution: tatoeba.org #9140314 (sundown) & #920963 (Esperantostern)
x26227	Angeln	CC-BY 2.0 (France) Attribution: tatoeba.org #257969 (CK) & #1177078 (Sudajaengi)
x26228	Obergeschoss	CC-BY 2.0 (France) Attribution: tatoeba.org #11043584 (CK) & #13038918 (Waldelfe)
x26229	Defibrillator	CC-BY 2.0 (France) Attribution: tatoeba.org #8550312 (CK) & #8552459 (Yorwba)
x26230	umhin	CC-BY 2.0 (France) Attribution: tatoeba.org #1326184 (CK) & #6611601 (Felixjp)
x26231	allzeit	CC-BY 2.0 (France) Attribution: tatoeba.org #847126 (Source_Benedict_1921) & #3443552 (pne)
x26232	Vorhersage	CC-BY 2.0 (France) Attribution: tatoeba.org #287743 (CK) & #560629 (cost)
x26233	Rasur	CC-BY 2.0 (France) Attribution: tatoeba.org #2548646 (CK) & #4132292 (Pfirsichbaeumchen)
x26234	näheres	CC-BY 2.0 (France) Attribution: tatoeba.org #5374447 (CK) & #5374465 (Pfirsichbaeumchen)
x26235	Nachhauseweg	CC-BY 2.0 (France) Attribution: tatoeba.org #3618794 (CK) & #10180925 (Yorwba)
x26236	Greis	CC-BY 2.0 (France) Attribution: tatoeba.org #460023 (saasmath) & #568585 (MUIRIEL)
x26237	Komponist	CC-BY 2.0 (France) Attribution: tatoeba.org #5930470 (CK) & #10526884 (Yorwba)
x26238	Rezession	CC-BY 2.0 (France) Attribution: tatoeba.org #271151 (CK) & #341679 (MUIRIEL)
x26239	unattraktiv	CC-BY 2.0 (France) Attribution: tatoeba.org #328994 (fcbond) & #1553736 (samueldora)
x26240	Sternbild	CC-BY 2.0 (France) Attribution: tatoeba.org #1206337 (CK) & #3246046 (Pfirsichbaeumchen)
x26241	Katapult	CC-BY 2.0 (France) Attribution: tatoeba.org #673309 (darinmex) & #2120266 (Zaghawa)
x26242	Erschütterung	CC-BY 2.0 (France) Attribution: tatoeba.org #277198 (CM) & #12975107 (Yorwba)
x26243	verwöhnt	CC-BY 2.0 (France) Attribution: tatoeba.org #256723 (CK) & #451544 (MUIRIEL)
x26244	geschwollen	CC-BY 2.0 (France) Attribution: tatoeba.org #4251341 (patgfisher) & #4254288 (brauchinet)
x26245	picken	CC-BY 2.0 (France) Attribution: tatoeba.org #567827 (darinmex) & #13078798 (Waldelfe)
x26246	ermuntern	CC-BY 2.0 (France) Attribution: tatoeba.org #316312 (CK) & #379905 (xtofu80)
x26247	abhanden	CC-BY 2.0 (France) Attribution: tatoeba.org #8886558 (CK) & #8886557 (Pfirsichbaeumchen)
x26248	Debüt	CC-BY 2.0 (France) Attribution: tatoeba.org #46588 (CK) & #973848 (Sudajaengi)
x26249	Humbug	CC-BY 2.0 (France) Attribution: tatoeba.org #4496777 (CK) & #12484862 (Yorwba)
x26250	Gartenarbeit	CC-BY 2.0 (France) Attribution: tatoeba.org #2427878 (Hybrid) & #2427894 (Pfirsichbaeumchen)
x26251	Epilepsie	CC-BY 2.0 (France) Attribution: tatoeba.org #2800601 (robbieheslop) & #5603211 (Vortarulo)
x26252	Faschismus	CC-BY 2.0 (France) Attribution: tatoeba.org #9770199 (shekitten) & #7857056 (brauchinet)
x26253	Antimaterie	CC-BY 2.0 (France) Attribution: tatoeba.org #7850112 (Hybrid) & #13603624 (Waldelfe)
x26254	unentwegt	CC-BY 2.0 (France) Attribution: tatoeba.org #5358289 (Hybrid) & #7016476 (Pfirsichbaeumchen)
x26255	Wäschekorb	CC-BY 2.0 (France) Attribution: tatoeba.org #6974607 (Hybrid) & #6974705 (Pfirsichbaeumchen)
x26256	Kriegsende	CC-BY 2.0 (France) Attribution: tatoeba.org #8789068 (CK) & #8810704 (Pfirsichbaeumchen)
x26257	rösten	CC-BY 2.0 (France) Attribution: tatoeba.org #5360450 (Hybrid) & #7849099 (Pfirsichbaeumchen)
x26258	Süßkartoffel	CC-BY 2.0 (France) Attribution: tatoeba.org #11690810 (sundown) & #4785267 (al_ex_an_der)
x26259	Arbeitsstelle	CC-BY 2.0 (France) Attribution: tatoeba.org #245454 (CK) & #844973 (Pfirsichbaeumchen)
x26260	meißeln	CC-BY 2.0 (France) Attribution: tatoeba.org #3973134 (patgfisher) & #3973328 (Pfirsichbaeumchen)
x26261	wappnen	CC-BY 2.0 (France) Attribution: tatoeba.org #2111960 (CK) & #1529170 (Pfirsichbaeumchen)
x26262	vereisen	CC-BY 2.0 (France) Attribution: tatoeba.org #681178 (Source_VOA) & #845115 (Manfredo)
x26263	Rohstoff	CC-BY 2.0 (France) Attribution: tatoeba.org #281511 (CK) & #1200311 (Esperantostern)
x26264	fotografisch	CC-BY 2.0 (France) Attribution: tatoeba.org #2358777 (CK) & #10084103 (wolfgangth)
x26265	bespitzeln	CC-BY 2.0 (France) Attribution: tatoeba.org #1671782 (Spamster) & #1671973 (Pfirsichbaeumchen)
x26266	Sitzplatz	CC-BY 2.0 (France) Attribution: tatoeba.org #11101896 (sundown) & #3750548 (Esperantostern)
x26267	Gicht	CC-BY 2.0 (France) Attribution: tatoeba.org #9388428 (CK) & #9388430 (brauchinet)
x26268	Oldtimer	CC-BY 2.0 (France) Attribution: tatoeba.org #395064 (CK) & #730697 (al_ex_an_der)
x26269	veranlagen	CC-BY 2.0 (France) Attribution: tatoeba.org #2400879 (CM) & #4259979 (Pfirsichbaeumchen)
x26270	Weihrauch	CC-BY 2.0 (France) Attribution: tatoeba.org #12086370 (CK) & #12086736 (Pfirsichbaeumchen)
x26271	Grat	CC-BY 2.0 (France) Attribution: tatoeba.org #3366757 (patgfisher) & #3376256 (brauchinet)
x26272	Schlagzeuger	CC-BY 2.0 (France) Attribution: tatoeba.org #6257891 (CK) & #6724894 (Pfirsichbaeumchen)
x26273	Betrachtung	CC-BY 2.0 (France) Attribution: tatoeba.org #46107 (CK) & #614110 (virgil)
x26274	Kontrast	CC-BY 2.0 (France) Attribution: tatoeba.org #309821 (CM) & #2802896 (freddy1)
x26275	Hornochse	CC-BY 2.0 (France) Attribution: tatoeba.org #410599 (CK) & #2877567 (Pfirsichbaeumchen)
x26276	Abwasser	CC-BY 2.0 (France) Attribution: tatoeba.org #681757 (Source_VOA) & #758645 (Pfirsichbaeumchen)
x26277	kaltherzig	CC-BY 2.0 (France) Attribution: tatoeba.org #1977552 (Spamster) & #2065273 (samueldora)
x26278	tuscheln	CC-BY 2.0 (France) Attribution: tatoeba.org #7274345 (Hybrid) & #7278023 (Pfirsichbaeumchen)
x26279	brodeln	CC-BY 2.0 (France) Attribution: tatoeba.org #312369 (CM) & #6933335 (Pfirsichbaeumchen)
x26280	bestehend	CC-BY 2.0 (France) Attribution: tatoeba.org #239536 (CM) & #3095754 (al_ex_an_der)
x26281	animieren	CC-BY 2.0 (France) Attribution: tatoeba.org #328883 (fcbond) & #3106624 (Pfirsichbaeumchen)
x26282	Rechtschaffenheit	CC-BY 2.0 (France) Attribution: tatoeba.org #61012 (CM) & #1408547 (Esperantostern)
x26283	Hängematte	CC-BY 2.0 (France) Attribution: tatoeba.org #3433937 (AlanF_US) & #4912469 (raggione)
x26284	Warenhaus	CC-BY 2.0 (France) Attribution: tatoeba.org #252927 (CK) & #742653 (Manfredo)
x26285	vorsichtshalber	CC-BY 2.0 (France) Attribution: tatoeba.org #282236 (CK) & #2763625 (raggione)
x26286	Hustensaft	CC-BY 2.0 (France) Attribution: tatoeba.org #21839 (CK) & #819667 (Manfredo)
x26287	Raststätte	CC-BY 2.0 (France) Attribution: tatoeba.org #10595865 (CK) & #10596182 (Pfirsichbaeumchen)
x26288	Korps	CC-BY 2.0 (France) Attribution: tatoeba.org #2266083 (_undertoad) & #2309288 (Pfirsichbaeumchen)
x26289	Weihnachtstag	CC-BY 2.0 (France) Attribution: tatoeba.org #5705356 (CK) & #12169426 (Naina)
x26290	Nerz	CC-BY 2.0 (France) Attribution: tatoeba.org #2248644 (CK) & #12484887 (Yorwba)
x26291	Magnetfeld	CC-BY 2.0 (France) Attribution: tatoeba.org #8732968 (Hybrid) & #11503924 (Pfirsichbaeumchen)
x26292	Wirbelsturm	CC-BY 2.0 (France) Attribution: tatoeba.org #696935 (darinmex) & #12447857 (Waldelfe)
x26293	vorverlegen	CC-BY 2.0 (France) Attribution: tatoeba.org #264249 (CK) & #6143111 (Pfirsichbaeumchen)
x26294	tadeln	CC-BY 2.0 (France) Attribution: tatoeba.org #297256 (CM) & #11986765 (Naina)
x26295	heraushalten	CC-BY 2.0 (France) Attribution: tatoeba.org #2014328 (CK) & #3304144 (Pfirsichbaeumchen)
x26296	Seifenblase	CC-BY 2.0 (France) Attribution: tatoeba.org #1860502 (CK) & #5255225 (Pfirsichbaeumchen)
x26297	normalisieren	CC-BY 2.0 (France) Attribution: tatoeba.org #3734292 (CK) & #5331105 (Pfirsichbaeumchen)
x26298	illustrieren	CC-BY 2.0 (France) Attribution: tatoeba.org #262938 (CK) & #12503938 (mayabe)
x26299	Komödiant	CC-BY 2.0 (France) Attribution: tatoeba.org #327941 (CK) & #797893 (Manfredo)
x26300	Areal	CC-BY 2.0 (France) Attribution: tatoeba.org #1702651 (Spamster) & #1703037 (al_ex_an_der)
x26301	Tanker	CC-BY 2.0 (France) Attribution: tatoeba.org #50267 (CK) & #459063 (al_ex_an_der)
x26302	Kartoffelsalat	CC-BY 2.0 (France) Attribution: tatoeba.org #12503606 (CK) & #12689190 (Waldelfe)
x26303	Militärgericht	CC-BY 2.0 (France) Attribution: tatoeba.org #807486 (Source_VOA) & #3929891 (Pfirsichbaeumchen)
x26304	Relevanz	CC-BY 2.0 (France) Attribution: tatoeba.org #7492997 (CK) & #12511584 (Naina)
x26305	Rheuma	CC-BY 2.0 (France) Attribution: tatoeba.org #28058 (CK) & #361436 (Wolf)
x26306	Leibesvisitation	CC-BY 2.0 (France) Attribution: tatoeba.org #953542 (CK) & #5805715 (Pfirsichbaeumchen)
x26307	Versicherungspolice	CC-BY 2.0 (France) Attribution: tatoeba.org #6464021 (CarpeLanam) & #6464078 (Manfredo)
x26308	Sommertag	CC-BY 2.0 (France) Attribution: tatoeba.org #5856509 (JohnKnaphus) & #12452015 (Waldelfe)
x26309	interagieren	CC-BY 2.0 (France) Attribution: tatoeba.org #3746395 (patgfisher) & #3747997 (Pfirsichbaeumchen)
x26310	Fertigkeit	CC-BY 2.0 (France) Attribution: tatoeba.org #10289650 (ddnktr) & #9936397 (GaryGaryGary)
x26311	ergattern	CC-BY 2.0 (France) Attribution: tatoeba.org #19263 (CM) & #409113 (xtofu80)
x26312	aufwerfen	CC-BY 2.0 (France) Attribution: tatoeba.org #1581 (CK) & #385 (MUIRIEL)
x26313	herunterfallen	CC-BY 2.0 (France) Attribution: tatoeba.org #3592490 (karloelkebekio) & #3595801 (brauchinet)
x26314	niederschreiben	CC-BY 2.0 (France) Attribution: tatoeba.org #6080759 (CK) & #11830860 (Naina)
x26315	Kaffeepause	CC-BY 2.0 (France) Attribution: tatoeba.org #349811 (human600) & #1291431 (Esperantostern)
x26316	Passion	CC-BY 2.0 (France) Attribution: tatoeba.org #3270672 (patgfisher) & #3270650 (Pfirsichbaeumchen)
x26317	maßlos	CC-BY 2.0 (France) Attribution: tatoeba.org #5749980 (Theocracy) & #5749976 (Esperantostern)
x26318	Korkenzieher	CC-BY 2.0 (France) Attribution: tatoeba.org #10722632 (CK) & #12522324 (Waldelfe)
x26319	Plural	CC-BY 2.0 (France) Attribution: tatoeba.org #7774447 (CK) & #7775922 (Pfirsichbaeumchen)
x26320	Dringlichkeit	CC-BY 2.0 (France) Attribution: tatoeba.org #263775 (CM) & #5519810 (Pfirsichbaeumchen)
x26321	Anthropologie	CC-BY 2.0 (France) Attribution: tatoeba.org #56909 (CK) & #2367134 (al_ex_an_der)
x26322	Kerosin	CC-BY 2.0 (France) Attribution: tatoeba.org #10465641 (CK) & #10465940 (Pfirsichbaeumchen)
x26323	Enzyklopädie	CC-BY 2.0 (France) Attribution: tatoeba.org #552148 (kebukebu) & #5331112 (Pfirsichbaeumchen)
x26324	Drehbuchautor	CC-BY 2.0 (France) Attribution: tatoeba.org #7114162 (CM) & #8308067 (Luiaard)
x26325	ungarisch	CC-BY 2.0 (France) Attribution: tatoeba.org #9971995 (ddnktr) & #5319043 (honeygod)
x26326	Hampelmann	CC-BY 2.0 (France) Attribution: tatoeba.org #1534815 (CK) & #1691189 (Pfirsichbaeumchen)
x26327	tunken	CC-BY 2.0 (France) Attribution: tatoeba.org #10622719 (sangelo) & #12179840 (Optophonic)
x26328	Brecheisen	CC-BY 2.0 (France) Attribution: tatoeba.org #6196135 (CK) & #8075054 (Luiaard)
x26329	Lenz	CC-BY 2.0 (France) Attribution: tatoeba.org #7156845 (CK) & #7767894 (Pfirsichbaeumchen)
x26330	Bundesregierung	CC-BY 2.0 (France) Attribution: tatoeba.org #3731874 (CM) & #11750241 (Yorwba)
x26331	Abruf	CC-BY 2.0 (France) Attribution: tatoeba.org #313034 (CM) & #12838211 (Yorwba)
x26332	Arzttermin	CC-BY 2.0 (France) Attribution: tatoeba.org #8946778 (sundown) & #8634331 (Melang)
x26333	berichtigen	CC-BY 2.0 (France) Attribution: tatoeba.org #5752023 (CM) & #13586137 (Waldelfe)
x26334	ausdiskutieren	CC-BY 2.0 (France) Attribution: tatoeba.org #2164638 (Hybrid) & #2189988 (Pfirsichbaeumchen)
x26335	Pint	CC-BY 2.0 (France) Attribution: tatoeba.org #61015 (CK) & #748758 (Zaghawa)
x26336	austeilen	CC-BY 2.0 (France) Attribution: tatoeba.org #301089 (CK) & #3135586 (Pfirsichbaeumchen)
x26337	Reiter	CC-BY 2.0 (France) Attribution: tatoeba.org #1526444 (pauldhunt) & #1292411 (Esperantostern)
x26338	kläffen	CC-BY 2.0 (France) Attribution: tatoeba.org #8455902 (CK) & #12441245 (Yorwba)
x26339	Beunruhigung	CC-BY 2.0 (France) Attribution: tatoeba.org #449020 (CK) & #12627281 (mayabe)
x26340	urplötzlich	CC-BY 2.0 (France) Attribution: tatoeba.org #12013267 (sundown) & #7860199 (raggione)
x26341	Stammzelle	CC-BY 2.0 (France) Attribution: tatoeba.org #5424720 (CK) & #8688559 (Luiaard)
x26342	Flüchtlingslager	CC-BY 2.0 (France) Attribution: tatoeba.org #280808 (CM) & #1404731 (PeterR)
x26343	Spielzeit	CC-BY 2.0 (France) Attribution: tatoeba.org #257704 (CK) & #2500585 (raggione)
x26344	zerstreiten	CC-BY 2.0 (France) Attribution: tatoeba.org #2266297 (_undertoad) & #2306973 (Pfirsichbaeumchen)
x26345	Bettzeug	CC-BY 2.0 (France) Attribution: tatoeba.org #9649457 (CK) & #9651106 (Pfirsichbaeumchen)
x26346	verrenken	CC-BY 2.0 (France) Attribution: tatoeba.org #4097564 (hickeety) & #4097598 (brauchinet)
x26347	Regelung	CC-BY 2.0 (France) Attribution: tatoeba.org #54679 (CM) & #911757 (uschi)
x26348	Innovation	CC-BY 2.0 (France) Attribution: tatoeba.org #266794 (CM) & #1536729 (samueldora)
x26349	Blutgefäß	CC-BY 2.0 (France) Attribution: tatoeba.org #2020899 (Spamster) & #2030595 (Pfirsichbaeumchen)
x26350	recyceln	CC-BY 2.0 (France) Attribution: tatoeba.org #7154206 (Luiaard) & #7154204 (Luiaard)
x26351	nachwachsen	CC-BY 2.0 (France) Attribution: tatoeba.org #1656219 (Spamster) & #1697398 (Pfirsichbaeumchen)
x26352	nordisch	CC-BY 2.0 (France) Attribution: tatoeba.org #10911393 (CM) & #13565628 (Waldelfe)
x26353	umgestalten	CC-BY 2.0 (France) Attribution: tatoeba.org #10799999 (sundown) & #9036029 (Yorwba)
x26354	Wirtschaftskrise	CC-BY 2.0 (France) Attribution: tatoeba.org #1307336 (CM) & #1307337 (Esperantostern)
x26355	Laufpass	CC-BY 2.0 (France) Attribution: tatoeba.org #1079981 (CM) & #1080129 (Pfirsichbaeumchen)
x26356	Hühnersuppe	CC-BY 2.0 (France) Attribution: tatoeba.org #455789 (lukaszpp) & #641587 (Manfredo)
x26357	Sonntagabend	CC-BY 2.0 (France) Attribution: tatoeba.org #281860 (CK) & #716214 (Esperantostern)
x26358	fassungslos	CC-BY 2.0 (France) Attribution: tatoeba.org #7111578 (CM) & #12551787 (Waldelfe)
x26359	Gänseblümchen	CC-BY 2.0 (France) Attribution: tatoeba.org #315290 (CK) & #760470 (Esperantostern)
x26360	Faulheit	CC-BY 2.0 (France) Attribution: tatoeba.org #36267 (CK) & #644474 (Manfredo)
x26361	Stoppschild	CC-BY 2.0 (France) Attribution: tatoeba.org #6266637 (CK) & #11656865 (Pfirsichbaeumchen)
x26362	achtgeben	CC-BY 2.0 (France) Attribution: tatoeba.org #1893771 (CK) & #1894251 (Pfirsichbaeumchen)
x26363	Smartphone	CC-BY 2.0 (France) Attribution: tatoeba.org #3058208 (Hybrid) & #3058213 (Manfredo)
x26364	bevormunden	CC-BY 2.0 (France) Attribution: tatoeba.org #3722657 (CM) & #11839266 (Naina)
x26365	mitarbeiten	CC-BY 2.0 (France) Attribution: tatoeba.org #2203633 (CK) & #2204320 (Pfirsichbaeumchen)
x26366	Heidenangst	CC-BY 2.0 (France) Attribution: tatoeba.org #5436840 (CK) & #5436876 (Pfirsichbaeumchen)
x26367	Kriegsbeil	CC-BY 2.0 (France) Attribution: tatoeba.org #266038 (papabear) & #3109713 (Manfredo)
x26368	Reinkarnation	CC-BY 2.0 (France) Attribution: tatoeba.org #2642489 (CK) & #3567947 (al_ex_an_der)
x26369	Platin	CC-BY 2.0 (France) Attribution: tatoeba.org #10978536 (CM) & #12484825 (Yorwba)
x26370	Volumen	CC-BY 2.0 (France) Attribution: tatoeba.org #244696 (CM) & #926044 (Sudajaengi)
x26371	Vulkan	CC-BY 2.0 (France) Attribution: tatoeba.org #680705 (Source_VOA) & #4958020 (ghobIn)
x26372	Schneeball	CC-BY 2.0 (France) Attribution: tatoeba.org #5768959 (Hybrid) & #5768961 (Pfirsichbaeumchen)
x26373	Spieldose	CC-BY 2.0 (France) Attribution: tatoeba.org #5053151 (dancor) & #5051854 (brauchinet)
x26374	skalpieren	CC-BY 2.0 (France) Attribution: tatoeba.org #801295 (Zifre) & #2450554 (Zaghawa)
x26375	prasseln	CC-BY 2.0 (France) Attribution: tatoeba.org #9986775 (sundown) & #10055220 (sakslane)
x26376	belaufen	CC-BY 2.0 (France) Attribution: tatoeba.org #2266876 (_undertoad) & #12015122 (Pfirsichbaeumchen)
x26377	Altersunterschied	CC-BY 2.0 (France) Attribution: tatoeba.org #305284 (CM) & #2112355 (Espi)
x26378	Bettruhe	CC-BY 2.0 (France) Attribution: tatoeba.org #28021 (CK) & #368240 (lilygilder)
x26379	Schnellstraße	CC-BY 2.0 (France) Attribution: tatoeba.org #682156 (Source_VOA) & #737343 (al_ex_an_der)
x26380	Kotflügel	CC-BY 2.0 (France) Attribution: tatoeba.org #10770422 (AlanF_US) & #5349154 (Pfirsichbaeumchen)
x26381	Ehepartner	CC-BY 2.0 (France) Attribution: tatoeba.org #774848 (marloncori) & #1201887 (Esperantostern)
x26382	Ernstfall	CC-BY 2.0 (France) Attribution: tatoeba.org #681470 (Source_VOA) & #775506 (Pfirsichbaeumchen)
x26383	Eiweiß	CC-BY 2.0 (France) Attribution: tatoeba.org #7697533 (Hybrid) & #8244915 (MisterTrouser)
x26384	flussaufwärts	CC-BY 2.0 (France) Attribution: tatoeba.org #58148 (Dejo) & #2783814 (Tamy)
x26385	Eiszeit	CC-BY 2.0 (France) Attribution: tatoeba.org #239041 (CK) & #688485 (samueldora)
x26386	Ergreifung	CC-BY 2.0 (France) Attribution: tatoeba.org #11613841 (CK) & #13327410 (Waldelfe)
x26387	Besatzungsmitglied	CC-BY 2.0 (France) Attribution: tatoeba.org #3732009 (CM) & #4878210 (Pfirsichbaeumchen)
x26388	Defizit	CC-BY 2.0 (France) Attribution: tatoeba.org #244270 (CK) & #8964784 (manese)
x26389	Trampolin	CC-BY 2.0 (France) Attribution: tatoeba.org #1797672 (Spamster) & #1797676 (Esperantostern)
x26390	anbehalten	CC-BY 2.0 (France) Attribution: tatoeba.org #58543 (CK) & #1462931 (Manfredo)
x26391	Monatsende	CC-BY 2.0 (France) Attribution: tatoeba.org #11642528 (sundown) & #2132255 (Pfirsichbaeumchen)
x26392	Ausbreitung	CC-BY 2.0 (France) Attribution: tatoeba.org #23986 (CK) & #1126657 (xtofu80)
x26393	Texaner	CC-BY 2.0 (France) Attribution: tatoeba.org #804148 (Source_VOA) & #3746235 (Pfirsichbaeumchen)
x26394	Autokino	CC-BY 2.0 (France) Attribution: tatoeba.org #9795754 (CK) & #12661522 (Waldelfe)
x26395	Kohlenhydrat	CC-BY 2.0 (France) Attribution: tatoeba.org #319863 (CK) & #1549350 (Zaghawa)
x26396	Bambus	CC-BY 2.0 (France) Attribution: tatoeba.org #7548500 (Hybrid) & #8244907 (MisterTrouser)
x26397	Einkaufsliste	CC-BY 2.0 (France) Attribution: tatoeba.org #7736209 (CK) & #8064790 (driini)
x26398	Leitartikel	CC-BY 2.0 (France) Attribution: tatoeba.org #6040457 (mailohilohi) & #12472377 (Yorwba)
x26399	trügen	CC-BY 2.0 (France) Attribution: tatoeba.org #2978186 (patgfisher) & #2978529 (freddy1)
x26400	flussabwärts	CC-BY 2.0 (France) Attribution: tatoeba.org #2335052 (CK) & #2335191 (Espi)
x26401	Halstuch	CC-BY 2.0 (France) Attribution: tatoeba.org #3170524 (CK) & #7780417 (raggione)
x26402	Schlager	CC-BY 2.0 (France) Attribution: tatoeba.org #49278 (CK) & #2393928 (Pfirsichbaeumchen)
x26403	widerwillig	CC-BY 2.0 (France) Attribution: tatoeba.org #2266027 (_undertoad) & #2322219 (Pfirsichbaeumchen)
x26404	Fahrlässigkeit	CC-BY 2.0 (France) Attribution: tatoeba.org #47112 (CM) & #2696899 (Pfirsichbaeumchen)
x26405	Primat	CC-BY 2.0 (France) Attribution: tatoeba.org #326115 (CM) & #1462388 (Manfredo)
x26406	Kaffeetasse	CC-BY 2.0 (France) Attribution: tatoeba.org #10667219 (igxr) & #13727940 (Waldelfe)
x26407	Anregung	CC-BY 2.0 (France) Attribution: tatoeba.org #3127948 (CK) & #3755111 (Zaghawa)
x26408	zerteilen	CC-BY 2.0 (France) Attribution: tatoeba.org #6254562 (CK) & #6970817 (Pfirsichbaeumchen)
x26409	Lebensgefährte	CC-BY 2.0 (France) Attribution: tatoeba.org #1357090 (sacredceltic) & #12379827 (mayabe)
x26410	Vorschlaghammer	CC-BY 2.0 (France) Attribution: tatoeba.org #7779619 (Ooneykcall) & #7780049 (raggione)
x26411	Arbeitslager	CC-BY 2.0 (France) Attribution: tatoeba.org #9853132 (CK) & #9853771 (Pfirsichbaeumchen)
x26412	Werkzeugkasten	CC-BY 2.0 (France) Attribution: tatoeba.org #6126591 (CK) & #11497948 (Pfirsichbaeumchen)
x26413	Schneiderin	CC-BY 2.0 (France) Attribution: tatoeba.org #2264246 (sharptoothed) & #9685911 (IgniteBrand)
x26414	Ringer	CC-BY 2.0 (France) Attribution: tatoeba.org #306120 (CK) & #1204650 (samueldora)
x26415	Kontostand	CC-BY 2.0 (France) Attribution: tatoeba.org #2259882 (_undertoad) & #2345510 (christian42)
x26416	Turban	CC-BY 2.0 (France) Attribution: tatoeba.org #1808439 (marcelostockle) & #12537059 (Yorwba)
x26417	Umschweif	CC-BY 2.0 (France) Attribution: tatoeba.org #374810 (saeb) & #1721988 (al_ex_an_der)
x26418	Stöpsel	CC-BY 2.0 (France) Attribution: tatoeba.org #11134648 (sundown) & #7295656 (brauchinet)
x26419	Nenner	CC-BY 2.0 (France) Attribution: tatoeba.org #10107589 (ddnktr) & #10107600 (brauchinet)
x26420	strafrechtlich	CC-BY 2.0 (France) Attribution: tatoeba.org #2718494 (Hybrid) & #2720377 (brauchinet)
x26421	Nationalpark	CC-BY 2.0 (France) Attribution: tatoeba.org #9795496 (CK) & #13090938 (Waldelfe)
x26422	erblühen	CC-BY 2.0 (France) Attribution: tatoeba.org #12285963 (Miktsoanit) & #12285522 (mhr)
x26423	Störenfried	CC-BY 2.0 (France) Attribution: tatoeba.org #5915686 (CK) & #12408232 (Waldelfe)
x26424	bildschön	CC-BY 2.0 (France) Attribution: tatoeba.org #308977 (CK) & #348418 (MUIRIEL)
x26425	Wutausbruch	CC-BY 2.0 (France) Attribution: tatoeba.org #313190 (CM) & #11780533 (Yorwba)
x26426	blödsinnig	CC-BY 2.0 (France) Attribution: tatoeba.org #5259291 (CK) & #5259321 (Pfirsichbaeumchen)
x26427	diskriminieren	CC-BY 2.0 (France) Attribution: tatoeba.org #2245719 (CK) & #7769482 (Yorwba)
x26428	Hundehütte	CC-BY 2.0 (France) Attribution: tatoeba.org #1300129 (CK) & #3525540 (Pfirsichbaeumchen)
x26429	hieraus	CC-BY 2.0 (France) Attribution: tatoeba.org #2466730 (freddy1) & #2461598 (freddy1)
x26430	unzulässig	CC-BY 2.0 (France) Attribution: tatoeba.org #632123 (darinmex) & #708242 (Esperantostern)
x26431	mitreißen	CC-BY 2.0 (France) Attribution: tatoeba.org #9203767 (DJ_Saidez) & #12703829 (Waldelfe)
x26432	hinreißen	CC-BY 2.0 (France) Attribution: tatoeba.org #4496322 (CK) & #6462834 (Pfirsichbaeumchen)
x26433	Wiederkehr	CC-BY 2.0 (France) Attribution: tatoeba.org #266903 (CK) & #745993 (Esperantostern)
x26434	Gürtellinie	CC-BY 2.0 (France) Attribution: tatoeba.org #2077773 (Spamster) & #2079874 (Pfirsichbaeumchen)
x26435	Baseballspieler	CC-BY 2.0 (France) Attribution: tatoeba.org #1396197 (CK) & #365481 (Wolf)
x26436	Taifun	CC-BY 2.0 (France) Attribution: tatoeba.org #242592 (CK) & #8158871 (raggione)
x26437	Massenmord	CC-BY 2.0 (France) Attribution: tatoeba.org #802186 (Source_VOA) & #1040912 (al_ex_an_der)
x26438	Schlafstörung	CC-BY 2.0 (France) Attribution: tatoeba.org #3773033 (patgfisher) & #3773218 (Pfirsichbaeumchen)
x26439	Verabschiedung	CC-BY 2.0 (France) Attribution: tatoeba.org #3022426 (sharptoothed) & #6645687 (Felixjp)
x26440	verlauten	CC-BY 2.0 (France) Attribution: tatoeba.org #1963532 (jjbraam) & #1963564 (Alois)
x26441	harken	CC-BY 2.0 (France) Attribution: tatoeba.org #11578388 (sundown) & #11229907 (Pfirsichbaeumchen)
x26442	erzittern	CC-BY 2.0 (France) Attribution: tatoeba.org #23909 (CK) & #1731459 (Pfirsichbaeumchen)
x26443	Nebenstraße	CC-BY 2.0 (France) Attribution: tatoeba.org #3736377 (CK) & #2838663 (freddy1)
x26444	ausschauen	CC-BY 2.0 (France) Attribution: tatoeba.org #2735617 (CK) & #2735630 (Tamy)
x26445	technologisch	CC-BY 2.0 (France) Attribution: tatoeba.org #11127175 (CM) & #11745419 (Yorwba)
x26446	Wagenheber	CC-BY 2.0 (France) Attribution: tatoeba.org #1756275 (Shishir) & #13021890 (Yorwba)
x26447	Nichtstun	CC-BY 2.0 (France) Attribution: tatoeba.org #847197 (Source_Benedict_1921) & #2829706 (Zaghawa)
x26448	Drücker	CC-BY 2.0 (France) Attribution: tatoeba.org #13653906 (Ergulis) & #13655703 (Naina)
x26449	Atomkrieg	CC-BY 2.0 (France) Attribution: tatoeba.org #21727 (CM) & #1238015 (BraveSentry)
x26450	Schlüsselloch	CC-BY 2.0 (France) Attribution: tatoeba.org #2258730 (_undertoad) & #2369655 (Pfirsichbaeumchen)
x26451	Rechtschreibung	CC-BY 2.0 (France) Attribution: tatoeba.org #278427 (Eldad) & #698846 (jakov)
x26452	Rückreise	CC-BY 2.0 (France) Attribution: tatoeba.org #20443 (CK) & #1695024 (Pfirsichbaeumchen)
x26453	Zeitdruck	CC-BY 2.0 (France) Attribution: tatoeba.org #6873223 (CK) & #12440717 (Waldelfe)
x26454	Donnerstagabend	CC-BY 2.0 (France) Attribution: tatoeba.org #23780 (CK) & #1293643 (Vortarulo)
x26455	frontal	CC-BY 2.0 (France) Attribution: tatoeba.org #264507 (CK) & #651853 (Pfirsichbaeumchen)
x26456	Akzeptanz	CC-BY 2.0 (France) Attribution: tatoeba.org #33334 (CM) & #1466363 (Espi)
x26457	Mordanschlag	CC-BY 2.0 (France) Attribution: tatoeba.org #2259491 (_undertoad) & #2351849 (Pfirsichbaeumchen)
x26458	Gasleitung	CC-BY 2.0 (France) Attribution: tatoeba.org #44483 (CM) & #1899979 (Tamy)
x26459	behelligen	CC-BY 2.0 (France) Attribution: tatoeba.org #2542283 (CK) & #2687992 (brauchinet)
x26460	Stundenkilometer	CC-BY 2.0 (France) Attribution: tatoeba.org #512182 (blay_paul) & #574598 (al_ex_an_der)
x26461	rotieren	CC-BY 2.0 (France) Attribution: tatoeba.org #1097316 (darinmex) & #3143285 (faehrmann)
x26462	Raumanzug	CC-BY 2.0 (France) Attribution: tatoeba.org #1363465 (GaryM) & #3075204 (pne)
x26463	Wasserflasche	CC-BY 2.0 (France) Attribution: tatoeba.org #9200842 (Cabo) & #12450632 (Waldelfe)
x26464	sticken	CC-BY 2.0 (France) Attribution: tatoeba.org #316162 (CK) & #413976 (xtofu80)
x26465	Kardiologe	CC-BY 2.0 (France) Attribution: tatoeba.org #7114174 (CM) & #9020943 (Pfirsichbaeumchen)
x26466	Sammlerstück	CC-BY 2.0 (France) Attribution: tatoeba.org #2544024 (CK) & #5320120 (Pfirsichbaeumchen)
x26467	Aftershave	CC-BY 2.0 (France) Attribution: tatoeba.org #1360661 (Spamster) & #3017391 (Zaghawa)
x26468	Ohrläppchen	CC-BY 2.0 (France) Attribution: tatoeba.org #502675 (blay_paul) & #10075078 (Yorwba)
x26469	Minze	CC-BY 2.0 (France) Attribution: tatoeba.org #8545140 (dresisto) & #12641436 (Yorwba)
x26470	Lyrik	CC-BY 2.0 (France) Attribution: tatoeba.org #286510 (CK) & #1527032 (al_ex_an_der)
x26471	Fußballer	CC-BY 2.0 (France) Attribution: tatoeba.org #6874258 (CK) & #555854 (cost)
x26472	knien	CC-BY 2.0 (France) Attribution: tatoeba.org #887262 (CK) & #11292534 (Pfirsichbaeumchen)
x26473	Grauzone	CC-BY 2.0 (France) Attribution: tatoeba.org #581209 (CM) & #581208 (Pfirsichbaeumchen)
x26474	trügerisch	CC-BY 2.0 (France) Attribution: tatoeba.org #538914 (darinmex) & #12537226 (Yorwba)
x26475	absaufen	CC-BY 2.0 (France) Attribution: tatoeba.org #9512324 (CK) & #9512354 (brauchinet)
x26476	verstauben	CC-BY 2.0 (France) Attribution: tatoeba.org #10264935 (ddnktr) & #12834024 (Waldelfe)
x26477	Tannenbaum	CC-BY 2.0 (France) Attribution: tatoeba.org #6555179 (CK) & #6560514 (Pfirsichbaeumchen)
x26478	Eingangshalle	CC-BY 2.0 (France) Attribution: tatoeba.org #3442311 (CK) & #3609258 (Jan_Schreiber)
x26479	Vordergrund	CC-BY 2.0 (France) Attribution: tatoeba.org #9489982 (shekitten) & #12703689 (Yorwba)
x26480	Ingwer	CC-BY 2.0 (France) Attribution: tatoeba.org #6939256 (Eccles17) & #6940083 (brauchinet)
x26481	zurückgreifen	CC-BY 2.0 (France) Attribution: tatoeba.org #6071816 (CK) & #7886092 (raggione)
x26482	wohnhaft	CC-BY 2.0 (France) Attribution: tatoeba.org #11127206 (CM) & #12454267 (Waldelfe)
x26483	Gesprächspartner	CC-BY 2.0 (France) Attribution: tatoeba.org #789873 (CK) & #402293 (xtofu80)
x26484	Zeitungsartikel	CC-BY 2.0 (France) Attribution: tatoeba.org #2032022 (CK) & #2656635 (Pfirsichbaeumchen)
x26485	Hausnummer	CC-BY 2.0 (France) Attribution: tatoeba.org #3079933 (patgfisher) & #1191012 (Sudajaengi)
x26486	hinzukommen	CC-BY 2.0 (France) Attribution: tatoeba.org #371942 (saeb) & #5328759 (Pfirsichbaeumchen)
x26487	Bluttransfusion	CC-BY 2.0 (France) Attribution: tatoeba.org #12315372 (ddnktr) & #13627388 (mhr)
x26488	hinwegsehen	CC-BY 2.0 (France) Attribution: tatoeba.org #1258894 (CM) & #3705245 (Pfirsichbaeumchen)
x26489	Trunkenbold	CC-BY 2.0 (France) Attribution: tatoeba.org #1215502 (Scott) & #1530951 (Pfirsichbaeumchen)
x26490	verheddern	CC-BY 2.0 (France) Attribution: tatoeba.org #2268036 (_undertoad) & #2317986 (al_ex_an_der)
x26491	Büroklammer	CC-BY 2.0 (France) Attribution: tatoeba.org #44114 (CK) & #620625 (samueldora)
x26492	verfilmen	CC-BY 2.0 (France) Attribution: tatoeba.org #9020724 (CK) & #9020727 (Pfirsichbaeumchen)
x26493	absehbar	CC-BY 2.0 (France) Attribution: tatoeba.org #8907287 (The_World_Factbook) & #12362842 (Yorwba)
x26494	schlüpfrig	CC-BY 2.0 (France) Attribution: tatoeba.org #718436 (darinmex) & #1882107 (Tamy)
x26495	Gravitation	CC-BY 2.0 (France) Attribution: tatoeba.org #27133 (CK) & #401654 (MUIRIEL)
x26496	Beisein	CC-BY 2.0 (France) Attribution: tatoeba.org #9432078 (CK) & #12630768 (Waldelfe)
x26497	Geltung	CC-BY 2.0 (France) Attribution: tatoeba.org #43991 (CK) & #2416642 (Tamy)
x26498	Fänger	CC-BY 2.0 (France) Attribution: tatoeba.org #248187 (CM) & #12840103 (Yorwba)
x26499	komischerweise	CC-BY 2.0 (France) Attribution: tatoeba.org #519692 (darinmex) & #926091 (Esperantostern)
x26500	hoffnungsvoll	CC-BY 2.0 (France) Attribution: tatoeba.org #5748001 (CM) & #12556903 (Naina)
x26501	Trio	CC-BY 2.0 (France) Attribution: tatoeba.org #4022491 (AlanF_US) & #4046136 (Pfirsichbaeumchen)
x26502	Weltmeisterschaft	CC-BY 2.0 (France) Attribution: tatoeba.org #3343265 (Hybrid) & #3344093 (Pfirsichbaeumchen)
x26503	umringen	CC-BY 2.0 (France) Attribution: tatoeba.org #562104 (darinmex) & #399547 (xtofu80)
x26504	Kranich	CC-BY 2.0 (France) Attribution: tatoeba.org #39742 (CK) & #987398 (Valodnieks)
x26505	Landwirt	CC-BY 2.0 (France) Attribution: tatoeba.org #2167100 (Vortarulo) & #2197509 (Vortarulo)
x26506	Präparat	CC-BY 2.0 (France) Attribution: tatoeba.org #9853837 (NurseMeeks) & #10151302 (driini)
x26507	wegschauen	CC-BY 2.0 (France) Attribution: tatoeba.org #2921577 (CK) & #13294879 (ElClonguero)
x26508	protokollieren	CC-BY 2.0 (France) Attribution: tatoeba.org #10025867 (sundown) & #10009714 (Melang)
x26509	Bestechungsgeld	CC-BY 2.0 (France) Attribution: tatoeba.org #45937 (CK) & #2493522 (Tamy)
x26510	Hammel	CC-BY 2.0 (France) Attribution: tatoeba.org #8264307 (CK) & #12838237 (Yorwba)
x26511	Astronomie	CC-BY 2.0 (France) Attribution: tatoeba.org #278983 (CK) & #415141 (konny)
x26512	Katzenfutter	CC-BY 2.0 (France) Attribution: tatoeba.org #13095636 (CK) & #13107624 (Waldelfe)
x26513	Patentante	CC-BY 2.0 (France) Attribution: tatoeba.org #8023873 (CK) & #8064812 (driini)
x26514	Vollendung	CC-BY 2.0 (France) Attribution: tatoeba.org #290852 (CM) & #413660 (xtofu80)
x26515	hochinteressant	CC-BY 2.0 (France) Attribution: tatoeba.org #5364143 (CK) & #5369046 (Pfirsichbaeumchen)
x26516	Krankenzimmer	CC-BY 2.0 (France) Attribution: tatoeba.org #10551557 (sundown) & #10201051 (Yorwba)
x26517	abraten	CC-BY 2.0 (France) Attribution: tatoeba.org #12464316 (CK) & #12465055 (Waldelfe)
x26518	Schadensersatz	CC-BY 2.0 (France) Attribution: tatoeba.org #305954 (CK) & #463620 (xtofu80)
x26519	Trillerpfeife	CC-BY 2.0 (France) Attribution: tatoeba.org #238098 (CK) & #5175259 (Pfirsichbaeumchen)
x26520	Quadratkilometer	CC-BY 2.0 (France) Attribution: tatoeba.org #3511345 (Objectivesea) & #3511341 (Esperantostern)
x26521	gelegen	CC-BY 2.0 (France) Attribution: tatoeba.org #1314643 (lugal) & #1756931 (Pfirsichbaeumchen)
x26522	zurückdenken	CC-BY 2.0 (France) Attribution: tatoeba.org #44718 (jakov) & #977523 (jakov)
x26523	hauchen	CC-BY 2.0 (France) Attribution: tatoeba.org #296740 (CM) & #690605 (Manfredo)
x26524	astronomisch	CC-BY 2.0 (France) Attribution: tatoeba.org #3869450 (patgfisher) & #3880760 (Pfirsichbaeumchen)
x26525	Vokabular	CC-BY 2.0 (France) Attribution: tatoeba.org #681201 (Source_VOA) & #836195 (Esperantostern)
x26526	Verschmelzung	CC-BY 2.0 (France) Attribution: tatoeba.org #10367067 (shekitten) & #12975014 (Yorwba)
x26527	Teufelskreis	CC-BY 2.0 (France) Attribution: tatoeba.org #8935296 (CK) & #8935351 (Pfirsichbaeumchen)
x26528	Stoppuhr	CC-BY 2.0 (France) Attribution: tatoeba.org #5923945 (mailohilohi) & #5926516 (brauchinet)
x26529	Brennholz	CC-BY 2.0 (France) Attribution: tatoeba.org #2455468 (CK) & #2456133 (Pfirsichbaeumchen)
x26530	Überlebenskünstler	CC-BY 2.0 (France) Attribution: tatoeba.org #28616 (CM) & #3940202 (Tamy)
x26531	Papaya	CC-BY 2.0 (France) Attribution: tatoeba.org #10111965 (shekitten) & #12393776 (Yorwba)
x26532	bekriegen	CC-BY 2.0 (France) Attribution: tatoeba.org #273278 (Zifre) & #13620611 (Waldelfe)
x26533	Beschädigung	CC-BY 2.0 (France) Attribution: tatoeba.org #9444372 (sundown) & #6449892 (raggione)
x26534	ausweinen	CC-BY 2.0 (France) Attribution: tatoeba.org #7578965 (CK) & #7580066 (Pfirsichbaeumchen)
x26535	verzieren	CC-BY 2.0 (France) Attribution: tatoeba.org #1716546 (Amastan) & #1716852 (Pfirsichbaeumchen)
x26536	begießen	CC-BY 2.0 (France) Attribution: tatoeba.org #5673622 (CK) & #5798550 (list)
x26537	akustisch	CC-BY 2.0 (France) Attribution: tatoeba.org #2050694 (CK) & #2051068 (Pfirsichbaeumchen)
x26538	Esstisch	CC-BY 2.0 (France) Attribution: tatoeba.org #8633841 (Eccles17) & #12702740 (Waldelfe)
x26539	Steuerhinterziehung	CC-BY 2.0 (France) Attribution: tatoeba.org #715588 (CM) & #2574375 (Pfirsichbaeumchen)
x26540	geradestehen	CC-BY 2.0 (France) Attribution: tatoeba.org #16044 (Swift) & #8599191 (Roujin)
x26541	Wettlauf	CC-BY 2.0 (France) Attribution: tatoeba.org #29535 (CK) & #3856159 (raggione)
x26542	Plankton	CC-BY 2.0 (France) Attribution: tatoeba.org #41197 (xtofu80) & #1788567 (Tintling)
x26543	Stürmer	CC-BY 2.0 (France) Attribution: tatoeba.org #34369 (Swift) & #822796 (Pfirsichbaeumchen)
x26544	Unterschlagung	CC-BY 2.0 (France) Attribution: tatoeba.org #458570 (lukaszpp) & #510340 (MUIRIEL)
x26545	Fragebogen	CC-BY 2.0 (France) Attribution: tatoeba.org #4305622 (CK) & #6400784 (brauchinet)
x26546	Papiertüte	CC-BY 2.0 (France) Attribution: tatoeba.org #263358 (CK) & #446230 (landano)
x26547	Zehennagel	CC-BY 2.0 (France) Attribution: tatoeba.org #2327527 (Hybrid) & #2329860 (Pfirsichbaeumchen)
x26548	abverlangen	CC-BY 2.0 (France) Attribution: tatoeba.org #2737304 (Dejo) & #2737318 (al_ex_an_der)
x26549	dortig	CC-BY 2.0 (France) Attribution: tatoeba.org #254574 (CK) & #1994726 (Tamy)
x26550	Finne	CC-BY 2.0 (France) Attribution: tatoeba.org #1128696 (CM) & #1128713 (Vortarulo)
x26551	verschränken	CC-BY 2.0 (France) Attribution: tatoeba.org #45258 (CM) & #1932361 (Tamy)
x26552	südöstlich	CC-BY 2.0 (France) Attribution: tatoeba.org #1396251 (CK) & #3507208 (al_ex_an_der)
x26553	übergewichtig	CC-BY 2.0 (France) Attribution: tatoeba.org #8076723 (Hybrid) & #8157480 (Pfirsichbaeumchen)
x26554	offenlegen	CC-BY 2.0 (France) Attribution: tatoeba.org #1954800 (CK) & #1967772 (Pfirsichbaeumchen)
x26555	pflanzlich	CC-BY 2.0 (France) Attribution: tatoeba.org #268566 (CM) & #1855898 (Zaghawa)
x26556	Asbest	CC-BY 2.0 (France) Attribution: tatoeba.org #11129417 (CM) & #12452401 (Yorwba)
x26557	Zumutung	CC-BY 2.0 (France) Attribution: tatoeba.org #11917684 (sundown) & #1241808 (Esperantostern)
x26558	Schamgefühl	CC-BY 2.0 (France) Attribution: tatoeba.org #5295441 (Hybrid) & #5295683 (Pfirsichbaeumchen)
x26559	Springbrunnen	CC-BY 2.0 (France) Attribution: tatoeba.org #2268646 (_undertoad) & #2290088 (Pfirsichbaeumchen)
x26560	Schnuller	CC-BY 2.0 (France) Attribution: tatoeba.org #12381171 (ddnktr) & #12381200 (Pfirsichbaeumchen)
x26561	Hauptgrund	CC-BY 2.0 (France) Attribution: tatoeba.org #1159357 (emmettricks) & #1856804 (Tamy)
x26562	Spielfilm	CC-BY 2.0 (France) Attribution: tatoeba.org #521657 (CK) & #330599 (MUIRIEL)
x26563	beherzigen	CC-BY 2.0 (France) Attribution: tatoeba.org #2266233 (_undertoad) & #13671605 (Naina)
x26564	Zündkerze	CC-BY 2.0 (France) Attribution: tatoeba.org #11078459 (sundown) & #383245 (Ole)
x26565	Kommilitone	CC-BY 2.0 (France) Attribution: tatoeba.org #297810 (CK) & #1418904 (Zaghawa)
x26566	verprassen	CC-BY 2.0 (France) Attribution: tatoeba.org #41559 (CM) & #942997 (chiyochan)
x26567	Steppe	CC-BY 2.0 (France) Attribution: tatoeba.org #2890108 (sharptoothed) & #3701464 (Pfirsichbaeumchen)
x26568	Landleben	CC-BY 2.0 (France) Attribution: tatoeba.org #242478 (CK) & #4296510 (quernd)
x26569	Grundbesitz	CC-BY 2.0 (France) Attribution: tatoeba.org #8907068 (The_World_Factbook) & #11745486 (Yorwba)
x26570	Stiefsohn	CC-BY 2.0 (France) Attribution: tatoeba.org #10701245 (AlanF_US) & #10701623 (mks)
x26571	Handicap	CC-BY 2.0 (France) Attribution: tatoeba.org #51620 (CM) & #11360620 (mayabe)
x26572	überraschenderweise	CC-BY 2.0 (France) Attribution: tatoeba.org #9452153 (CK) & #9455423 (Pfirsichbaeumchen)
x26573	Holzweg	CC-BY 2.0 (France) Attribution: tatoeba.org #2425986 (arnxy20) & #4870256 (al_ex_an_der)
x26574	Unzufriedenheit	CC-BY 2.0 (France) Attribution: tatoeba.org #11155397 (sundown) & #432680 (jakov)
x26575	herzzerreißend	CC-BY 2.0 (France) Attribution: tatoeba.org #18951 (CK) & #346953 (lilygilder)
x26576	Glasscherbe	CC-BY 2.0 (France) Attribution: tatoeba.org #2254595 (_undertoad) & #2388524 (Pfirsichbaeumchen)
x26577	Stöckelschuh	CC-BY 2.0 (France) Attribution: tatoeba.org #1991833 (Spamster) & #1991858 (Pfirsichbaeumchen)
x26578	Hornisse	CC-BY 2.0 (France) Attribution: tatoeba.org #12389883 (Miktsoanit) & #12389888 (mhr)
x26579	Zauberer	CC-BY 2.0 (France) Attribution: tatoeba.org #1790818 (Spamster) & #1791456 (Pfirsichbaeumchen)
x26580	zuschieben	CC-BY 2.0 (France) Attribution: tatoeba.org #44627 (CM) & #3240000 (raggione)
x26581	allseits	CC-BY 2.0 (France) Attribution: tatoeba.org #308717 (CM) & #1008059 (Sudajaengi)
x26582	Verfasser	CC-BY 2.0 (France) Attribution: tatoeba.org #57068 (CK) & #2613956 (Tamy)
x26583	immerdar	CC-BY 2.0 (France) Attribution: tatoeba.org #667973 (CK) & #3703282 (Pfirsichbaeumchen)
x26584	Hirntumor	CC-BY 2.0 (France) Attribution: tatoeba.org #6033391 (CK) & #8321114 (Luiaard)
x26585	bisweilen	CC-BY 2.0 (France) Attribution: tatoeba.org #2881958 (Hybrid) & #4180469 (Pfirsichbaeumchen)
x26586	Hitzewelle	CC-BY 2.0 (France) Attribution: tatoeba.org #932923 (darinmex) & #933647 (Espi)
x26587	Schererei	CC-BY 2.0 (France) Attribution: tatoeba.org #1190320 (CK) & #12412705 (Yorwba)
x26588	Keksdose	CC-BY 2.0 (France) Attribution: tatoeba.org #1523757 (Spamster) & #1523759 (Pfirsichbaeumchen)
x26589	pragmatisch	CC-BY 2.0 (France) Attribution: tatoeba.org #1164795 (cntrational) & #12000948 (Naina)
x26590	büffeln	CC-BY 2.0 (France) Attribution: tatoeba.org #293841 (CK) & #4098605 (Dani6187)
x26591	Gegenmaßnahme	CC-BY 2.0 (France) Attribution: tatoeba.org #324720 (CM) & #1930794 (Ennocb)
x26592	Bauwerk	CC-BY 2.0 (France) Attribution: tatoeba.org #68430 (CM) & #2201518 (Manfredo)
x26593	Wasserleitung	CC-BY 2.0 (France) Attribution: tatoeba.org #2267903 (_undertoad) & #2291696 (Pfirsichbaeumchen)
x26594	sacken	CC-BY 2.0 (France) Attribution: tatoeba.org #45290 (CK) & #1932449 (Tamy)
x26595	elterlich	CC-BY 2.0 (France) Attribution: tatoeba.org #9467184 (CK) & #9468365 (Pfirsichbaeumchen)
x26596	vegan	CC-BY 2.0 (France) Attribution: tatoeba.org #3064278 (Hybrid) & #4086784 (pullnosemans)
x26597	herauskriegen	CC-BY 2.0 (France) Attribution: tatoeba.org #3728993 (CM) & #12456237 (Waldelfe)
x26598	stechend	CC-BY 2.0 (France) Attribution: tatoeba.org #12187772 (CK) & #12607216 (Yorwba)
x26599	herabsetzen	CC-BY 2.0 (France) Attribution: tatoeba.org #30470 (CK) & #3836286 (Esperantostern)
x26600	dringlich	CC-BY 2.0 (France) Attribution: tatoeba.org #5541469 (BHO) & #8301964 (GuidoW)
x26601	Schreiner	CC-BY 2.0 (France) Attribution: tatoeba.org #5769807 (CK) & #5769828 (wolfgangth)
x26602	Verb	CC-BY 2.0 (France) Attribution: tatoeba.org #2297104 (Hybrid) & #2298060 (Pfirsichbaeumchen)
x26603	Exkursion	CC-BY 2.0 (France) Attribution: tatoeba.org #46891 (CK) & #12397878 (mayabe)
x26604	Niedergang	CC-BY 2.0 (France) Attribution: tatoeba.org #45980 (CM) & #1556018 (Pfirsichbaeumchen)
x26605	Flugzeugträger	CC-BY 2.0 (France) Attribution: tatoeba.org #12381110 (ddnktr) & #12381212 (Pfirsichbaeumchen)
x26606	Einhalt	CC-BY 2.0 (France) Attribution: tatoeba.org #1566545 (CK) & #2878958 (Pfirsichbaeumchen)
x26607	Vorstandssitzung	CC-BY 2.0 (France) Attribution: tatoeba.org #410472 (CK) & #10302569 (Yorwba)
x26608	Rosenkohl	CC-BY 2.0 (France) Attribution: tatoeba.org #5201663 (Hybrid) & #7432212 (Pfirsichbaeumchen)
x26609	Schachspiel	CC-BY 2.0 (France) Attribution: tatoeba.org #3022560 (sharptoothed) & #8737492 (Pfirsichbaeumchen)
x26610	Gockel	CC-BY 2.0 (France) Attribution: tatoeba.org #2292583 (Hybrid) & #11101048 (Pfirsichbaeumchen)
x26611	Nachrichtensprecher	CC-BY 2.0 (France) Attribution: tatoeba.org #61641 (CK) & #437337 (xtofu80)
x26612	Orkan	CC-BY 2.0 (France) Attribution: tatoeba.org #8626865 (Hybrid) & #9101617 (Pfirsichbaeumchen)
x26613	Knochenbruch	CC-BY 2.0 (France) Attribution: tatoeba.org #9280541 (DJ_Saidez) & #9839337 (Pfirsichbaeumchen)
x26614	Realist	CC-BY 2.0 (France) Attribution: tatoeba.org #5852775 (CK) & #12928470 (Waldelfe)
x26615	Fünfziger	CC-BY 2.0 (France) Attribution: tatoeba.org #3732100 (CM) & #4878163 (Pfirsichbaeumchen)
x26616	nuscheln	CC-BY 2.0 (France) Attribution: tatoeba.org #31120 (CK) & #1699032 (Pfirsichbaeumchen)
x26617	pfiffig	CC-BY 2.0 (France) Attribution: tatoeba.org #1676723 (Spamster) & #1678732 (Pfirsichbaeumchen)
x26618	lateinisch	CC-BY 2.0 (France) Attribution: tatoeba.org #26344 (kebukebu) & #340830 (MUIRIEL)
x26619	aufpolieren	CC-BY 2.0 (France) Attribution: tatoeba.org #854146 (piksea) & #1994733 (Tamy)
x26620	kentern	CC-BY 2.0 (France) Attribution: tatoeba.org #11160056 (sundown) & #4034121 (pinky)
x26621	vorsetzen	CC-BY 2.0 (France) Attribution: tatoeba.org #953414 (CK) & #2824512 (raggione)
x26622	Anfängerin	CC-BY 2.0 (France) Attribution: tatoeba.org #2247880 (CK) & #2942267 (Pfirsichbaeumchen)
x26623	Leitungswasser	CC-BY 2.0 (France) Attribution: tatoeba.org #8384572 (Luiaard) & #5590404 (raggione)
x26624	Elan	CC-BY 2.0 (France) Attribution: tatoeba.org #292149 (CM) & #1039716 (tatomeimei)
x26625	verdeckt	CC-BY 2.0 (France) Attribution: tatoeba.org #1848869 (Spamster) & #1848940 (Pfirsichbaeumchen)
x26626	Warnschuss	CC-BY 2.0 (France) Attribution: tatoeba.org #4905045 (CK) & #4905704 (al_ex_an_der)
x26627	defensiv	CC-BY 2.0 (France) Attribution: tatoeba.org #324723 (CK) & #1179260 (Sudajaengi)
x26628	Verzeichnis	CC-BY 2.0 (France) Attribution: tatoeba.org #266726 (CK) & #12629847 (mayabe)
x26629	niederreißen	CC-BY 2.0 (France) Attribution: tatoeba.org #22925 (CK) & #2533139 (Lars224)
x26630	Englischlehrer	CC-BY 2.0 (France) Attribution: tatoeba.org #271806 (CK) & #1188613 (Sudajaengi)
x26631	dürsten	CC-BY 2.0 (France) Attribution: tatoeba.org #1009286 (AOCinJAPAN) & #3076470 (Pfirsichbaeumchen)
x26632	Schlappe	CC-BY 2.0 (France) Attribution: tatoeba.org #260069 (CK) & #12488034 (Waldelfe)
x26633	Adjektiv	CC-BY 2.0 (France) Attribution: tatoeba.org #2267280 (_undertoad) & #2297240 (Pfirsichbaeumchen)
x26634	wegbleiben	CC-BY 2.0 (France) Attribution: tatoeba.org #11593188 (CK) & #13730273 (Waldelfe)
x26635	dünken	CC-BY 2.0 (France) Attribution: tatoeba.org #1963045 (CK) & #1964210 (Pfirsichbaeumchen)
x26636	Schadenersatz	CC-BY 2.0 (France) Attribution: tatoeba.org #12274798 (CK) & #12633280 (Waldelfe)
x26637	Beharrlichkeit	CC-BY 2.0 (France) Attribution: tatoeba.org #281975 (Zifre) & #8763563 (Yorwba)
x26638	Getöse	CC-BY 2.0 (France) Attribution: tatoeba.org #10275103 (LimeGreenTeknii) & #10275457 (Pfirsichbaeumchen)
x26639	Erntedankfest	CC-BY 2.0 (France) Attribution: tatoeba.org #7523978 (Hybrid) & #11232595 (Pfirsichbaeumchen)
x26640	unsympathisch	CC-BY 2.0 (France) Attribution: tatoeba.org #2258585 (_undertoad) & #2369716 (Pfirsichbaeumchen)
x26641	Ausrottung	CC-BY 2.0 (France) Attribution: tatoeba.org #6604340 (Hybrid) & #6835440 (Pfirsichbaeumchen)
x26642	Leberfleck	CC-BY 2.0 (France) Attribution: tatoeba.org #9188436 (CK) & #12511952 (Naina)
x26643	mitsingen	CC-BY 2.0 (France) Attribution: tatoeba.org #9180178 (CK) & #12644507 (Waldelfe)
x26644	Blumentopf	CC-BY 2.0 (France) Attribution: tatoeba.org #10636475 (AlanF_US) & #12454709 (Augustus)
x26645	Flutwelle	CC-BY 2.0 (France) Attribution: tatoeba.org #307183 (CK) & #798951 (Pfirsichbaeumchen)
x26646	Salto	CC-BY 2.0 (France) Attribution: tatoeba.org #10465244 (AlanF_US) & #11780469 (Yorwba)
x26647	dinieren	CC-BY 2.0 (France) Attribution: tatoeba.org #3155292 (CM) & #12151686 (Pfirsichbaeumchen)
x26648	Naturkatastrophe	CC-BY 2.0 (France) Attribution: tatoeba.org #277221 (CK) & #536902 (xtofu80)
x26649	Rabauke	CC-BY 2.0 (France) Attribution: tatoeba.org #10959297 (CM) & #12401589 (Naina)
x26650	Traumwelt	CC-BY 2.0 (France) Attribution: tatoeba.org #295592 (CK) & #435884 (xtofu80)
x26651	Heiligenschein	CC-BY 2.0 (France) Attribution: tatoeba.org #1405933 (CM) & #4052360 (Pfirsichbaeumchen)
x26652	Großtante	CC-BY 2.0 (France) Attribution: tatoeba.org #729862 (darinmex) & #812946 (MUIRIEL)
x26653	Steigerung	CC-BY 2.0 (France) Attribution: tatoeba.org #4500246 (CK) & #6200587 (Esperantostern)
x26654	Ahornsirup	CC-BY 2.0 (France) Attribution: tatoeba.org #2794016 (Hybrid) & #2794023 (Pfirsichbaeumchen)
x26655	Berechtigung	CC-BY 2.0 (France) Attribution: tatoeba.org #924161 (Shiawase) & #2467457 (Zaghawa)
x26656	Traumjob	CC-BY 2.0 (France) Attribution: tatoeba.org #2045338 (CK) & #7728994 (driini)
x26657	prinzipiell	CC-BY 2.0 (France) Attribution: tatoeba.org #48548 (CM) & #1179823 (Esperantostern)
x26658	Interessenkonflikt	CC-BY 2.0 (France) Attribution: tatoeba.org #3922335 (CK) & #8105143 (Pfirsichbaeumchen)
x26659	schwül	CC-BY 2.0 (France) Attribution: tatoeba.org #12103127 (sundown) & #12186732 (Pfirsichbaeumchen)
x26660	zerknittern	CC-BY 2.0 (France) Attribution: tatoeba.org #807283 (Source_VOA) & #927251 (Pfirsichbaeumchen)
x26661	ausrechnen	CC-BY 2.0 (France) Attribution: tatoeba.org #262137 (CK) & #352036 (MUIRIEL)
x26662	stauen	CC-BY 2.0 (France) Attribution: tatoeba.org #682432 (Source_VOA) & #683015 (al_ex_an_der)
x26663	Neutron	CC-BY 2.0 (France) Attribution: tatoeba.org #2334885 (orcrist) & #4915334 (Pfirsichbaeumchen)
x26664	schleimen	CC-BY 2.0 (France) Attribution: tatoeba.org #72063 (CM) & #665934 (Pfirsichbaeumchen)
x26665	Halbfinale	CC-BY 2.0 (France) Attribution: tatoeba.org #50258 (CM) & #7185425 (moskytoo)
x26666	Teelöffel	CC-BY 2.0 (France) Attribution: tatoeba.org #10681990 (sundown) & #1691719 (al_ex_an_der)
x26667	rundum	CC-BY 2.0 (France) Attribution: tatoeba.org #250065 (CM) & #2242524 (Tamy)
x26668	Qualm	CC-BY 2.0 (France) Attribution: tatoeba.org #49471 (CM) & #2459432 (Zaghawa)
x26669	Hochzeitsfeier	CC-BY 2.0 (France) Attribution: tatoeba.org #257708 (CK) & #1536677 (Pfirsichbaeumchen)
x26670	Rosmarin	CC-BY 2.0 (France) Attribution: tatoeba.org #10138606 (LanguageExpert) & #10138645 (Pfirsichbaeumchen)
x26671	sorgsam	CC-BY 2.0 (France) Attribution: tatoeba.org #324850 (CM) & #2672046 (Pfirsichbaeumchen)
x26672	Hauptgang	CC-BY 2.0 (France) Attribution: tatoeba.org #2270125 (_undertoad) & #2272362 (Pfirsichbaeumchen)
x26673	Stundenplan	CC-BY 2.0 (France) Attribution: tatoeba.org #3730482 (CM) & #4959735 (Zaghawa)
x26674	Staatsbürgerschaft	CC-BY 2.0 (France) Attribution: tatoeba.org #4499781 (CK) & #4871612 (Pfirsichbaeumchen)
x26675	Schliff	CC-BY 2.0 (France) Attribution: tatoeba.org #681709 (Source_VOA) & #4738340 (Manfredo)
x26676	Ladegerät	CC-BY 2.0 (France) Attribution: tatoeba.org #9271079 (CK) & #10481206 (brauchinet)
x26677	Bleichmittel	CC-BY 2.0 (France) Attribution: tatoeba.org #10613197 (AlanF_US) & #12703785 (Yorwba)
x26678	verrosten	CC-BY 2.0 (France) Attribution: tatoeba.org #26727 (CK) & #1013249 (Sudajaengi)
x26679	Kämpfer	CC-BY 2.0 (France) Attribution: tatoeba.org #5741293 (CM) & #8740342 (Melang)
x26680	erhaschen	CC-BY 2.0 (France) Attribution: tatoeba.org #326180 (bajama) & #13274095 (Waldelfe)
x26681	Faultier	CC-BY 2.0 (France) Attribution: tatoeba.org #6362940 (Hybrid) & #6363057 (Pfirsichbaeumchen)
x26682	zugestehen	CC-BY 2.0 (France) Attribution: tatoeba.org #261760 (CM) & #2736902 (Pfirsichbaeumchen)
x26683	pazifisch	CC-BY 2.0 (France) Attribution: tatoeba.org #8288694 (sundown) & #510050 (Espi)
x26684	beteuern	CC-BY 2.0 (France) Attribution: tatoeba.org #298720 (CK) & #9037751 (Pfirsichbaeumchen)
x26685	überanstrengen	CC-BY 2.0 (France) Attribution: tatoeba.org #2026383 (CK) & #3006845 (raggione)
x26686	Gnu	CC-BY 2.0 (France) Attribution: tatoeba.org #7060039 (Hybrid) & #7840472 (Pfirsichbaeumchen)
x26687	eigens	CC-BY 2.0 (France) Attribution: tatoeba.org #2313696 (CK) & #3436193 (al_ex_an_der)
x26688	Betriebssystem	CC-BY 2.0 (France) Attribution: tatoeba.org #906963 (CK) & #923508 (Esperantostern)
x26689	Bluthochdruck	CC-BY 2.0 (France) Attribution: tatoeba.org #9849616 (NurseMeeks) & #9850716 (brauchinet)
x26690	Augenklappe	CC-BY 2.0 (France) Attribution: tatoeba.org #1655382 (Spamster) & #1655420 (Pfirsichbaeumchen)
x26691	Pute	CC-BY 2.0 (France) Attribution: tatoeba.org #69241 (CK) & #1475958 (Zaghawa)
x26692	Anämie	CC-BY 2.0 (France) Attribution: tatoeba.org #12184625 (CK) & #12195279 (Pfirsichbaeumchen)
x26693	Tapetenwechsel	CC-BY 2.0 (France) Attribution: tatoeba.org #2798614 (patgfisher) & #2798563 (raggione)
x26694	Wochentag	CC-BY 2.0 (France) Attribution: tatoeba.org #2878461 (CK) & #2376990 (Pfirsichbaeumchen)
x26695	tragend	CC-BY 2.0 (France) Attribution: tatoeba.org #1898211 (CK) & #1902339 (Pfirsichbaeumchen)
x26696	fluten	CC-BY 2.0 (France) Attribution: tatoeba.org #273170 (CK) & #1933532 (Ennocb)
x26697	Advokat	CC-BY 2.0 (France) Attribution: tatoeba.org #2050654 (CK) & #2051432 (Pfirsichbaeumchen)
x26698	hinreichend	CC-BY 2.0 (France) Attribution: tatoeba.org #7453293 (CK) & #7780754 (Pfirsichbaeumchen)
x26699	entstammen	CC-BY 2.0 (France) Attribution: tatoeba.org #410801 (blay_paul) & #4702454 (raggione)
x26700	traben	CC-BY 2.0 (France) Attribution: tatoeba.org #1019996 (CM) & #4871143 (raggione)
x26701	vietnamesisch	CC-BY 2.0 (France) Attribution: tatoeba.org #1442023 (Vortarulo) & #1442017 (Vortarulo)
x26702	einkehren	CC-BY 2.0 (France) Attribution: tatoeba.org #10221670 (sundown) & #4810013 (Manfredo)
x26703	Wortschatz	CC-BY 2.0 (France) Attribution: tatoeba.org #681201 (Source_VOA) & #3076368 (Pfirsichbaeumchen)
x26704	Minigolf	CC-BY 2.0 (France) Attribution: tatoeba.org #2819555 (Hybrid) & #3006806 (raggione)
x26705	Empathie	CC-BY 2.0 (France) Attribution: tatoeba.org #1335523 (CM) & #8107827 (manese)
x26706	Komplexität	CC-BY 2.0 (France) Attribution: tatoeba.org #296084 (CM) & #1105647 (jast)
x26707	Weltreise	CC-BY 2.0 (France) Attribution: tatoeba.org #10568230 (CK) & #10569463 (Pfirsichbaeumchen)
x26708	Kopfhaut	CC-BY 2.0 (France) Attribution: tatoeba.org #2267435 (_undertoad) & #2297175 (Pfirsichbaeumchen)
x26709	Selbstbeherrschung	CC-BY 2.0 (France) Attribution: tatoeba.org #298752 (CK) & #408594 (xtofu80)
x26710	Takt	CC-BY 2.0 (France) Attribution: tatoeba.org #1191975 (Anon) & #7757970 (Yorwba)
x26711	massenweise	CC-BY 2.0 (France) Attribution: tatoeba.org #5238572 (mailohilohi) & #9493603 (Yorwba)
x26712	herausreißen	CC-BY 2.0 (France) Attribution: tatoeba.org #3529972 (adamtrousers) & #3527701 (al_ex_an_der)
x26713	modeln	CC-BY 2.0 (France) Attribution: tatoeba.org #12172215 (CK) & #12630475 (Waldelfe)
x26714	Elektron	CC-BY 2.0 (France) Attribution: tatoeba.org #9662830 (DJ_Saidez) & #10100167 (Pfirsichbaeumchen)
x26715	Übel	CC-BY 2.0 (France) Attribution: tatoeba.org #285757 (CM) & #824596 (al_ex_an_der)
x26716	schwerfallen	CC-BY 2.0 (France) Attribution: tatoeba.org #9448531 (CK) & #9455356 (Pfirsichbaeumchen)
x26717	anweisen	CC-BY 2.0 (France) Attribution: tatoeba.org #2308162 (CK) & #3271851 (Zaghawa)
x26718	Polka	CC-BY 2.0 (France) Attribution: tatoeba.org #795769 (BraveSentry) & #795766 (BraveSentry)
x26719	Mörser	CC-BY 2.0 (France) Attribution: tatoeba.org #11838978 (sundown) & #780884 (MUIRIEL)
x26720	Mitspracherecht	CC-BY 2.0 (France) Attribution: tatoeba.org #10875344 (GaryGaryGary) & #593115 (cost)
x26721	Erdoberfläche	CC-BY 2.0 (France) Attribution: tatoeba.org #277108 (CM) & #361073 (Kerstin)
x26722	Einfachheit	CC-BY 2.0 (France) Attribution: tatoeba.org #10076806 (DJ_Saidez) & #1300986 (al_ex_an_der)
x26723	Zurückweisung	CC-BY 2.0 (France) Attribution: tatoeba.org #3120878 (Hybrid) & #4249390 (Pfirsichbaeumchen)
x26724	Teekanne	CC-BY 2.0 (France) Attribution: tatoeba.org #10853900 (sundown) & #563322 (MUIRIEL)
x26725	Zeichensprache	CC-BY 2.0 (France) Attribution: tatoeba.org #22880 (CK) & #340909 (MUIRIEL)
x26726	Alkoholiker	CC-BY 2.0 (France) Attribution: tatoeba.org #11932354 (CK) & #11932794 (Naina)
x26727	Unterkühlung	CC-BY 2.0 (France) Attribution: tatoeba.org #5767573 (Hybrid) & #6203461 (Pfirsichbaeumchen)
x26728	Bauchmuskel	CC-BY 2.0 (France) Attribution: tatoeba.org #538919 (darinmex) & #789472 (Hans_Adler)
x26729	Raserei	CC-BY 2.0 (France) Attribution: tatoeba.org #884426 (CM) & #12071410 (Pfirsichbaeumchen)
x26730	nahrhaft	CC-BY 2.0 (France) Attribution: tatoeba.org #3995170 (Hybrid) & #4002906 (Pfirsichbaeumchen)
x26731	zusammenstoßen	CC-BY 2.0 (France) Attribution: tatoeba.org #247408 (CK) & #360666 (Wolf)
x26732	Zeitzone	CC-BY 2.0 (France) Attribution: tatoeba.org #9751899 (DJ_Saidez) & #12858090 (Waldelfe)
x26733	Golfball	CC-BY 2.0 (France) Attribution: tatoeba.org #7727905 (CK) & #7728427 (brauchinet)
x26734	exportieren	CC-BY 2.0 (France) Attribution: tatoeba.org #680901 (Source_VOA) & #758238 (Pfirsichbaeumchen)
x26735	Zeichentrickfilm	CC-BY 2.0 (France) Attribution: tatoeba.org #1964118 (CK) & #4422608 (Dokuyaku)
x26736	heruntergekommen	CC-BY 2.0 (France) Attribution: tatoeba.org #953977 (CK) & #10164182 (Yorwba)
x26737	Miesepeter	CC-BY 2.0 (France) Attribution: tatoeba.org #1994392 (Spamster) & #1994964 (Tamy)
x26738	Goldgrube	CC-BY 2.0 (France) Attribution: tatoeba.org #2267807 (_undertoad) & #2292928 (Pfirsichbaeumchen)
x26739	zeitlos	CC-BY 2.0 (France) Attribution: tatoeba.org #1698482 (mookeee) & #2932548 (Pfirsichbaeumchen)
x26740	Hausschlüssel	CC-BY 2.0 (France) Attribution: tatoeba.org #2760954 (Hybrid) & #10290202 (Pfirsichbaeumchen)
x26741	unwahr	CC-BY 2.0 (France) Attribution: tatoeba.org #1490718 (niceguydave) & #639268 (BraveSentry)
x26742	Schiffbruch	CC-BY 2.0 (France) Attribution: tatoeba.org #11655001 (sundown) & #5272835 (Esperantostern)
x26743	bahnen	CC-BY 2.0 (France) Attribution: tatoeba.org #10923665 (CM) & #12472497 (Yorwba)
x26744	sickern	CC-BY 2.0 (France) Attribution: tatoeba.org #3170664 (CK) & #3180705 (Manfredo)
x26745	schlendern	CC-BY 2.0 (France) Attribution: tatoeba.org #23949 (CM) & #934588 (jakov)
x26746	verfälschen	CC-BY 2.0 (France) Attribution: tatoeba.org #2641163 (CK) & #12463680 (Yorwba)
x26747	ergötzen	CC-BY 2.0 (France) Attribution: tatoeba.org #2268970 (_undertoad) & #2289449 (Pfirsichbaeumchen)
x26748	Brettspiel	CC-BY 2.0 (France) Attribution: tatoeba.org #2050683 (CK) & #2051090 (Pfirsichbaeumchen)
x26749	viktorianisch	CC-BY 2.0 (France) Attribution: tatoeba.org #50691 (CM) & #399653 (xtofu80)
x26750	harren	CC-BY 2.0 (France) Attribution: tatoeba.org #10624450 (CK) & #10624591 (Pfirsichbaeumchen)
x26751	ökologisch	CC-BY 2.0 (France) Attribution: tatoeba.org #10540279 (sundown) & #9855374 (Yorwba)
x26752	Geschirrspüler	CC-BY 2.0 (France) Attribution: tatoeba.org #8925023 (CK) & #9025938 (Pfirsichbaeumchen)
x26753	einschüchternd	CC-BY 2.0 (France) Attribution: tatoeba.org #1658092 (Spamster) & #1697616 (Pfirsichbaeumchen)
x26754	lobenswert	CC-BY 2.0 (France) Attribution: tatoeba.org #476197 (CM) & #12450686 (Waldelfe)
x26755	Brechstange	CC-BY 2.0 (France) Attribution: tatoeba.org #6196135 (CK) & #8075052 (Luiaard)
x26756	Einfallsreichtum	CC-BY 2.0 (France) Attribution: tatoeba.org #3730231 (CM) & #5244631 (christian42)
x26757	Kleinholz	CC-BY 2.0 (France) Attribution: tatoeba.org #293585 (CK) & #923482 (Sudajaengi)
x26758	Gepäckträger	CC-BY 2.0 (France) Attribution: tatoeba.org #10899850 (CK) & #10899934 (Pfirsichbaeumchen)
x26759	Veganer	CC-BY 2.0 (France) Attribution: tatoeba.org #4086788 (pullnosemans) & #410048 (MUIRIEL)
x26760	Jurist	CC-BY 2.0 (France) Attribution: tatoeba.org #2245860 (CK) & #7467759 (raggione)
x26761	Schnauzbart	CC-BY 2.0 (France) Attribution: tatoeba.org #296263 (CK) & #353303 (MUIRIEL)
x26762	Schubkarre	CC-BY 2.0 (France) Attribution: tatoeba.org #987258 (CM) & #987257 (Esperantostern)
x26763	Studiengebühr	CC-BY 2.0 (France) Attribution: tatoeba.org #620108 (ulyssemc1) & #8836378 (Pfirsichbaeumchen)
x26764	abrichten	CC-BY 2.0 (France) Attribution: tatoeba.org #5568124 (Hybrid) & #5570349 (raggione)
x26765	Kohlkopf	CC-BY 2.0 (France) Attribution: tatoeba.org #507260 (CM) & #1815077 (pne)
x26766	Stofftier	CC-BY 2.0 (France) Attribution: tatoeba.org #1669983 (Spamster) & #1670027 (Pfirsichbaeumchen)
x26767	Betrachter	CC-BY 2.0 (France) Attribution: tatoeba.org #393871 (blay_paul) & #946 (MUIRIEL)
x26768	kritzeln	CC-BY 2.0 (France) Attribution: tatoeba.org #259792 (CK) & #1872042 (Esperantostern)
x26769	Mittelschule	CC-BY 2.0 (France) Attribution: tatoeba.org #71546 (CK) & #811406 (Esperantostern)
x26770	Motorboot	CC-BY 2.0 (France) Attribution: tatoeba.org #4132878 (CK) & #5278229 (raggione)
x26771	Kennwort	CC-BY 2.0 (France) Attribution: tatoeba.org #2387545 (CK) & #2575356 (Pfirsichbaeumchen)
x26772	Asiat	CC-BY 2.0 (France) Attribution: tatoeba.org #2111334 (CK) & #6625616 (Felixjp)
x26773	Bratpfanne	CC-BY 2.0 (France) Attribution: tatoeba.org #4679193 (mervert1) & #8661121 (Luiaard)
x26774	Registrierung	CC-BY 2.0 (France) Attribution: tatoeba.org #11932434 (CK) & #11932776 (Naina)
x26775	Westentasche	CC-BY 2.0 (France) Attribution: tatoeba.org #3000824 (Hybrid) & #3428808 (Pfirsichbaeumchen)
x26776	Milchmann	CC-BY 2.0 (France) Attribution: tatoeba.org #19453 (CK) & #1166240 (Sudajaengi)
x26777	Reputation	CC-BY 2.0 (France) Attribution: tatoeba.org #298822 (CK) & #1538155 (al_ex_an_der)
x26778	Anstandsdame	CC-BY 2.0 (France) Attribution: tatoeba.org #2737097 (Hybrid) & #6042557 (Pfirsichbaeumchen)
x26779	bodenständig	CC-BY 2.0 (France) Attribution: tatoeba.org #265382 (CM) & #580636 (samueldora)
x26780	zurückweichen	CC-BY 2.0 (France) Attribution: tatoeba.org #1886521 (CK) & #2072002 (al_ex_an_der)
x26781	herumkommen	CC-BY 2.0 (France) Attribution: tatoeba.org #1123904 (CK) & #3040041 (roeschter)
x26782	boykottieren	CC-BY 2.0 (France) Attribution: tatoeba.org #680413 (Source_VOA) & #921234 (Sudajaengi)
x26783	Elektroauto	CC-BY 2.0 (France) Attribution: tatoeba.org #1655737 (Spamster) & #1657405 (Esperantostern)
x26784	gebrechlich	CC-BY 2.0 (France) Attribution: tatoeba.org #4719409 (janms) & #4807912 (raggione)
x26785	Zeitgenosse	CC-BY 2.0 (France) Attribution: tatoeba.org #53876 (CM) & #1219198 (Sudajaengi)
x26786	notorisch	CC-BY 2.0 (France) Attribution: tatoeba.org #6254301 (CK) & #13397206 (Waldelfe)
x26787	Pflegemutter	CC-BY 2.0 (France) Attribution: tatoeba.org #8895539 (CK) & #8898143 (mramosch)
x26788	Resonanz	CC-BY 2.0 (France) Attribution: tatoeba.org #7787363 (CK) & #12437127 (Waldelfe)
x26789	Repertoire	CC-BY 2.0 (France) Attribution: tatoeba.org #289437 (CM) & #2977719 (Pfirsichbaeumchen)
x26790	Grundwasser	CC-BY 2.0 (France) Attribution: tatoeba.org #11118224 (CM) & #12326115 (Yorwba)
x26791	Diktat	CC-BY 2.0 (France) Attribution: tatoeba.org #58066 (CM) & #2770247 (Tamy)
x26792	Kartoffelchip	CC-BY 2.0 (France) Attribution: tatoeba.org #953599 (CK) & #2172629 (Vortarulo)
x26793	Nachlässigkeit	CC-BY 2.0 (France) Attribution: tatoeba.org #318650 (CK) & #6533094 (raggione)
x26794	Beschimpfung	CC-BY 2.0 (France) Attribution: tatoeba.org #6023667 (Hybrid) & #8705988 (Pfirsichbaeumchen)
x26795	Lymphknoten	CC-BY 2.0 (France) Attribution: tatoeba.org #4251341 (patgfisher) & #4254288 (brauchinet)
x26796	Camp	CC-BY 2.0 (France) Attribution: tatoeba.org #12122796 (CK) & #12217974 (mayabe)
x26797	Freiheitskämpfer	CC-BY 2.0 (France) Attribution: tatoeba.org #1988005 (MrShoval) & #1988024 (Pfirsichbaeumchen)
x26798	Mittelfinger	CC-BY 2.0 (France) Attribution: tatoeba.org #715802 (darinmex) & #4309095 (Esperantostern)
x26799	Tanne	CC-BY 2.0 (France) Attribution: tatoeba.org #6555179 (CK) & #6560513 (Pfirsichbaeumchen)
x26800	Bauchspeicheldrüse	CC-BY 2.0 (France) Attribution: tatoeba.org #10140968 (DJ_Saidez) & #12402698 (Yorwba)
x26801	Toilettenspülung	CC-BY 2.0 (France) Attribution: tatoeba.org #5958186 (CK) & #5962727 (arved)
x26802	Zwangsarbeit	CC-BY 2.0 (France) Attribution: tatoeba.org #566377 (darinmex) & #1056468 (Sudajaengi)
x26803	Ausrichtung	CC-BY 2.0 (France) Attribution: tatoeba.org #2268962 (_undertoad) & #2289453 (Pfirsichbaeumchen)
x26804	Uni	CC-BY 2.0 (France) Attribution: tatoeba.org #297680 (CK) & #2238159 (Vortarulo)
x26805	Bluterguss	CC-BY 2.0 (France) Attribution: tatoeba.org #9849467 (NurseMeeks) & #10151349 (driini)
x26806	woraufhin	CC-BY 2.0 (France) Attribution: tatoeba.org #8907217 (The_World_Factbook) & #12716527 (Waldelfe)
x26807	Geburtstagskuchen	CC-BY 2.0 (France) Attribution: tatoeba.org #3732864 (CK) & #8072575 (Pfirsichbaeumchen)
x26808	Äquator	CC-BY 2.0 (France) Attribution: tatoeba.org #272449 (CK) & #486039 (xtofu80)
x26809	Vetter	CC-BY 2.0 (France) Attribution: tatoeba.org #297821 (CK) & #1286127 (Espi)
x26810	Staatsmann	CC-BY 2.0 (France) Attribution: tatoeba.org #298220 (CM) & #1769546 (Pfirsichbaeumchen)
x26811	Verlockung	CC-BY 2.0 (France) Attribution: tatoeba.org #10042828 (sundown) & #2168186 (freddy1)
x26812	fingieren	CC-BY 2.0 (France) Attribution: tatoeba.org #4826252 (Hybrid) & #12065831 (mayabe)
x26813	Antilope	CC-BY 2.0 (France) Attribution: tatoeba.org #5360657 (Hybrid) & #6460970 (Pfirsichbaeumchen)
x26814	prekär	CC-BY 2.0 (France) Attribution: tatoeba.org #2173701 (Hybrid) & #2190131 (Pfirsichbaeumchen)
x26815	Studentenwohnheim	CC-BY 2.0 (France) Attribution: tatoeba.org #251410 (CK) & #1550170 (Pfirsichbaeumchen)
x26816	rechtens	CC-BY 2.0 (France) Attribution: tatoeba.org #2233755 (CK) & #2233788 (Pfirsichbaeumchen)
x26817	Mindestlohn	CC-BY 2.0 (France) Attribution: tatoeba.org #1542369 (Spamster) & #1542374 (Pfirsichbaeumchen)
x26818	diesseits	CC-BY 2.0 (France) Attribution: tatoeba.org #11101924 (CK) & #2229030 (Pfirsichbaeumchen)
x26819	Verkaufszahl	CC-BY 2.0 (France) Attribution: tatoeba.org #10949746 (CK) & #10949773 (Pfirsichbaeumchen)
x26820	fromm	CC-BY 2.0 (France) Attribution: tatoeba.org #10809746 (ddnktr) & #10266185 (manese)
x26821	Wahlrecht	CC-BY 2.0 (France) Attribution: tatoeba.org #804322 (Source_VOA) & #1590947 (Zaghawa)
x26822	Guacamole	CC-BY 2.0 (France) Attribution: tatoeba.org #10450999 (CK) & #11965570 (Naina)
x26823	Bergbau	CC-BY 2.0 (France) Attribution: tatoeba.org #1126773 (CK) & #2966069 (Pfirsichbaeumchen)
x26824	vorsorgen	CC-BY 2.0 (France) Attribution: tatoeba.org #22907 (CK) & #1498620 (Zaghawa)
x26825	Obstgarten	CC-BY 2.0 (France) Attribution: tatoeba.org #44527 (CK) & #2479870 (Tamy)
x26826	schweifen	CC-BY 2.0 (France) Attribution: tatoeba.org #2264625 (_undertoad) & #3891097 (Tickler)
x26827	drollig	CC-BY 2.0 (France) Attribution: tatoeba.org #2270109 (_undertoad) & #2289331 (Pfirsichbaeumchen)
x26828	Kolibri	CC-BY 2.0 (France) Attribution: tatoeba.org #772782 (marloncori) & #783992 (Chris)
x26829	Vorstand	CC-BY 2.0 (France) Attribution: tatoeba.org #687714 (lukaszpp) & #1547237 (Zaghawa)
x26830	überhäufen	CC-BY 2.0 (France) Attribution: tatoeba.org #2742407 (al_ex_an_der) & #2742414 (al_ex_an_der)
x26831	verschwimmen	CC-BY 2.0 (France) Attribution: tatoeba.org #2132470 (AnneWy) & #2132477 (Pfirsichbaeumchen)
x26832	Computerspiel	CC-BY 2.0 (France) Attribution: tatoeba.org #906735 (CK) & #1733604 (Esperantostern)
x26833	Delikt	CC-BY 2.0 (France) Attribution: tatoeba.org #682465 (Source_VOA) & #682759 (Pfirsichbaeumchen)
x26834	Kalzium	CC-BY 2.0 (France) Attribution: tatoeba.org #13020541 (rul) & #760492 (Esperantostern)
x26835	Uhrzeigersinn	CC-BY 2.0 (France) Attribution: tatoeba.org #9452795 (CK) & #9455386 (Pfirsichbaeumchen)
x26836	Tacker	CC-BY 2.0 (France) Attribution: tatoeba.org #44078 (CK) & #2339412 (Zaghawa)
x26837	Rauchmelder	CC-BY 2.0 (France) Attribution: tatoeba.org #10155730 (CK) & #12599345 (Waldelfe)
x26838	unerheblich	CC-BY 2.0 (France) Attribution: tatoeba.org #3528441 (CK) & #3608754 (Jan_Schreiber)
x26839	Weltgeschichte	CC-BY 2.0 (France) Attribution: tatoeba.org #9210617 (DJ_Saidez) & #9211948 (Pfirsichbaeumchen)
x26840	Halsschmerz	CC-BY 2.0 (France) Attribution: tatoeba.org #10921657 (CM) & #12014398 (Pfirsichbaeumchen)
x26841	auffallend	CC-BY 2.0 (France) Attribution: tatoeba.org #70933 (CK) & #6865497 (raggione)
x26842	Dasein	CC-BY 2.0 (France) Attribution: tatoeba.org #2712647 (CK) & #13705797 (Waldelfe)
x26843	Aktivist	CC-BY 2.0 (France) Attribution: tatoeba.org #680075 (Source_VOA) & #1606590 (Espi)
x26844	Notlandung	CC-BY 2.0 (France) Attribution: tatoeba.org #10275607 (Hybrid) & #13215197 (shirimasen)
x26845	Kamillentee	CC-BY 2.0 (France) Attribution: tatoeba.org #2570883 (Hybrid) & #2571253 (Pfirsichbaeumchen)
x26846	Heißhunger	CC-BY 2.0 (France) Attribution: tatoeba.org #9517722 (DJ_Saidez) & #9727186 (Pfirsichbaeumchen)
x26847	schnorren	CC-BY 2.0 (France) Attribution: tatoeba.org #289257 (CK) & #783115 (al_ex_an_der)
x26848	Milchprodukt	CC-BY 2.0 (France) Attribution: tatoeba.org #11251817 (ddnktr) & #11251818 (Pfirsichbaeumchen)
x26849	Verhaltensweise	CC-BY 2.0 (France) Attribution: tatoeba.org #997104 (CK) & #7764228 (Pfirsichbaeumchen)
x26850	Klavierstunde	CC-BY 2.0 (France) Attribution: tatoeba.org #679141 (CK) & #700646 (Esperantostern)
x26851	spicken	CC-BY 2.0 (France) Attribution: tatoeba.org #2952130 (CK) & #4948407 (Pfirsichbaeumchen)
x26852	Schriftstück	CC-BY 2.0 (France) Attribution: tatoeba.org #6343454 (CK) & #11948674 (Naina)
x26853	erproben	CC-BY 2.0 (France) Attribution: tatoeba.org #3264785 (CK) & #3266847 (brauchinet)
x26854	nächstgelegen	CC-BY 2.0 (France) Attribution: tatoeba.org #1876243 (zalaim) & #12425455 (mayabe)
x26855	Bierflasche	CC-BY 2.0 (France) Attribution: tatoeba.org #34849 (CK) & #2208153 (Tamy)
x26856	konzipieren	CC-BY 2.0 (France) Attribution: tatoeba.org #57029 (CM) & #2606227 (Tamy)
x26857	Malerin	CC-BY 2.0 (France) Attribution: tatoeba.org #838807 (Scott) & #2693415 (Pfirsichbaeumchen)
x26858	abschminken	CC-BY 2.0 (France) Attribution: tatoeba.org #1359510 (CK) & #1515162 (Pfirsichbaeumchen)
x26859	mütterlicherseits	CC-BY 2.0 (France) Attribution: tatoeba.org #287518 (CK) & #613161 (BraveSentry)
x26860	Bücherwurm	CC-BY 2.0 (France) Attribution: tatoeba.org #310520 (CK) & #612412 (virgil)
x26861	Desinfektionsmittel	CC-BY 2.0 (France) Attribution: tatoeba.org #906992 (Scott) & #3023058 (Pfirsichbaeumchen)
x26862	Beamer	CC-BY 2.0 (France) Attribution: tatoeba.org #1365230 (CK) & #1365229 (al_ex_an_der)
x26863	gebührend	CC-BY 2.0 (France) Attribution: tatoeba.org #15800 (Zifre) & #8599158 (Roujin)
x26864	scheffeln	CC-BY 2.0 (France) Attribution: tatoeba.org #2330199 (Hybrid) & #2330538 (Pfirsichbaeumchen)
x26865	behagen	CC-BY 2.0 (France) Attribution: tatoeba.org #5844826 (CK) & #6964735 (Pfirsichbaeumchen)
x26866	Kindheitserinnerung	CC-BY 2.0 (France) Attribution: tatoeba.org #5198859 (Objectivesea) & #5678019 (hanabi)
x26867	Backenzahn	CC-BY 2.0 (France) Attribution: tatoeba.org #10674334 (sundown) & #2880527 (Dani6187)
x26868	benachbart	CC-BY 2.0 (France) Attribution: tatoeba.org #1702451 (Spamster) & #1707990 (al_ex_an_der)
x26869	fertigwerden	CC-BY 2.0 (France) Attribution: tatoeba.org #1893929 (CK) & #1893967 (Pfirsichbaeumchen)
x26870	galoppieren	CC-BY 2.0 (France) Attribution: tatoeba.org #282366 (CK) & #362113 (Wolf)
x26871	anstreichen	CC-BY 2.0 (France) Attribution: tatoeba.org #31109 (CK) & #3154077 (raggione)
x26872	Kernschmelze	CC-BY 2.0 (France) Attribution: tatoeba.org #44129 (CK) & #2434661 (Tamy)
x26873	Diadem	CC-BY 2.0 (France) Attribution: tatoeba.org #533823 (tomkun01) & #3418762 (a_coder)
x26874	Eismann	CC-BY 2.0 (France) Attribution: tatoeba.org #1129615 (CM) & #3268518 (freddy1)
x26875	Afroamerikaner	CC-BY 2.0 (France) Attribution: tatoeba.org #805278 (Source_VOA) & #989692 (Esperantostern)
x26876	vertrauensvoll	CC-BY 2.0 (France) Attribution: tatoeba.org #12355724 (Miktsoanit) & #2038295 (al_ex_an_der)
x26877	Schutzbrille	CC-BY 2.0 (France) Attribution: tatoeba.org #10993748 (CK) & #13401342 (Waldelfe)
x26878	Helfer	CC-BY 2.0 (France) Attribution: tatoeba.org #2160426 (CM) & #2160299 (al_ex_an_der)
x26879	verbürgen	CC-BY 2.0 (France) Attribution: tatoeba.org #3327772 (CK) & #10712421 (Yorwba)
x26880	wiederaufbauen	CC-BY 2.0 (France) Attribution: tatoeba.org #10551452 (sundown) & #10162471 (Yorwba)
x26881	Geschäftswelt	CC-BY 2.0 (France) Attribution: tatoeba.org #625196 (darinmex) & #1833095 (Zaghawa)
x26882	Fertigstellung	CC-BY 2.0 (France) Attribution: tatoeba.org #59444 (CK) & #459307 (Espi)
x26883	Erwerb	CC-BY 2.0 (France) Attribution: tatoeba.org #33305 (CM) & #1860334 (Tamy)
x26884	Ruderboot	CC-BY 2.0 (France) Attribution: tatoeba.org #11058697 (CK) & #11058701 (brauchinet)
x26885	Gesundheitszustand	CC-BY 2.0 (France) Attribution: tatoeba.org #681746 (Source_VOA) & #758989 (al_ex_an_der)
x26886	Lohnerhöhung	CC-BY 2.0 (France) Attribution: tatoeba.org #396210 (CK) & #817779 (al_ex_an_der)
x26887	Einzelfall	CC-BY 2.0 (France) Attribution: tatoeba.org #57145 (CK) & #2617541 (Tamy)
x26888	Dreistigkeit	CC-BY 2.0 (France) Attribution: tatoeba.org #296253 (CM) & #13664500 (Naina)
x26889	verwarnen	CC-BY 2.0 (France) Attribution: tatoeba.org #9241692 (CK) & #12183092 (Naina)
x26890	Türgriff	CC-BY 2.0 (France) Attribution: tatoeba.org #321668 (CK) & #1358813 (al_ex_an_der)
x26891	Jagdhund	CC-BY 2.0 (France) Attribution: tatoeba.org #325809 (CK) & #3177607 (a_coder)
x26892	Hydrant	CC-BY 2.0 (France) Attribution: tatoeba.org #1951998 (CK) & #1952462 (Pfirsichbaeumchen)
x26893	Rabbiner	CC-BY 2.0 (France) Attribution: tatoeba.org #11890722 (CK) & #13728907 (Waldelfe)
x26894	einrahmen	CC-BY 2.0 (France) Attribution: tatoeba.org #12499440 (CK) & #12509642 (Waldelfe)
x26895	wertschätzen	CC-BY 2.0 (France) Attribution: tatoeba.org #12324209 (CK) & #12326761 (Rantanplan)
x26896	anfänglich	CC-BY 2.0 (France) Attribution: tatoeba.org #12274698 (CK) & #12581850 (Waldelfe)
x26897	verdünnen	CC-BY 2.0 (France) Attribution: tatoeba.org #10273753 (sundown) & #7742897 (brauchinet)
x26898	Maulkorb	CC-BY 2.0 (France) Attribution: tatoeba.org #3676611 (Eldad) & #3676615 (raggione)
x26899	Squash	CC-BY 2.0 (France) Attribution: tatoeba.org #52316 (CK) & #1044238 (Sudajaengi)
x26900	Nervenbündel	CC-BY 2.0 (France) Attribution: tatoeba.org #244887 (CK) & #4801933 (Raringo)
x26901	Ansturm	CC-BY 2.0 (France) Attribution: tatoeba.org #1847803 (CK) & #2717265 (Pfirsichbaeumchen)
x26902	Gerümpel	CC-BY 2.0 (France) Attribution: tatoeba.org #3158729 (CK) & #3159756 (brauchinet)
x26903	Hässlichkeit	CC-BY 2.0 (France) Attribution: tatoeba.org #6052 (Zifre) & #6099 (MUIRIEL)
x26904	Staatsstreich	CC-BY 2.0 (France) Attribution: tatoeba.org #63055 (CM) & #1527137 (Pfirsichbaeumchen)
x26905	Stiefschwester	CC-BY 2.0 (France) Attribution: tatoeba.org #12381064 (ddnktr) & #12381239 (Pfirsichbaeumchen)
x26906	verbuchen	CC-BY 2.0 (France) Attribution: tatoeba.org #58499 (CK) & #2818558 (Tamy)
x26907	Hofnarr	CC-BY 2.0 (France) Attribution: tatoeba.org #1205686 (CM) & #1527766 (Pfirsichbaeumchen)
x26908	aufhalsen	CC-BY 2.0 (France) Attribution: tatoeba.org #3492690 (_undertoad) & #9708540 (Yorwba)
x26909	kraulen	CC-BY 2.0 (France) Attribution: tatoeba.org #310778 (CK) & #2509327 (Zaghawa)
x26910	Sonnenblume	CC-BY 2.0 (France) Attribution: tatoeba.org #42651 (CK) & #344378 (MUIRIEL)
x26911	Anästhesist	CC-BY 2.0 (France) Attribution: tatoeba.org #1523158 (CK) & #894872 (Pfirsichbaeumchen)
x26912	hereinfallen	CC-BY 2.0 (France) Attribution: tatoeba.org #2639602 (CK) & #2771877 (Pfirsichbaeumchen)
x26913	Bierdose	CC-BY 2.0 (France) Attribution: tatoeba.org #7781440 (CK) & #8195583 (Pfirsichbaeumchen)
x26914	vernichtend	CC-BY 2.0 (France) Attribution: tatoeba.org #10900132 (CM) & #12484858 (Yorwba)
x26915	gehörig	CC-BY 2.0 (France) Attribution: tatoeba.org #11748859 (sundown) & #11179511 (Pfirsichbaeumchen)
x26916	Gotteslästerung	CC-BY 2.0 (France) Attribution: tatoeba.org #9498567 (shekitten) & #12015147 (Pfirsichbaeumchen)
x26917	Verständigung	CC-BY 2.0 (France) Attribution: tatoeba.org #239743 (CM) & #725265 (Esperantostern)
x26918	Sehvermögen	CC-BY 2.0 (France) Attribution: tatoeba.org #263381 (CK) & #1515930 (Manfredo)
x26919	Luftfeuchtigkeit	CC-BY 2.0 (France) Attribution: tatoeba.org #1415683 (CK) & #406576 (xtofu80)
x26920	Schwimmbecken	CC-BY 2.0 (France) Attribution: tatoeba.org #10550209 (CK) & #10550648 (Pfirsichbaeumchen)
x26921	sicherheitshalber	CC-BY 2.0 (France) Attribution: tatoeba.org #1064437 (CK) & #3740768 (freddy1)
x26922	sehnsüchtig	CC-BY 2.0 (France) Attribution: tatoeba.org #302592 (CK) & #3168548 (Pfirsichbaeumchen)
x26923	abwechseln	CC-BY 2.0 (France) Attribution: tatoeba.org #5178459 (CK) & #13703817 (kumakyoo)
x26924	Titelmelodie	CC-BY 2.0 (France) Attribution: tatoeba.org #9423006 (DJ_Saidez) & #9423333 (Pfirsichbaeumchen)
x26925	Surfbrett	CC-BY 2.0 (France) Attribution: tatoeba.org #4135342 (CK) & #8486782 (Luiaard)
x26926	Pessimist	CC-BY 2.0 (France) Attribution: tatoeba.org #21262 (CK) & #520758 (tokyomews)
x26927	Stachelschwein	CC-BY 2.0 (France) Attribution: tatoeba.org #2213686 (CM) & #3149899 (Plusquamperfekt)
x26928	zusammenfallen	CC-BY 2.0 (France) Attribution: tatoeba.org #9419388 (sundown) & #1497168 (Esperantostern)
x26929	hemmen	CC-BY 2.0 (France) Attribution: tatoeba.org #8904867 (The_World_Factbook) & #11763032 (Yorwba)
x26930	auflassen	CC-BY 2.0 (France) Attribution: tatoeba.org #9199923 (sundown) & #7143351 (raggione)
x26931	Fensterscheibe	CC-BY 2.0 (France) Attribution: tatoeba.org #45609 (Zifre) & #1959589 (Tamy)
x26932	zeitgenössisch	CC-BY 2.0 (France) Attribution: tatoeba.org #296086 (CK) & #942843 (Sudajaengi)
x26933	speien	CC-BY 2.0 (France) Attribution: tatoeba.org #1847752 (CK) & #1847892 (Tamy)
x26934	Bauernhaus	CC-BY 2.0 (France) Attribution: tatoeba.org #1547659 (trieuho) & #3924755 (Pfirsichbaeumchen)
x26935	Astrologie	CC-BY 2.0 (France) Attribution: tatoeba.org #12244449 (CK) & #12667259 (Waldelfe)
x26936	Grabrede	CC-BY 2.0 (France) Attribution: tatoeba.org #546794 (darinmex) & #931271 (Fingerhut)
x26937	Skeptiker	CC-BY 2.0 (France) Attribution: tatoeba.org #5219414 (Hybrid) & #9931402 (Pfirsichbaeumchen)
x26938	hieran	CC-BY 2.0 (France) Attribution: tatoeba.org #9844301 (CK) & #12605633 (Waldelfe)
x26939	Schriftzeichen	CC-BY 2.0 (France) Attribution: tatoeba.org #532943 (blay_paul) & #1587411 (Pfirsichbaeumchen)
x26940	Motorradfahrer	CC-BY 2.0 (France) Attribution: tatoeba.org #4497264 (CK) & #8306910 (GuidoW)
x26941	Beisetzung	CC-BY 2.0 (France) Attribution: tatoeba.org #1165807 (CK) & #3691630 (Pfirsichbaeumchen)
x26942	Soldatin	CC-BY 2.0 (France) Attribution: tatoeba.org #5852740 (CK) & #8486026 (Luiaard)
x26943	Vatertag	CC-BY 2.0 (France) Attribution: tatoeba.org #3737093 (CK) & #1358372 (Esperantostern)
x26944	Lieblingsgericht	CC-BY 2.0 (France) Attribution: tatoeba.org #6774583 (CK) & #6774719 (Pfirsichbaeumchen)
x26945	nisten	CC-BY 2.0 (France) Attribution: tatoeba.org #7532568 (CK) & #7533140 (raggione)
x26946	Dichter	CC-BY 2.0 (France) Attribution: tatoeba.org #378494 (CM) & #349954 (MUIRIEL)
x26947	verbüßen	CC-BY 2.0 (France) Attribution: tatoeba.org #1841418 (Spamster) & #5258793 (Pfirsichbaeumchen)
x26948	abstammen	CC-BY 2.0 (France) Attribution: tatoeba.org #8353305 (Hybrid) & #8394033 (Pfirsichbaeumchen)
x26949	zusammennehmen	CC-BY 2.0 (France) Attribution: tatoeba.org #8443935 (Hybrid) & #8821090 (Pfirsichbaeumchen)
x26950	rationieren	CC-BY 2.0 (France) Attribution: tatoeba.org #268797 (CM) & #6376441 (raggione)
x26951	Baseballspiel	CC-BY 2.0 (France) Attribution: tatoeba.org #43584 (CK) & #448287 (Zaghawa)
x26952	Schnitzeljagd	CC-BY 2.0 (France) Attribution: tatoeba.org #8060915 (CK) & #12684049 (Yorwba)
x26953	Reisetasche	CC-BY 2.0 (France) Attribution: tatoeba.org #2264607 (_undertoad) & #2344887 (Pfirsichbaeumchen)
x26954	Südpol	CC-BY 2.0 (France) Attribution: tatoeba.org #5322552 (Hybrid) & #5342585 (RandomUsername)
x26955	Privateigentum	CC-BY 2.0 (France) Attribution: tatoeba.org #2821119 (CK) & #10000744 (wolfgangth)
x26956	Schlagmann	CC-BY 2.0 (France) Attribution: tatoeba.org #292067 (CK) & #7723374 (raggione)
x26957	Kohlendioxid	CC-BY 2.0 (France) Attribution: tatoeba.org #8995632 (CK) & #8997797 (Pfirsichbaeumchen)
x26958	Oboe	CC-BY 2.0 (France) Attribution: tatoeba.org #10461638 (CK) & #11978173 (Pfirsichbaeumchen)
x26959	verständlicherweise	CC-BY 2.0 (France) Attribution: tatoeba.org #279976 (CM) & #9990362 (Pfirsichbaeumchen)
x26960	Stimulation	CC-BY 2.0 (France) Attribution: tatoeba.org #1690405 (Spamster) & #1690564 (Pfirsichbaeumchen)
x26961	Anbruch	CC-BY 2.0 (France) Attribution: tatoeba.org #28454 (CK) & #882824 (Pfirsichbaeumchen)
x26962	Geschicklichkeit	CC-BY 2.0 (France) Attribution: tatoeba.org #864775 (CM) & #864776 (Esperantostern)
x26963	Feldflasche	CC-BY 2.0 (France) Attribution: tatoeba.org #270914 (CM) & #9432305 (Pfirsichbaeumchen)
x26964	angewöhnen	CC-BY 2.0 (France) Attribution: tatoeba.org #16028 (CK) & #3438215 (pne)
x26965	murren	CC-BY 2.0 (France) Attribution: tatoeba.org #18356 (CK) & #3989447 (Kuraimegami)
x26966	zurechtfinden	CC-BY 2.0 (France) Attribution: tatoeba.org #2267445 (_undertoad) & #2297147 (Pfirsichbaeumchen)
x26967	orangefarben	CC-BY 2.0 (France) Attribution: tatoeba.org #3170741 (CK) & #3170903 (Pfirsichbaeumchen)
x26968	Vorstoß	CC-BY 2.0 (France) Attribution: tatoeba.org #802201 (Source_VOA) & #1040956 (Pfirsichbaeumchen)
x26969	Apfelmus	CC-BY 2.0 (France) Attribution: tatoeba.org #6438050 (CK) & #6469921 (Manfredo)
x26970	Außenpolitik	CC-BY 2.0 (France) Attribution: tatoeba.org #2649630 (sharptoothed) & #2881390 (Pfirsichbaeumchen)
x26971	Haarausfall	CC-BY 2.0 (France) Attribution: tatoeba.org #9851481 (NurseMeeks) & #10112588 (driini)
x26972	Metzgerei	CC-BY 2.0 (France) Attribution: tatoeba.org #681448 (Source_VOA) & #12825046 (Yorwba)
x26973	Parkbank	CC-BY 2.0 (France) Attribution: tatoeba.org #12858384 (CK) & #12862614 (Waldelfe)
x26974	Abschreckung	CC-BY 2.0 (France) Attribution: tatoeba.org #10164858 (ddnktr) & #10166066 (Pfirsichbaeumchen)
x26975	botanisch	CC-BY 2.0 (France) Attribution: tatoeba.org #1758926 (that_fairy) & #1758929 (BraveSentry)
x26976	steif	CC-BY 2.0 (France) Attribution: tatoeba.org #5774433 (Hybrid) & #8688493 (Pfirsichbaeumchen)
x26977	Fernbeziehung	CC-BY 2.0 (France) Attribution: tatoeba.org #7117831 (CM) & #12582082 (Waldelfe)
x26978	ankurbeln	CC-BY 2.0 (France) Attribution: tatoeba.org #19132 (Zifre) & #341905 (lilygilder)
x26979	Kaulquappe	CC-BY 2.0 (France) Attribution: tatoeba.org #64999 (CK) & #460911 (Pfirsichbaeumchen)
x26980	entlaufen	CC-BY 2.0 (France) Attribution: tatoeba.org #7037086 (Goatstein) & #12703946 (Yorwba)
x26981	gesetzestreu	CC-BY 2.0 (France) Attribution: tatoeba.org #1768709 (Spamster) & #1768920 (Pfirsichbaeumchen)
x26982	Personalausweis	CC-BY 2.0 (France) Attribution: tatoeba.org #12460827 (CK) & #3555494 (Pfirsichbaeumchen)
x26983	Nussknacker	CC-BY 2.0 (France) Attribution: tatoeba.org #9568685 (Nylez) & #13303525 (Waldelfe)
x26984	Bussi	CC-BY 2.0 (France) Attribution: tatoeba.org #1215670 (wallebot) & #2920646 (Pfirsichbaeumchen)
x26985	Flaute	CC-BY 2.0 (France) Attribution: tatoeba.org #2259481 (_undertoad) & #2351843 (Pfirsichbaeumchen)
x26986	Produktivität	CC-BY 2.0 (France) Attribution: tatoeba.org #535688 (CK) & #684720 (samueldora)
x26987	Meerwasser	CC-BY 2.0 (France) Attribution: tatoeba.org #671241 (CK) & #651822 (Pfirsichbaeumchen)
x26988	Angeberei	CC-BY 2.0 (France) Attribution: tatoeba.org #7875986 (CK) & #7883062 (Pfirsichbaeumchen)
x26989	Judo	CC-BY 2.0 (France) Attribution: tatoeba.org #6665583 (CK) & #13709144 (Waldelfe)
x26990	Sardelle	CC-BY 2.0 (France) Attribution: tatoeba.org #3630736 (Lindoula) & #12425483 (mayabe)
x26991	Scherbe	CC-BY 2.0 (France) Attribution: tatoeba.org #313035 (CK) & #543765 (xtofu80)
x26992	schätzungsweise	CC-BY 2.0 (France) Attribution: tatoeba.org #8905842 (The_World_Factbook) & #8910810 (Pfirsichbaeumchen)
x26993	geräumig	CC-BY 2.0 (France) Attribution: tatoeba.org #279721 (kebukebu) & #772267 (Esperantostern)
x26994	Seligkeit	CC-BY 2.0 (France) Attribution: tatoeba.org #276998 (Zifre) & #1547088 (Pfirsichbaeumchen)
x26995	verwirken	CC-BY 2.0 (France) Attribution: tatoeba.org #2283635 (CK) & #2441626 (karstenenh)
x26996	unbeabsichtigt	CC-BY 2.0 (France) Attribution: tatoeba.org #1520378 (Spamster) & #3613012 (raggione)
x26997	entriegeln	CC-BY 2.0 (France) Attribution: tatoeba.org #2049701 (CK) & #2049911 (Pfirsichbaeumchen)
x26998	regnerisch	CC-BY 2.0 (France) Attribution: tatoeba.org #26676 (CK) & #639746 (virgil)
x26999	kitzlig	CC-BY 2.0 (France) Attribution: tatoeba.org #7030722 (Hybrid) & #7271593 (raggione)
x27000	Perlenkette	CC-BY 2.0 (France) Attribution: tatoeba.org #887474 (CK) & #3316820 (freddy1)
x27001	Insolvenz	CC-BY 2.0 (France) Attribution: tatoeba.org #2264627 (_undertoad) & #2344883 (Pfirsichbaeumchen)
x27002	Erdrutsch	CC-BY 2.0 (France) Attribution: tatoeba.org #63772 (CK) & #557889 (xtofu80)
x27003	Verhütung	CC-BY 2.0 (France) Attribution: tatoeba.org #681788 (Source_VOA) & #757100 (Pfirsichbaeumchen)
x27004	Fahrradfahren	CC-BY 2.0 (France) Attribution: tatoeba.org #391757 (Scott) & #2881599 (Pfirsichbaeumchen)
x27005	Klee	CC-BY 2.0 (France) Attribution: tatoeba.org #245517 (CK) & #5059553 (brauchinet)
x27006	Nachtleben	CC-BY 2.0 (France) Attribution: tatoeba.org #11078538 (sundown) & #11078725 (Pfirsichbaeumchen)
x27007	Messing	CC-BY 2.0 (France) Attribution: tatoeba.org #4016850 (CK) & #5234137 (al_ex_an_der)
x27008	Tonbandgerät	CC-BY 2.0 (France) Attribution: tatoeba.org #55751 (CM) & #12435897 (mayabe)
x27009	niedermachen	CC-BY 2.0 (France) Attribution: tatoeba.org #22538 (CK) & #796314 (Esperantostern)
x27010	benoten	CC-BY 2.0 (France) Attribution: tatoeba.org #273041 (CK) & #436056 (xtofu80)
x27011	bejahen	CC-BY 2.0 (France) Attribution: tatoeba.org #2170728 (CK) & #2171617 (Pfirsichbaeumchen)
x27012	bergsteigen	CC-BY 2.0 (France) Attribution: tatoeba.org #5114969 (Zurich899) & #1581963 (al_ex_an_der)
x27013	Löwenzahn	CC-BY 2.0 (France) Attribution: tatoeba.org #10506085 (sundown) & #6944283 (Esperantostern)
x27014	restlos	CC-BY 2.0 (France) Attribution: tatoeba.org #2104912 (CK) & #2105192 (Pfirsichbaeumchen)
x27015	Hauptgericht	CC-BY 2.0 (France) Attribution: tatoeba.org #3934936 (AlanF_US) & #4041236 (Pfirsichbaeumchen)
x27016	Schuhkarton	CC-BY 2.0 (France) Attribution: tatoeba.org #1873462 (wallebot) & #3026726 (Pfirsichbaeumchen)
x27017	Kohldampf	CC-BY 2.0 (France) Attribution: tatoeba.org #2641769 (CK) & #2793461 (Pfirsichbaeumchen)
x27018	nimmermehr	CC-BY 2.0 (France) Attribution: tatoeba.org #282199 (CK) & #552242 (al_ex_an_der)
x27019	Ausrufezeichen	CC-BY 2.0 (France) Attribution: tatoeba.org #4026150 (patgfisher) & #4026155 (Pfirsichbaeumchen)
x27020	Duft	CC-BY 2.0 (France) Attribution: tatoeba.org #10736246 (sundown) & #2601378 (al_ex_an_der)
x27021	Musikant	CC-BY 2.0 (France) Attribution: tatoeba.org #303178 (CK) & #2005613 (Manfredo)
x27022	geschäftig	CC-BY 2.0 (France) Attribution: tatoeba.org #57861 (CM) & #2749148 (Tamy)
x27023	herrenlos	CC-BY 2.0 (France) Attribution: tatoeba.org #752991 (darinmex) & #9753629 (Yorwba)
x27024	Geigerzähler	CC-BY 2.0 (France) Attribution: tatoeba.org #12186684 (CK) & #12567765 (Waldelfe)
x27025	Ablage	CC-BY 2.0 (France) Attribution: tatoeba.org #276082 (CK) & #793689 (Esperantostern)
x27026	Apfelwein	CC-BY 2.0 (France) Attribution: tatoeba.org #749147 (modelqueen13) & #750323 (xtofu80)
x27027	Redefreiheit	CC-BY 2.0 (France) Attribution: tatoeba.org #5747101 (CM) & #5962792 (arved)
x27028	Drückeberger	CC-BY 2.0 (France) Attribution: tatoeba.org #2996276 (CK) & #2996779 (freddy1)
x27029	Richtigkeit	CC-BY 2.0 (France) Attribution: tatoeba.org #260724 (CK) & #383226 (Ole)
x27030	Vorratskammer	CC-BY 2.0 (France) Attribution: tatoeba.org #4546313 (mervert1) & #8308938 (Tamy)
x27031	Soziologie	CC-BY 2.0 (France) Attribution: tatoeba.org #3820726 (CK) & #6854633 (Pfirsichbaeumchen)
x27032	Übergewicht	CC-BY 2.0 (France) Attribution: tatoeba.org #2203161 (CK) & #7457183 (Luiaard)
x27033	flugs	CC-BY 2.0 (France) Attribution: tatoeba.org #12524301 (CK) & #12524589 (Waldelfe)
x27034	Notizblock	CC-BY 2.0 (France) Attribution: tatoeba.org #2519929 (CK) & #2976253 (Pfirsichbaeumchen)
x27035	Kassettenrekorder	CC-BY 2.0 (France) Attribution: tatoeba.org #396093 (CM) & #527768 (xtofu80)
x27036	Geizkragen	CC-BY 2.0 (France) Attribution: tatoeba.org #292056 (CK) & #2883303 (Manfredo)
x27037	Habseligkeit	CC-BY 2.0 (France) Attribution: tatoeba.org #2280553 (AlanF_US) & #2682150 (Pfirsichbaeumchen)
x27038	Wasserpistole	CC-BY 2.0 (France) Attribution: tatoeba.org #4101786 (fadi) & #5763557 (Pfirsichbaeumchen)
x27039	zusammenschließen	CC-BY 2.0 (France) Attribution: tatoeba.org #2199588 (Hybrid) & #2199615 (Espi)
x27040	Rumäne	CC-BY 2.0 (France) Attribution: tatoeba.org #406024 (Dorenda) & #1508166 (Zaghawa)
x27041	ausbleiben	CC-BY 2.0 (France) Attribution: tatoeba.org #41482 (Swift) & #1985716 (Tamy)
x27042	vielfältig	CC-BY 2.0 (France) Attribution: tatoeba.org #23263 (Swift) & #1516512 (Merle)
x27043	fahl	CC-BY 2.0 (France) Attribution: tatoeba.org #28415 (CM) & #2927105 (Pfirsichbaeumchen)
x27044	Aktenschrank	CC-BY 2.0 (France) Attribution: tatoeba.org #34420 (CK) & #1599405 (Pfirsichbaeumchen)
x27045	Trostpreis	CC-BY 2.0 (France) Attribution: tatoeba.org #678246 (darinmex) & #908403 (Sudajaengi)
x27046	Blumenkohl	CC-BY 2.0 (France) Attribution: tatoeba.org #6922491 (CK) & #12912576 (Waldelfe)
x27047	Taschenrechner	CC-BY 2.0 (France) Attribution: tatoeba.org #6270608 (CK) & #8691626 (Luiaard)
x27048	Zentralbank	CC-BY 2.0 (France) Attribution: tatoeba.org #320230 (CM) & #404089 (xtofu80)
x27049	Rolltreppe	CC-BY 2.0 (France) Attribution: tatoeba.org #8459530 (Luiaard) & #8459543 (Luiaard)
x27050	Herzschrittmacher	CC-BY 2.0 (France) Attribution: tatoeba.org #5858154 (CK) & #1061 (MUIRIEL)
x27051	Abgeschiedenheit	CC-BY 2.0 (France) Attribution: tatoeba.org #1837767 (Spamster) & #10340993 (Vortarulo)
x27052	Aggressivität	CC-BY 2.0 (France) Attribution: tatoeba.org #3366757 (patgfisher) & #3376256 (brauchinet)
x27053	argwöhnisch	CC-BY 2.0 (France) Attribution: tatoeba.org #316293 (CM) & #1012432 (Manfredo)
x27054	Verwundung	CC-BY 2.0 (France) Attribution: tatoeba.org #44101 (CK) & #2431227 (Tamy)
x27055	geläufig	CC-BY 2.0 (France) Attribution: tatoeba.org #42798 (CK) & #2204609 (Tamy)
x27056	Fußmatte	CC-BY 2.0 (France) Attribution: tatoeba.org #24250 (CM) & #9044424 (Pfirsichbaeumchen)
x27057	Aktienkurs	CC-BY 2.0 (France) Attribution: tatoeba.org #1779783 (Spamster) & #1779848 (Pfirsichbaeumchen)
x27058	florieren	CC-BY 2.0 (France) Attribution: tatoeba.org #250998 (CM) & #1817375 (Tamy)
x27059	malerisch	CC-BY 2.0 (France) Attribution: tatoeba.org #36280 (CM) & #626972 (al_ex_an_der)
x27060	Tierart	CC-BY 2.0 (France) Attribution: tatoeba.org #44727 (CM) & #1906435 (Tamy)
x27061	trimmen	CC-BY 2.0 (France) Attribution: tatoeba.org #5958336 (CK) & #8809348 (Melang)
x27062	Ballspiel	CC-BY 2.0 (France) Attribution: tatoeba.org #42383 (CM) & #2145601 (Tamy)
x27063	Freundeskreis	CC-BY 2.0 (France) Attribution: tatoeba.org #3361170 (Hybrid) & #6573583 (Pfirsichbaeumchen)
x27064	Erinnerungsvermögen	CC-BY 2.0 (France) Attribution: tatoeba.org #6017277 (mailohilohi) & #6970966 (Pfirsichbaeumchen)
x27065	Nachthimmel	CC-BY 2.0 (France) Attribution: tatoeba.org #323996 (CM) & #7335897 (raggione)
x27066	allgegenwärtig	CC-BY 2.0 (France) Attribution: tatoeba.org #414156 (Scott) & #3804822 (Esperantostern)
x27067	Kalium	CC-BY 2.0 (France) Attribution: tatoeba.org #681481 (Source_VOA) & #775374 (al_ex_an_der)
x27068	Pflichtgefühl	CC-BY 2.0 (France) Attribution: tatoeba.org #308738 (CK) & #793623 (al_ex_an_der)
x27069	Geschichtenerzähler	CC-BY 2.0 (France) Attribution: tatoeba.org #11630655 (CK) & #13391749 (Waldelfe)
x27070	verjähren	CC-BY 2.0 (France) Attribution: tatoeba.org #11325322 (CK) & #12393982 (Yorwba)
x27071	Einwanderung	CC-BY 2.0 (France) Attribution: tatoeba.org #5993734 (mailohilohi) & #5997735 (Oblomov)
x27072	Möbelstück	CC-BY 2.0 (France) Attribution: tatoeba.org #3251450 (Vincinho) & #3815926 (Tickler)
x27073	Waldbrand	CC-BY 2.0 (France) Attribution: tatoeba.org #57937 (CK) & #593579 (samueldora)
x27074	entwirren	CC-BY 2.0 (France) Attribution: tatoeba.org #12297019 (CK) & #12883020 (Waldelfe)
x27075	fusionieren	CC-BY 2.0 (France) Attribution: tatoeba.org #72860 (CK) & #1219192 (Sudajaengi)
x27076	erbeben	CC-BY 2.0 (France) Attribution: tatoeba.org #2268353 (_undertoad) & #2290487 (Pfirsichbaeumchen)
x27077	anzüglich	CC-BY 2.0 (France) Attribution: tatoeba.org #2258254 (_undertoad) & #2376827 (Pfirsichbaeumchen)
x27078	vertrödeln	CC-BY 2.0 (France) Attribution: tatoeba.org #2007245 (CK) & #2707737 (Pfirsichbaeumchen)
x27079	Heimlichkeit	CC-BY 2.0 (France) Attribution: tatoeba.org #313408 (CK) & #1701376 (al_ex_an_der)
x27080	vergolden	CC-BY 2.0 (France) Attribution: tatoeba.org #2890436 (sharptoothed) & #2890602 (Pfirsichbaeumchen)
x27081	ersinnen	CC-BY 2.0 (France) Attribution: tatoeba.org #2539696 (CK) & #3290854 (Pfirsichbaeumchen)
x27082	wägen	CC-BY 2.0 (France) Attribution: tatoeba.org #272230 (CK) & #1229379 (Esperantostern)
x27083	Studentenverbindung	CC-BY 2.0 (France) Attribution: tatoeba.org #1848901 (Spamster) & #1848927 (Pfirsichbaeumchen)
x27084	Buddhismus	CC-BY 2.0 (France) Attribution: tatoeba.org #4875904 (AlanF_US) & #10106227 (Yorwba)
x27085	Wahltag	CC-BY 2.0 (France) Attribution: tatoeba.org #1167427 (CK) & #1273615 (Espi)
x27086	Mohn	CC-BY 2.0 (France) Attribution: tatoeba.org #9978261 (AlanF_US) & #12840034 (Yorwba)
x27087	Planetarium	CC-BY 2.0 (France) Attribution: tatoeba.org #2327591 (Hybrid) & #2329791 (Pfirsichbaeumchen)
x27088	augenscheinlich	CC-BY 2.0 (France) Attribution: tatoeba.org #328733 (fcbond) & #1247765 (al_ex_an_der)
x27089	Dosenöffner	CC-BY 2.0 (France) Attribution: tatoeba.org #10171243 (CK) & #10171508 (Pfirsichbaeumchen)
x27090	Körperflüssigkeit	CC-BY 2.0 (France) Attribution: tatoeba.org #3571912 (Hybrid) & #7004155 (Pfirsichbaeumchen)
x27091	strengstens	CC-BY 2.0 (France) Attribution: tatoeba.org #20611 (CK) & #10563839 (Yorwba)
x27092	Mondlandung	CC-BY 2.0 (France) Attribution: tatoeba.org #1682994 (Spamster) & #1683905 (Pfirsichbaeumchen)
x27093	Alkoholismus	CC-BY 2.0 (France) Attribution: tatoeba.org #2337320 (Hybrid) & #2337913 (Pfirsichbaeumchen)
x27094	Selbstkontrolle	CC-BY 2.0 (France) Attribution: tatoeba.org #3703065 (patgfisher) & #1811373 (Tamy)
x27095	zumeist	CC-BY 2.0 (France) Attribution: tatoeba.org #245949 (CK) & #1670057 (Pfirsichbaeumchen)
x27096	Befürchtung	CC-BY 2.0 (France) Attribution: tatoeba.org #807161 (Source_VOA) & #3248909 (Pfirsichbaeumchen)
x27097	Bordkarte	CC-BY 2.0 (France) Attribution: tatoeba.org #11724716 (sundown) & #8241367 (raggione)
x27098	kontinuierlich	CC-BY 2.0 (France) Attribution: tatoeba.org #267665 (CK) & #1707332 (Zaghawa)
x27099	Spinner	CC-BY 2.0 (France) Attribution: tatoeba.org #2049766 (CK) & #2049966 (Tamy)
x27100	Angelrute	CC-BY 2.0 (France) Attribution: tatoeba.org #12223376 (CK) & #12615182 (Waldelfe)
x27101	Schattenseite	CC-BY 2.0 (France) Attribution: tatoeba.org #270552 (CM) & #5231006 (Pfirsichbaeumchen)
x27102	canceln	CC-BY 2.0 (France) Attribution: tatoeba.org #4663929 (CK) & #13011076 (Vortarulo)
x27103	beweinen	CC-BY 2.0 (France) Attribution: tatoeba.org #23651 (Zifre) & #781652 (BraveSentry)
x27104	alkoholfrei	CC-BY 2.0 (France) Attribution: tatoeba.org #10190567 (ddnktr) & #10191320 (Pfirsichbaeumchen)
x27105	Fleischfresser	CC-BY 2.0 (France) Attribution: tatoeba.org #13555392 (rul) & #13484449 (mhr)
x27106	Rückerstattung	CC-BY 2.0 (France) Attribution: tatoeba.org #3109106 (Hybrid) & #7481957 (Yorwba)
x27107	Sägemehl	CC-BY 2.0 (France) Attribution: tatoeba.org #2641776 (CK) & #2793467 (Pfirsichbaeumchen)
x27108	herrisch	CC-BY 2.0 (France) Attribution: tatoeba.org #2807365 (patgfisher) & #2806606 (al_ex_an_der)
x27109	Geografie	CC-BY 2.0 (France) Attribution: tatoeba.org #259417 (CK) & #403706 (MUIRIEL)
x27110	Landkreis	CC-BY 2.0 (France) Attribution: tatoeba.org #2196901 (CK) & #2198981 (Pfirsichbaeumchen)
x27111	umfassen	CC-BY 2.0 (France) Attribution: tatoeba.org #5322582 (Hybrid) & #9191640 (Pfirsichbaeumchen)
x27112	Apfelbaum	CC-BY 2.0 (France) Attribution: tatoeba.org #7733695 (CK) & #11064829 (toivo)
x27113	darein	CC-BY 2.0 (France) Attribution: tatoeba.org #2276681 (CK) & #2322562 (Pfirsichbaeumchen)
x27114	Platzangst	CC-BY 2.0 (France) Attribution: tatoeba.org #11927148 (CK) & #12424608 (Waldelfe)
x27115	Kinofilm	CC-BY 2.0 (France) Attribution: tatoeba.org #8825711 (CK) & #8828770 (mramosch)
x27116	Sonderling	CC-BY 2.0 (France) Attribution: tatoeba.org #3608082 (Hybrid) & #3608158 (Pfirsichbaeumchen)
x27117	abzählen	CC-BY 2.0 (France) Attribution: tatoeba.org #479759 (sacredceltic) & #442489 (Espi)
x27118	besiedeln	CC-BY 2.0 (France) Attribution: tatoeba.org #8906744 (The_World_Factbook) & #12452287 (Yorwba)
x27119	faulig	CC-BY 2.0 (France) Attribution: tatoeba.org #710077 (darinmex) & #725186 (Esperantostern)
x27120	Popularität	CC-BY 2.0 (France) Attribution: tatoeba.org #2439900 (CM) & #7971550 (manese)
x27121	Nachtruhe	CC-BY 2.0 (France) Attribution: tatoeba.org #804094 (Source_VOA) & #1454603 (al_ex_an_der)
x27122	Leibgericht	CC-BY 2.0 (France) Attribution: tatoeba.org #70679 (CK) & #3861586 (Pfirsichbaeumchen)
x27123	Autofahrt	CC-BY 2.0 (France) Attribution: tatoeba.org #50871 (CK) & #12437105 (Waldelfe)
x27124	Alufolie	CC-BY 2.0 (France) Attribution: tatoeba.org #12382836 (ddnktr) & #12406921 (Waldelfe)
x27125	Sparkonto	CC-BY 2.0 (France) Attribution: tatoeba.org #324791 (CK) & #383083 (MUIRIEL)
x27126	Sportunterricht	CC-BY 2.0 (France) Attribution: tatoeba.org #275240 (CK) & #12460779 (mayabe)
x27127	Teilung	CC-BY 2.0 (France) Attribution: tatoeba.org #10367071 (shekitten) & #10367082 (Pfirsichbaeumchen)
x27128	Schnellzug	CC-BY 2.0 (France) Attribution: tatoeba.org #19606 (U2FS) & #666523 (Manfredo)
x27129	Wohngegend	CC-BY 2.0 (France) Attribution: tatoeba.org #10219191 (Hybrid) & #11940836 (Naina)
x27130	beschwerlich	CC-BY 2.0 (France) Attribution: tatoeba.org #10930626 (CM) & #12276333 (Yorwba)
x27131	Klassenlehrer	CC-BY 2.0 (France) Attribution: tatoeba.org #305257 (CK) & #1514410 (Merle)
x27132	Ritterlichkeit	CC-BY 2.0 (France) Attribution: tatoeba.org #5422776 (CK) & #5493587 (wolfgangth)
x27133	Widerwort	CC-BY 2.0 (France) Attribution: tatoeba.org #16773 (CK) & #2480078 (Pfirsichbaeumchen)
x27134	Gerste	CC-BY 2.0 (France) Attribution: tatoeba.org #4308072 (patgfisher) & #3528168 (al_ex_an_der)
x27135	Zimmerschlüssel	CC-BY 2.0 (France) Attribution: tatoeba.org #456325 (lukaszpp) & #555733 (MUIRIEL)
x27136	Zuspruch	CC-BY 2.0 (France) Attribution: tatoeba.org #3735950 (CK) & #5711800 (Pfirsichbaeumchen)
x27137	Abstellkammer	CC-BY 2.0 (France) Attribution: tatoeba.org #7954024 (Hybrid) & #7954952 (Pfirsichbaeumchen)
x27138	Handgepäck	CC-BY 2.0 (France) Attribution: tatoeba.org #10236661 (ddnktr) & #12525030 (Yorwba)
x27139	Tischtennis	CC-BY 2.0 (France) Attribution: tatoeba.org #1422362 (CK) & #2177509 (Pfirsichbaeumchen)
x27140	Menschenfresser	CC-BY 2.0 (France) Attribution: tatoeba.org #954440 (CK) & #6952981 (Pfirsichbaeumchen)
x27141	hinauslaufen	CC-BY 2.0 (France) Attribution: tatoeba.org #9466357 (CK) & #12485975 (Waldelfe)
x27142	notwendigerweise	CC-BY 2.0 (France) Attribution: tatoeba.org #57649 (CK) & #761239 (Esperantostern)
x27143	Argumentation	CC-BY 2.0 (France) Attribution: tatoeba.org #48745 (CK) & #12710179 (mayabe)
x27144	möblieren	CC-BY 2.0 (France) Attribution: tatoeba.org #50691 (CM) & #1704747 (al_ex_an_der)
x27145	Narzisse	CC-BY 2.0 (France) Attribution: tatoeba.org #3152637 (Vanilla) & #6138714 (al_ex_an_der)
x27146	welken	CC-BY 2.0 (France) Attribution: tatoeba.org #1514455 (CM) & #1514442 (Esperantostern)
x27147	Bach	CC-BY 2.0 (France) Attribution: tatoeba.org #2230009 (CM) & #9982751 (Yorwba)
x27148	lodern	CC-BY 2.0 (France) Attribution: tatoeba.org #315974 (CK) & #2270953 (Pfirsichbaeumchen)
x27149	heimatlos	CC-BY 2.0 (France) Attribution: tatoeba.org #33704 (CM) & #719144 (Esperantostern)
x27150	eingeschränkt	CC-BY 2.0 (France) Attribution: tatoeba.org #22943 (Bing05) & #9964455 (giefingl)
x27151	Irrgarten	CC-BY 2.0 (France) Attribution: tatoeba.org #268047 (CK) & #1060388 (Manfredo)
x27152	ziemen	CC-BY 2.0 (France) Attribution: tatoeba.org #7197155 (CK) & #12279954 (Pfirsichbaeumchen)
x27153	Pinke	CC-BY 2.0 (France) Attribution: tatoeba.org #49967 (CM) & #4395652 (Dokuyaku)
x27154	pachten	CC-BY 2.0 (France) Attribution: tatoeba.org #2069222 (_undertoad) & #2406207 (Pfirsichbaeumchen)
x27155	steuerfrei	CC-BY 2.0 (France) Attribution: tatoeba.org #57759 (CK) & #2728338 (Tamy)
x27156	Jahresende	CC-BY 2.0 (France) Attribution: tatoeba.org #9516843 (sundown) & #1655147 (al_ex_an_der)
x27157	Lehrmeister	CC-BY 2.0 (France) Attribution: tatoeba.org #2359909 (CK) & #4461947 (Pfirsichbaeumchen)
x27158	Giraffe	CC-BY 2.0 (France) Attribution: tatoeba.org #1841662 (CK) & #1842029 (Pfirsichbaeumchen)
x27159	Blinddarmentzündung	CC-BY 2.0 (France) Attribution: tatoeba.org #1021814 (Bilberry) & #4943138 (Hans_Adler)
x27160	Hanf	CC-BY 2.0 (France) Attribution: tatoeba.org #11121986 (CM) & #12607248 (Yorwba)
x27161	tuten	CC-BY 2.0 (France) Attribution: tatoeba.org #51490 (CK) & #11360530 (mayabe)
x27162	Marienkäfer	CC-BY 2.0 (France) Attribution: tatoeba.org #638265 (darinmex) & #3104469 (Pfirsichbaeumchen)
x27163	haten	CC-BY 2.0 (France) Attribution: tatoeba.org #284516 (CM) & #658123 (Manfredo)
x27164	auspusten	CC-BY 2.0 (France) Attribution: tatoeba.org #8910329 (sundown) & #8641745 (Melang)
x27165	Gutenachtgeschichte	CC-BY 2.0 (France) Attribution: tatoeba.org #3571933 (Hybrid) & #3887807 (Pfirsichbaeumchen)
x27166	Bagatelle	CC-BY 2.0 (France) Attribution: tatoeba.org #5090019 (CK) & #13128146 (Yorwba)
x27167	kampieren	CC-BY 2.0 (France) Attribution: tatoeba.org #2241558 (CK) & #2727054 (Pfirsichbaeumchen)
x27168	waten	CC-BY 2.0 (France) Attribution: tatoeba.org #10796486 (CK) & #10797470 (Pfirsichbaeumchen)
x27169	Primzahl	CC-BY 2.0 (France) Attribution: tatoeba.org #8037707 (CK) & #8052160 (manese)
x27170	exzessiv	CC-BY 2.0 (France) Attribution: tatoeba.org #28482 (CM) & #613156 (BraveSentry)
x27171	nahelegen	CC-BY 2.0 (France) Attribution: tatoeba.org #2537134 (CK) & #5844400 (Pfirsichbaeumchen)
x27172	Geschichtslehrer	CC-BY 2.0 (France) Attribution: tatoeba.org #7492448 (CK) & #8871048 (wolfgangth)
x27173	Berücksichtigung	CC-BY 2.0 (France) Attribution: tatoeba.org #273730 (CM) & #3235147 (Zaghawa)
x27174	verschnaufen	CC-BY 2.0 (France) Attribution: tatoeba.org #3734130 (CK) & #3329526 (Pfirsichbaeumchen)
x27175	Arzneimittel	CC-BY 2.0 (France) Attribution: tatoeba.org #245797 (CK) & #12457926 (mayabe)
x27176	Schnitzer	CC-BY 2.0 (France) Attribution: tatoeba.org #45491 (CM) & #1951219 (Tamy)
x27177	Untersetzer	CC-BY 2.0 (France) Attribution: tatoeba.org #3739998 (Eldad) & #3739987 (raggione)
x27178	unachtsam	CC-BY 2.0 (France) Attribution: tatoeba.org #316730 (CK) & #438398 (xtofu80)
x27179	Florist	CC-BY 2.0 (France) Attribution: tatoeba.org #9948193 (Hybrid) & #12703603 (Yorwba)
x27180	zudrücken	CC-BY 2.0 (France) Attribution: tatoeba.org #241983 (CK) & #410146 (xtofu80)
x27181	Anlaufstelle	CC-BY 2.0 (France) Attribution: tatoeba.org #681919 (Source_VOA) & #754444 (Zaghawa)
x27182	Tageszeitung	CC-BY 2.0 (France) Attribution: tatoeba.org #237497 (CK) & #695208 (Esperantostern)
x27183	schmunzeln	CC-BY 2.0 (France) Attribution: tatoeba.org #2218360 (CK) & #3109104 (al_ex_an_der)
x27184	zurechtweisen	CC-BY 2.0 (France) Attribution: tatoeba.org #10808837 (ddnktr) & #12636124 (Waldelfe)
x27185	einher	CC-BY 2.0 (France) Attribution: tatoeba.org #245164 (CK) & #10273691 (Yorwba)
x27186	Wirtschaftslage	CC-BY 2.0 (France) Attribution: tatoeba.org #1265409 (Scott) & #3755015 (raggione)
x27187	Astronom	CC-BY 2.0 (France) Attribution: tatoeba.org #2247923 (CK) & #3801928 (Pfirsichbaeumchen)
x27188	Westseite	CC-BY 2.0 (France) Attribution: tatoeba.org #682404 (Source_VOA) & #684125 (Zaghawa)
x27189	Fernrohr	CC-BY 2.0 (France) Attribution: tatoeba.org #303710 (CK) & #820542 (al_ex_an_der)
x27190	Stoß	CC-BY 2.0 (France) Attribution: tatoeba.org #321369 (CK) & #498137 (Espi)
x27191	zutage	CC-BY 2.0 (France) Attribution: tatoeba.org #12086434 (CK) & #12086726 (Pfirsichbaeumchen)
x27192	Friedensvertrag	CC-BY 2.0 (France) Attribution: tatoeba.org #682235 (Source_VOA) & #719969 (al_ex_an_der)
x27193	hierzulande	CC-BY 2.0 (France) Attribution: tatoeba.org #7817513 (Hybrid) & #8099424 (Pfirsichbaeumchen)
x27194	Spitzer	CC-BY 2.0 (France) Attribution: tatoeba.org #2631954 (Joseph) & #5250915 (Sudajaengi)
x27195	Butterbrot	CC-BY 2.0 (France) Attribution: tatoeba.org #5670002 (Hybrid) & #8662647 (Pfirsichbaeumchen)
x27196	Tischtuch	CC-BY 2.0 (France) Attribution: tatoeba.org #65661 (CK) & #714378 (Manfredo)
x27197	Geburtstagskarte	CC-BY 2.0 (France) Attribution: tatoeba.org #284002 (CK) & #1584274 (Esperantostern)
x27198	Tarantel	CC-BY 2.0 (France) Attribution: tatoeba.org #9510619 (shekitten) & #12406918 (Waldelfe)
x27199	aufstoßen	CC-BY 2.0 (France) Attribution: tatoeba.org #39024 (Jabol) & #876944 (Espi)
x27200	Küchenschabe	CC-BY 2.0 (France) Attribution: tatoeba.org #33535 (CM) & #1866640 (Tamy)
x27201	Liebesroman	CC-BY 2.0 (France) Attribution: tatoeba.org #2720446 (Hybrid) & #2720465 (Pfirsichbaeumchen)
x27202	filtern	CC-BY 2.0 (France) Attribution: tatoeba.org #681812 (Source_VOA) & #756058 (al_ex_an_der)
x27203	Tantieme	CC-BY 2.0 (France) Attribution: tatoeba.org #10935446 (CM) & #12349721 (Yorwba)
x27204	Liebenswürdigkeit	CC-BY 2.0 (France) Attribution: tatoeba.org #299470 (CK) & #3127705 (samueldora)
x27205	Seetang	CC-BY 2.0 (France) Attribution: tatoeba.org #70660 (CK) & #641174 (al_ex_an_der)
x27206	Kommunistin	CC-BY 2.0 (France) Attribution: tatoeba.org #5853156 (CK) & #6216342 (wxcraft)
x27207	Eiter	CC-BY 2.0 (France) Attribution: tatoeba.org #267348 (CM) & #773752 (BraveSentry)
x27208	Mexikanerin	CC-BY 2.0 (France) Attribution: tatoeba.org #2264601 (_undertoad) & #2300170 (Zaghawa)
x27209	Transparent	CC-BY 2.0 (France) Attribution: tatoeba.org #2044987 (CK) & #2045113 (Pfirsichbaeumchen)
x27210	Unhöflichkeit	CC-BY 2.0 (France) Attribution: tatoeba.org #1543655 (CK) & #1691007 (Pfirsichbaeumchen)
x27211	Sauerstoffmangel	CC-BY 2.0 (France) Attribution: tatoeba.org #297009 (CK) & #2450516 (Zaghawa)
x27212	abfällig	CC-BY 2.0 (France) Attribution: tatoeba.org #269932 (CM) & #3045993 (Zaghawa)
x27213	Vegetation	CC-BY 2.0 (France) Attribution: tatoeba.org #2321295 (Hybrid) & #12393994 (Yorwba)
x27214	Rammbock	CC-BY 2.0 (France) Attribution: tatoeba.org #628074 (darinmex) & #786640 (Hans_Adler)
x27215	Kirchturm	CC-BY 2.0 (France) Attribution: tatoeba.org #10510926 (sundown) & #3660205 (al_ex_an_der)
x27216	luftdicht	CC-BY 2.0 (France) Attribution: tatoeba.org #699981 (darinmex) & #712948 (Esperantostern)
x27217	Schwankung	CC-BY 2.0 (France) Attribution: tatoeba.org #868265 (beaushiny) & #3939817 (Dani6187)
x27218	Ausschweifung	CC-BY 2.0 (France) Attribution: tatoeba.org #1690996 (Spamster) & #1691679 (al_ex_an_der)
x27219	strotzen	CC-BY 2.0 (France) Attribution: tatoeba.org #670474 (DancingHorses) & #814946 (al_ex_an_der)
x27220	missbilligen	CC-BY 2.0 (France) Attribution: tatoeba.org #2258744 (_undertoad) & #10301515 (Yorwba)
x27221	Backstein	CC-BY 2.0 (France) Attribution: tatoeba.org #7532553 (CK) & #7533141 (raggione)
x27222	Örtlichkeit	CC-BY 2.0 (France) Attribution: tatoeba.org #59078 (CK) & #2935969 (Tamy)
x27223	Vorarbeit	CC-BY 2.0 (France) Attribution: tatoeba.org #10352204 (sundown) & #3741342 (raggione)
x27224	verausgaben	CC-BY 2.0 (France) Attribution: tatoeba.org #435568 (CK) & #1018431 (al_ex_an_der)
x27225	Languste	CC-BY 2.0 (France) Attribution: tatoeba.org #9741366 (CK) & #12349865 (Yorwba)
x27226	Porto	CC-BY 2.0 (France) Attribution: tatoeba.org #324565 (CM) & #414673 (xtofu80)
x27227	Geschäftssinn	CC-BY 2.0 (France) Attribution: tatoeba.org #18846 (Zifre) & #5272769 (Pfirsichbaeumchen)
x27228	Spirituose	CC-BY 2.0 (France) Attribution: tatoeba.org #1439953 (CK) & #740684 (xtofu80)
x27229	Veranlassung	CC-BY 2.0 (France) Attribution: tatoeba.org #5518764 (CK) & #5518797 (Pfirsichbaeumchen)
x27230	Meise	CC-BY 2.0 (France) Attribution: tatoeba.org #2261066 (Hybrid) & #10954809 (Pfirsichbaeumchen)
x27231	Aula	CC-BY 2.0 (France) Attribution: tatoeba.org #772597 (BraveSentry) & #772596 (BraveSentry)
x27232	Regenzeit	CC-BY 2.0 (France) Attribution: tatoeba.org #12091441 (sundown) & #4905111 (Esperantostern)
x27233	picknicken	CC-BY 2.0 (France) Attribution: tatoeba.org #37750 (CM) & #427311 (MUIRIEL)
x27234	Präfektur	CC-BY 2.0 (France) Attribution: tatoeba.org #542890 (blay_paul) & #706001 (Esperantostern)
x27235	Veto	CC-BY 2.0 (France) Attribution: tatoeba.org #682316 (Source_VOA) & #708156 (Zaghawa)
x27236	Charge	CC-BY 2.0 (France) Attribution: tatoeba.org #10372085 (DJ_Saidez) & #11772574 (Yorwba)
x27237	Wirkstoff	CC-BY 2.0 (France) Attribution: tatoeba.org #3634855 (Hybrid) & #4915389 (Pfirsichbaeumchen)
x27238	verzogen	CC-BY 2.0 (France) Attribution: tatoeba.org #3728034 (CM) & #4111354 (Dani6187)
x27239	Fremdling	CC-BY 2.0 (France) Attribution: tatoeba.org #11063889 (sundown) & #4894567 (al_ex_an_der)
x27240	promovieren	CC-BY 2.0 (France) Attribution: tatoeba.org #10358005 (sundown) & #10345715 (wannieh)
x27241	steinigen	CC-BY 2.0 (France) Attribution: tatoeba.org #1754717 (Spamster) & #3421382 (pne)
x27242	sixtinisch	CC-BY 2.0 (France) Attribution: tatoeba.org #329021 (fcbond) & #10029347 (Melang)
x27243	Unterrichtsstunde	CC-BY 2.0 (France) Attribution: tatoeba.org #5769698 (Hybrid) & #5770245 (Pfirsichbaeumchen)
x27244	brausen	CC-BY 2.0 (France) Attribution: tatoeba.org #247063 (CM) & #1842116 (Pfirsichbaeumchen)
x27245	dementieren	CC-BY 2.0 (France) Attribution: tatoeba.org #1779940 (Spamster) & #1791757 (Pfirsichbaeumchen)
x27246	Handeln	CC-BY 2.0 (France) Attribution: tatoeba.org #681548 (Source_VOA) & #772611 (al_ex_an_der)
x27247	schwarzweiß	CC-BY 2.0 (France) Attribution: tatoeba.org #257441 (CK) & #356567 (MUIRIEL)
x27248	Forschungsinstitut	CC-BY 2.0 (France) Attribution: tatoeba.org #48205 (CM) & #700892 (Esperantostern)
x27249	Mobbing	CC-BY 2.0 (France) Attribution: tatoeba.org #18136 (BraveSentry) & #8599331 (Roujin)
x27250	Freiheitsstrafe	CC-BY 2.0 (France) Attribution: tatoeba.org #45296 (CK) & #1806321 (Pfirsichbaeumchen)
x27251	Entsorgung	CC-BY 2.0 (France) Attribution: tatoeba.org #257929 (CM) & #12275481 (Yorwba)
x27252	Wahrzeichen	CC-BY 2.0 (France) Attribution: tatoeba.org #3115510 (Hybrid) & #3115516 (Pfirsichbaeumchen)
x27253	herhalten	CC-BY 2.0 (France) Attribution: tatoeba.org #830738 (papabear) & #831127 (MUIRIEL)
x27254	reiflich	CC-BY 2.0 (France) Attribution: tatoeba.org #42306 (CM) & #2132604 (Tamy)
x27255	Ästhetik	CC-BY 2.0 (France) Attribution: tatoeba.org #250914 (CM) & #438353 (xtofu80)
x27256	Rastplatz	CC-BY 2.0 (France) Attribution: tatoeba.org #7009604 (Hybrid) & #7010296 (Pfirsichbaeumchen)
x27257	eislaufen	CC-BY 2.0 (France) Attribution: tatoeba.org #1472315 (CharmQuark) & #1472570 (al_ex_an_der)
x27258	Update	CC-BY 2.0 (France) Attribution: tatoeba.org #7562890 (Hybrid) & #10094563 (Vortarulo)
x27259	Oberschicht	CC-BY 2.0 (France) Attribution: tatoeba.org #299707 (CK) & #362675 (Wolf)
x27260	Gemisch	CC-BY 2.0 (France) Attribution: tatoeba.org #18232 (Zifre) & #1752536 (Pfirsichbaeumchen)
x27261	entgegenstellen	CC-BY 2.0 (France) Attribution: tatoeba.org #9955581 (Hybrid) & #10075006 (Pfirsichbaeumchen)
x27262	stehenlassen	CC-BY 2.0 (France) Attribution: tatoeba.org #3370676 (CK) & #13540463 (Waldelfe)
x27263	Popstar	CC-BY 2.0 (France) Attribution: tatoeba.org #10455383 (sundown) & #11628949 (Pfirsichbaeumchen)
x27264	wetteifern	CC-BY 2.0 (France) Attribution: tatoeba.org #262718 (CK) & #2121278 (Pfirsichbaeumchen)
x27265	assoziieren	CC-BY 2.0 (France) Attribution: tatoeba.org #248940 (CM) & #1220744 (xtofu80)
x27266	Musiklehrer	CC-BY 2.0 (France) Attribution: tatoeba.org #6250640 (CK) & #12121111 (Pfirsichbaeumchen)
x27267	schelten	CC-BY 2.0 (France) Attribution: tatoeba.org #7546957 (CM) & #12779299 (Yorwba)
x27268	Speiche	CC-BY 2.0 (France) Attribution: tatoeba.org #10614777 (sundown) & #4394759 (brauchinet)
x27269	Häuserblock	CC-BY 2.0 (France) Attribution: tatoeba.org #57794 (CM) & #2731114 (Tamy)
x27270	Weltwunder	CC-BY 2.0 (France) Attribution: tatoeba.org #682468 (Source_VOA) & #682752 (al_ex_an_der)
x27271	Salamander	CC-BY 2.0 (France) Attribution: tatoeba.org #9149617 (sundown) & #6447006 (brauchinet)
x27272	Kleriker	CC-BY 2.0 (France) Attribution: tatoeba.org #11990563 (shekitten) & #12484794 (Yorwba)
x27273	Gültigkeit	CC-BY 2.0 (France) Attribution: tatoeba.org #324454 (CM) & #7576846 (Yorwba)
x27274	Einsparung	CC-BY 2.0 (France) Attribution: tatoeba.org #2270426 (Hybrid) & #2271675 (Pfirsichbaeumchen)
x27275	abregen	CC-BY 2.0 (France) Attribution: tatoeba.org #6071613 (Hybrid) & #7918512 (Pfirsichbaeumchen)
x27276	steckenbleiben	CC-BY 2.0 (France) Attribution: tatoeba.org #5366228 (CK) & #5369014 (Pfirsichbaeumchen)
x27277	intervenieren	CC-BY 2.0 (France) Attribution: tatoeba.org #7126002 (CM) & #11907482 (Naina)
x27278	portugiesisch	CC-BY 2.0 (France) Attribution: tatoeba.org #1365162 (Eldad) & #1587333 (Esperantostern)
x27279	südamerikanisch	CC-BY 2.0 (France) Attribution: tatoeba.org #280795 (CM) & #1682544 (Zaghawa)
x27280	Gehstock	CC-BY 2.0 (France) Attribution: tatoeba.org #6437168 (CK) & #12552967 (Waldelfe)
x27281	Mehrzahl	CC-BY 2.0 (France) Attribution: tatoeba.org #3017188 (patgfisher) & #3017006 (raggione)
x27282	Sparschwein	CC-BY 2.0 (France) Attribution: tatoeba.org #12210412 (CK) & #12210414 (Pfirsichbaeumchen)
x27283	Tippfehler	CC-BY 2.0 (France) Attribution: tatoeba.org #9804573 (shekitten) & #13216432 (Waldelfe)
x27284	Diamantring	CC-BY 2.0 (France) Attribution: tatoeba.org #2026362 (CK) & #2144945 (Pfirsichbaeumchen)
x27285	Blitzableiter	CC-BY 2.0 (France) Attribution: tatoeba.org #9054891 (shekitten) & #10111941 (Pfirsichbaeumchen)
x27286	kurzum	CC-BY 2.0 (France) Attribution: tatoeba.org #328317 (fcbond) & #1597626 (Pfirsichbaeumchen)
x27287	Wasserturm	CC-BY 2.0 (France) Attribution: tatoeba.org #10563848 (CK) & #10563946 (Pfirsichbaeumchen)
x27288	Zwinger	CC-BY 2.0 (France) Attribution: tatoeba.org #65559 (CK) & #2112528 (Esperantostern)
x27289	Gesetzgebung	CC-BY 2.0 (France) Attribution: tatoeba.org #239536 (CM) & #3095754 (al_ex_an_der)
x27290	Spätschicht	CC-BY 2.0 (France) Attribution: tatoeba.org #1429277 (CK) & #1790678 (Pfirsichbaeumchen)
x27291	Recycling	CC-BY 2.0 (France) Attribution: tatoeba.org #284471 (CM) & #1815861 (Tamy)
x27292	Wasserstoffbombe	CC-BY 2.0 (France) Attribution: tatoeba.org #268527 (CK) & #6321474 (Pfirsichbaeumchen)
x27293	abdanken	CC-BY 2.0 (France) Attribution: tatoeba.org #1488833 (arnxy20) & #8861792 (mramosch)
x27294	Span	CC-BY 2.0 (France) Attribution: tatoeba.org #443755 (CM) & #1258866 (Esperantostern)
x27295	versenden	CC-BY 2.0 (France) Attribution: tatoeba.org #58460 (CM) & #2814167 (Tamy)
x27296	radeln	CC-BY 2.0 (France) Attribution: tatoeba.org #7733522 (CK) & #7361562 (MisterTrouser)
x27297	Strauß	CC-BY 2.0 (France) Attribution: tatoeba.org #5133946 (CarpeLanam) & #6312385 (Esperantostern)
x27298	Roggen	CC-BY 2.0 (France) Attribution: tatoeba.org #248187 (CM) & #12840103 (Yorwba)
x27299	Ökonomie	CC-BY 2.0 (France) Attribution: tatoeba.org #1112796 (CM) & #1557572 (Espi)
x27300	Gebilde	CC-BY 2.0 (France) Attribution: tatoeba.org #3669038 (patgfisher) & #13053037 (Yorwba)
x27301	Wespennest	CC-BY 2.0 (France) Attribution: tatoeba.org #2006519 (Spamster) & #2196345 (Manfredo)
x27302	wiederwählen	CC-BY 2.0 (France) Attribution: tatoeba.org #2354284 (orcrist) & #2619573 (Pfirsichbaeumchen)
x27303	Frankfurter	CC-BY 2.0 (France) Attribution: tatoeba.org #34191 (CK) & #459788 (al_ex_an_der)
x27304	Smog	CC-BY 2.0 (France) Attribution: tatoeba.org #10928083 (AlanF_US) & #12703613 (Yorwba)
x27305	namentlich	CC-BY 2.0 (France) Attribution: tatoeba.org #322930 (CK) & #1778158 (Vortarulo)
x27306	Heuschnupfen	CC-BY 2.0 (France) Attribution: tatoeba.org #593236 (CK) & #949366 (Fingerhut)
x27307	Automechaniker	CC-BY 2.0 (France) Attribution: tatoeba.org #508805 (darinmex) & #547141 (MUIRIEL)
x27308	Klavierspieler	CC-BY 2.0 (France) Attribution: tatoeba.org #309703 (CK) & #1561849 (Zaghawa)
x27309	Trinkerei	CC-BY 2.0 (France) Attribution: tatoeba.org #706781 (darinmex) & #2976576 (Pfirsichbaeumchen)
x27310	Standbild	CC-BY 2.0 (France) Attribution: tatoeba.org #58013 (CK) & #2765514 (Tamy)
x27311	Internetseite	CC-BY 2.0 (France) Attribution: tatoeba.org #778982 (sysko) & #782183 (Chris)
x27312	Geldsack	CC-BY 2.0 (France) Attribution: tatoeba.org #953838 (CK) & #6644707 (Felixjp)
x27313	nippen	CC-BY 2.0 (France) Attribution: tatoeba.org #1956036 (CK) & #1956688 (Pfirsichbaeumchen)
x27314	Urlaubstag	CC-BY 2.0 (France) Attribution: tatoeba.org #9488841 (CK) & #11907505 (Naina)
x27315	einrasten	CC-BY 2.0 (France) Attribution: tatoeba.org #311910 (CK) & #12393877 (Yorwba)
x27316	hineinstecken	CC-BY 2.0 (France) Attribution: tatoeba.org #1951692 (CK) & #1953624 (Pfirsichbaeumchen)
x27317	geräuchert	CC-BY 2.0 (France) Attribution: tatoeba.org #9842689 (AlanF_US) & #9842699 (brauchinet)
x27318	Unmut	CC-BY 2.0 (France) Attribution: tatoeba.org #11180637 (sundown) & #1506546 (PeterR)
x27319	Laib	CC-BY 2.0 (France) Attribution: tatoeba.org #1887090 (CK) & #1888844 (Pfirsichbaeumchen)
x27320	Jahrhundertwende	CC-BY 2.0 (France) Attribution: tatoeba.org #271221 (CK) & #6970219 (Pfirsichbaeumchen)
x27321	Brieföffner	CC-BY 2.0 (France) Attribution: tatoeba.org #4013963 (CK) & #8483398 (Luiaard)
x27322	erlöschen	CC-BY 2.0 (France) Attribution: tatoeba.org #2514189 (CK) & #2516039 (Pfirsichbaeumchen)
x27323	pflastern	CC-BY 2.0 (France) Attribution: tatoeba.org #541984 (darinmex) & #646808 (Pfirsichbaeumchen)
x27324	Lebensdauer	CC-BY 2.0 (France) Attribution: tatoeba.org #10900223 (sundown) & #660930 (MUIRIEL)
x27325	kontrovers	CC-BY 2.0 (France) Attribution: tatoeba.org #4016479 (CK) & #8496189 (Luiaard)
x27326	Geschenkpapier	CC-BY 2.0 (France) Attribution: tatoeba.org #10495916 (CK) & #12605709 (Waldelfe)
x27327	ranhalten	CC-BY 2.0 (France) Attribution: tatoeba.org #541980 (darinmex) & #5239079 (Pfirsichbaeumchen)
x27328	Rassentrennung	CC-BY 2.0 (France) Attribution: tatoeba.org #258881 (CM) & #1709826 (Zaghawa)
x27329	Klassenraum	CC-BY 2.0 (France) Attribution: tatoeba.org #1330520 (Eldad) & #5686098 (eric2)
x27330	verfeinden	CC-BY 2.0 (France) Attribution: tatoeba.org #3726939 (CM) & #12424492 (Waldelfe)
x27331	Trugbild	CC-BY 2.0 (France) Attribution: tatoeba.org #10693001 (AlanF_US) & #10693318 (Pfirsichbaeumchen)
x27332	abändern	CC-BY 2.0 (France) Attribution: tatoeba.org #2259763 (_undertoad) & #2351736 (Pfirsichbaeumchen)
x27333	handwerklich	CC-BY 2.0 (France) Attribution: tatoeba.org #8907458 (The_World_Factbook) & #11771656 (Yorwba)
x27334	Unklarheit	CC-BY 2.0 (France) Attribution: tatoeba.org #44004 (CM) & #2416871 (Tamy)
x27335	zubeißen	CC-BY 2.0 (France) Attribution: tatoeba.org #21189 (CK) & #601435 (BraveSentry)
x27336	Inka	CC-BY 2.0 (France) Attribution: tatoeba.org #65769 (CK) & #2385222 (Vortarulo)
x27337	scheuern	CC-BY 2.0 (France) Attribution: tatoeba.org #2439723 (Hybrid) & #5862576 (Pfirsichbaeumchen)
x27338	Spaltung	CC-BY 2.0 (France) Attribution: tatoeba.org #10367067 (shekitten) & #12975014 (Yorwba)
x27339	Meeresspiegel	CC-BY 2.0 (France) Attribution: tatoeba.org #5397255 (Hybrid) & #6167012 (Pfirsichbaeumchen)
x27340	Eierkuchen	CC-BY 2.0 (France) Attribution: tatoeba.org #2112 (CK) & #788285 (Vortarulo)
x27341	Lauffeuer	CC-BY 2.0 (France) Attribution: tatoeba.org #50118 (CM) & #1357096 (PeterR)
x27342	Windbeutel	CC-BY 2.0 (France) Attribution: tatoeba.org #53031 (CK) & #802035 (Manfredo)
x27343	Scheibenwischer	CC-BY 2.0 (France) Attribution: tatoeba.org #8991760 (CK) & #8992803 (Pfirsichbaeumchen)
x27344	Bohrmaschine	CC-BY 2.0 (France) Attribution: tatoeba.org #12256099 (sundown) & #13560548 (mhr)
x27345	Hochwasser	CC-BY 2.0 (France) Attribution: tatoeba.org #800269 (CM) & #3359874 (Pfirsichbaeumchen)
x27346	Konsistenz	CC-BY 2.0 (France) Attribution: tatoeba.org #9755974 (Hybrid) & #11760793 (Yorwba)
x27347	Trott	CC-BY 2.0 (France) Attribution: tatoeba.org #1209524 (CM) & #5702351 (Pfirsichbaeumchen)
x27348	zurückschreiben	CC-BY 2.0 (France) Attribution: tatoeba.org #5958423 (CK) & #8457877 (Luiaard)
x27349	Schopf	CC-BY 2.0 (France) Attribution: tatoeba.org #20488 (CK) & #1695062 (Pfirsichbaeumchen)
x27350	überblicken	CC-BY 2.0 (France) Attribution: tatoeba.org #2268922 (_undertoad) & #5309567 (Pfirsichbaeumchen)
x27351	Emission	CC-BY 2.0 (France) Attribution: tatoeba.org #10540293 (sundown) & #9825533 (Yorwba)
x27352	Tennisball	CC-BY 2.0 (France) Attribution: tatoeba.org #12228749 (CK) & #12686109 (Waldelfe)
x27353	steinern	CC-BY 2.0 (France) Attribution: tatoeba.org #9476167 (sundown) & #3571485 (al_ex_an_der)
x27354	Bassist	CC-BY 2.0 (France) Attribution: tatoeba.org #10910258 (sundown) & #518752 (MUIRIEL)
x27355	angelegt	CC-BY 2.0 (France) Attribution: tatoeba.org #6902503 (Hybrid) & #7078146 (Pfirsichbaeumchen)
x27356	erlesen	CC-BY 2.0 (France) Attribution: tatoeba.org #55572 (CM) & #754756 (Pfirsichbaeumchen)
x27357	Präsidentschaftskandidat	CC-BY 2.0 (France) Attribution: tatoeba.org #1538284 (JimBreen) & #1538287 (al_ex_an_der)
x27358	nennenswert	CC-BY 2.0 (France) Attribution: tatoeba.org #3309210 (CK) & #13720465 (Waldelfe)
x27359	Umweltschützer	CC-BY 2.0 (France) Attribution: tatoeba.org #11905735 (CK) & #12570701 (Waldelfe)
x27360	erstaunlicherweise	CC-BY 2.0 (France) Attribution: tatoeba.org #318625 (CM) & #1725581 (Zaghawa)
x27361	Halbjahr	CC-BY 2.0 (France) Attribution: tatoeba.org #17019 (Zifre) & #1176078 (Vortarulo)
x27362	Bildnis	CC-BY 2.0 (France) Attribution: tatoeba.org #1976539 (Amastan) & #1976750 (al_ex_an_der)
x27363	Ansporn	CC-BY 2.0 (France) Attribution: tatoeba.org #1664092 (Spamster) & #1697647 (Pfirsichbaeumchen)
x27364	informativ	CC-BY 2.0 (France) Attribution: tatoeba.org #4500252 (CK) & #7057397 (quicksanddiver)
x27365	missen	CC-BY 2.0 (France) Attribution: tatoeba.org #530034 (wma) & #1202 (MUIRIEL)
x27366	Anleger	CC-BY 2.0 (France) Attribution: tatoeba.org #279682 (CK) & #11755560 (Yorwba)
x27367	Besenstiel	CC-BY 2.0 (France) Attribution: tatoeba.org #7367359 (Hybrid) & #10078413 (Pfirsichbaeumchen)
x27368	Schärpe	CC-BY 2.0 (France) Attribution: tatoeba.org #2258553 (_undertoad) & #2369731 (Pfirsichbaeumchen)
x27369	Router	CC-BY 2.0 (France) Attribution: tatoeba.org #10003121 (Nylez) & #12310272 (Yorwba)
x27370	Faxgerät	CC-BY 2.0 (France) Attribution: tatoeba.org #57698 (CN) & #2722566 (Tamy)
x27371	Aussichtspunkt	CC-BY 2.0 (France) Attribution: tatoeba.org #6030421 (Chrikaru) & #10503905 (MisterTrouser)
x27372	behaglich	CC-BY 2.0 (France) Attribution: tatoeba.org #44208 (CK) & #2446246 (Tamy)
x27373	Oberschule	CC-BY 2.0 (France) Attribution: tatoeba.org #313213 (CK) & #446600 (Pfirsichbaeumchen)
x27374	Klimawandel	CC-BY 2.0 (France) Attribution: tatoeba.org #7523559 (Hybrid) & #13442419 (mhr)
x27375	Ostwind	CC-BY 2.0 (France) Attribution: tatoeba.org #44581 (CM) & #1900561 (Tamy)
x27376	Symposium	CC-BY 2.0 (France) Attribution: tatoeba.org #2548422 (CK) & #10180926 (Yorwba)
x27377	Funke	CC-BY 2.0 (France) Attribution: tatoeba.org #7805889 (AlanF_US) & #10704617 (Yorwba)
x27378	Gesundheitswesen	CC-BY 2.0 (France) Attribution: tatoeba.org #909568 (CK) & #5763620 (Pfirsichbaeumchen)
x27379	Thronfolge	CC-BY 2.0 (France) Attribution: tatoeba.org #727118 (darinmex) & #5464517 (Pfirsichbaeumchen)
x27380	Unterhemd	CC-BY 2.0 (France) Attribution: tatoeba.org #25357 (CK) & #4095750 (raggione)
x27381	Kochtopf	CC-BY 2.0 (France) Attribution: tatoeba.org #9444365 (sundown) & #6316828 (raggione)
x27382	Nebenrolle	CC-BY 2.0 (France) Attribution: tatoeba.org #290735 (CM) & #410558 (xtofu80)
x27383	ätzend	CC-BY 2.0 (France) Attribution: tatoeba.org #10613197 (AlanF_US) & #12703785 (Yorwba)
x27384	Silberkugel	CC-BY 2.0 (France) Attribution: tatoeba.org #560959 (kebukebu) & #739907 (Manfredo)
x27385	anstehend	CC-BY 2.0 (France) Attribution: tatoeba.org #1495451 (marshmallowcat) & #12824914 (Yorwba)
x27386	Tellerrand	CC-BY 2.0 (France) Attribution: tatoeba.org #2160873 (Hybrid) & #2189765 (Pfirsichbaeumchen)
x27387	skaten	CC-BY 2.0 (France) Attribution: tatoeba.org #70016 (CK) & #579213 (kroko)
x27388	strapazieren	CC-BY 2.0 (France) Attribution: tatoeba.org #681098 (Source_VOA) & #1527791 (Pfirsichbaeumchen)
x27389	Ofen	CC-BY 2.0 (France) Attribution: tatoeba.org #7682553 (abadf) & #7703818 (raggione)
x27390	Flexibilität	CC-BY 2.0 (France) Attribution: tatoeba.org #2716465 (Dejo) & #743948 (xtofu80)
x27391	Weltbevölkerung	CC-BY 2.0 (France) Attribution: tatoeba.org #2221205 (Hybrid) & #11572504 (Pfirsichbaeumchen)
x27392	Holzkohle	CC-BY 2.0 (France) Attribution: tatoeba.org #10119537 (sundown) & #1432821 (al_ex_an_der)
x27393	löffeln	CC-BY 2.0 (France) Attribution: tatoeba.org #10363690 (CK) & #12603817 (Waldelfe)
x27394	Plattenladen	CC-BY 2.0 (France) Attribution: tatoeba.org #302416 (CK) & #6668843 (Pfirsichbaeumchen)
x27395	bummeln	CC-BY 2.0 (France) Attribution: tatoeba.org #9475893 (CK) & #7361635 (MisterTrouser)
x27396	Unwahrheit	CC-BY 2.0 (France) Attribution: tatoeba.org #2639694 (CK) & #2770902 (Pfirsichbaeumchen)
x27397	reformieren	CC-BY 2.0 (France) Attribution: tatoeba.org #5728936 (CM) & #12582363 (Naina)
x27398	Zinssatz	CC-BY 2.0 (France) Attribution: tatoeba.org #320230 (CM) & #404089 (xtofu80)
x27399	Astrologe	CC-BY 2.0 (France) Attribution: tatoeba.org #8809775 (CK) & #8810672 (Pfirsichbaeumchen)
x27400	Kuscheltier	CC-BY 2.0 (France) Attribution: tatoeba.org #1669983 (Spamster) & #1670024 (Pfirsichbaeumchen)
x27401	Kalkulation	CC-BY 2.0 (France) Attribution: tatoeba.org #682016 (Source_VOA) & #748832 (Zaghawa)
x27402	angesagt	CC-BY 2.0 (France) Attribution: tatoeba.org #7043190 (Hybrid) & #7924591 (Pfirsichbaeumchen)
x27403	Schmerzensgeld	CC-BY 2.0 (France) Attribution: tatoeba.org #294664 (Shiawase) & #952452 (Sudajaengi)
x27404	Kaffeekanne	CC-BY 2.0 (France) Attribution: tatoeba.org #1710456 (Amastan) & #1712188 (Pfirsichbaeumchen)
x27405	Halter	CC-BY 2.0 (France) Attribution: tatoeba.org #267545 (CK) & #2924924 (Pfirsichbaeumchen)
x27406	Subvention	CC-BY 2.0 (France) Attribution: tatoeba.org #8906053 (The_World_Factbook) & #12349962 (Yorwba)
x27407	Haaransatz	CC-BY 2.0 (France) Attribution: tatoeba.org #6059347 (Hybrid) & #6059571 (Pfirsichbaeumchen)
x27408	verschulden	CC-BY 2.0 (France) Attribution: tatoeba.org #258419 (CM) & #560618 (cost)
x27409	Akustik	CC-BY 2.0 (France) Attribution: tatoeba.org #8946799 (sundown) & #8629172 (Melang)
x27410	Küchenmesser	CC-BY 2.0 (France) Attribution: tatoeba.org #2387443 (CK) & #12411804 (Waldelfe)
x27411	Fußnagel	CC-BY 2.0 (France) Attribution: tatoeba.org #2327527 (Hybrid) & #2329842 (Pfirsichbaeumchen)
x27412	Piratenschiff	CC-BY 2.0 (France) Attribution: tatoeba.org #12137582 (sundown) & #1964193 (Pfirsichbaeumchen)
x27413	Botanik	CC-BY 2.0 (France) Attribution: tatoeba.org #4098157 (CK) & #4109091 (Pfirsichbaeumchen)
x27414	vollends	CC-BY 2.0 (France) Attribution: tatoeba.org #9309004 (CK) & #9311005 (Pfirsichbaeumchen)
x27415	Patin	CC-BY 2.0 (France) Attribution: tatoeba.org #981804 (CK) & #1323286 (samueldora)
x27416	Sinfonie	CC-BY 2.0 (France) Attribution: tatoeba.org #2751001 (sharptoothed) & #12678625 (mayabe)
x27417	Geburtstagstorte	CC-BY 2.0 (France) Attribution: tatoeba.org #5362874 (Hybrid) & #13424883 (Vortarulo)
x27418	Atmen	CC-BY 2.0 (France) Attribution: tatoeba.org #318303 (CM) & #1634441 (al_ex_an_der)
x27419	zurücklaufen	CC-BY 2.0 (France) Attribution: tatoeba.org #8891825 (CK) & #8898403 (mramosch)
x27420	pellen	CC-BY 2.0 (France) Attribution: tatoeba.org #10230847 (sundown) & #8764987 (Pfirsichbaeumchen)
x27421	Illustration	CC-BY 2.0 (France) Attribution: tatoeba.org #27182 (jakov) & #931756 (jakov)
x27422	heften	CC-BY 2.0 (France) Attribution: tatoeba.org #295691 (CS) & #519721 (xtofu80)
x27423	Privatperson	CC-BY 2.0 (France) Attribution: tatoeba.org #5166544 (CK) & #5167720 (Pfirsichbaeumchen)
x27424	balancieren	CC-BY 2.0 (France) Attribution: tatoeba.org #318199 (kebukebu) & #438645 (xtofu80)
x27425	tapezieren	CC-BY 2.0 (France) Attribution: tatoeba.org #10371710 (sundown) & #10360214 (Pfirsichbaeumchen)
x27426	Herzkrankheit	CC-BY 2.0 (France) Attribution: tatoeba.org #269007 (CM) & #8596376 (Yorwba)
x27427	Ammenmärchen	CC-BY 2.0 (France) Attribution: tatoeba.org #2724234 (Hybrid) & #6967187 (Pfirsichbaeumchen)
x27428	Urzeit	CC-BY 2.0 (France) Attribution: tatoeba.org #57211 (CM) & #2462789 (Pfirsichbaeumchen)
x27429	Frontlinie	CC-BY 2.0 (France) Attribution: tatoeba.org #45617 (CM) & #1959629 (Tamy)
x27430	Zwist	CC-BY 2.0 (France) Attribution: tatoeba.org #309571 (CM) & #12337501 (Yorwba)
x27431	ausharren	CC-BY 2.0 (France) Attribution: tatoeba.org #2012905 (CK) & #6777323 (list)
x27432	Vortag	CC-BY 2.0 (France) Attribution: tatoeba.org #259124 (CK) & #2980021 (pne)
x27433	abberufen	CC-BY 2.0 (France) Attribution: tatoeba.org #2959173 (sharptoothed) & #11881441 (Naina)
x27434	Widrigkeit	CC-BY 2.0 (France) Attribution: tatoeba.org #2266289 (_undertoad) & #2306975 (Pfirsichbaeumchen)
x27435	Grabmal	CC-BY 2.0 (France) Attribution: tatoeba.org #46054 (CK) & #2510408 (Tamy)
x27436	schnurstracks	CC-BY 2.0 (France) Attribution: tatoeba.org #297018 (CS) & #736686 (Manfredo)
x27437	Fischer	CC-BY 2.0 (France) Attribution: tatoeba.org #7931473 (shekitten) & #12386214 (mhr)
x27438	Quälgeist	CC-BY 2.0 (France) Attribution: tatoeba.org #3815803 (CM) & #3815806 (Tickler)
x27439	Gräte	CC-BY 2.0 (France) Attribution: tatoeba.org #1391483 (niceguydave) & #651305 (kolonjano)
x27440	verplappern	CC-BY 2.0 (France) Attribution: tatoeba.org #246356 (CM) & #1773000 (al_ex_an_der)
x27441	bürsten	CC-BY 2.0 (France) Attribution: tatoeba.org #3434106 (CK) & #9085433 (Pfirsichbaeumchen)
x27442	Regung	CC-BY 2.0 (France) Attribution: tatoeba.org #2259074 (_undertoad) & #2357755 (Pfirsichbaeumchen)
x27443	Autist	CC-BY 2.0 (France) Attribution: tatoeba.org #1864516 (Spamster) & #1864836 (Pfirsichbaeumchen)
x27444	ausgedehnt	CC-BY 2.0 (France) Attribution: tatoeba.org #48569 (CK) & #3813128 (Tickler)
x27445	Taschenuhr	CC-BY 2.0 (France) Attribution: tatoeba.org #1265507 (Jefepeters) & #5458179 (Pfirsichbaeumchen)
x27446	heuer	CC-BY 2.0 (France) Attribution: tatoeba.org #49236 (CK) & #1008030 (Sudajaengi)
x27447	Selbstmordattentäter	CC-BY 2.0 (France) Attribution: tatoeba.org #2583408 (CK) & #2884329 (Pfirsichbaeumchen)
x27448	Falafel	CC-BY 2.0 (France) Attribution: tatoeba.org #5388188 (Hybrid) & #11137413 (Pfirsichbaeumchen)
x27449	Bergarbeiter	CC-BY 2.0 (France) Attribution: tatoeba.org #5860534 (CK) & #12377339 (mayabe)
x27450	Ziegenkäse	CC-BY 2.0 (France) Attribution: tatoeba.org #6459866 (Eccles17) & #7534731 (Pfirsichbaeumchen)
x27451	bewunderten	CC-BY 2.0 (France) Attribution: tatoeba.org #5304017 (AlanF_US) & #593049 (Manfredo)
x27452	Firmenwagen	CC-BY 2.0 (France) Attribution: tatoeba.org #3183594 (CK) & #3425319 (Trinkschokolade)
x27453	Epileptiker	CC-BY 2.0 (France) Attribution: tatoeba.org #2800601 (robbieheslop) & #5603212 (Vortarulo)
x27454	Blitzlicht	CC-BY 2.0 (France) Attribution: tatoeba.org #8340433 (CK) & #10031840 (Melang)
x27455	flimmern	CC-BY 2.0 (France) Attribution: tatoeba.org #3961549 (Hybrid) & #8286336 (Pfirsichbaeumchen)
x27456	herablassen	CC-BY 2.0 (France) Attribution: tatoeba.org #340461 (tinacalysto) & #835 (MUIRIEL)
x27457	Kinderlied	CC-BY 2.0 (France) Attribution: tatoeba.org #10068593 (sundown) & #10056277 (Pfirsichbaeumchen)
x27458	Lauf	CC-BY 2.0 (France) Attribution: tatoeba.org #960184 (Sonoriuxo) & #13433109 (Waldelfe)
x27459	Placebo	CC-BY 2.0 (France) Attribution: tatoeba.org #1453226 (Spamster) & #7664743 (Pfirsichbaeumchen)
x27460	Kieselstein	CC-BY 2.0 (France) Attribution: tatoeba.org #315226 (kebukebu) & #406797 (xtofu80)
x27461	schellen	CC-BY 2.0 (France) Attribution: tatoeba.org #268269 (CK) & #1545881 (al_ex_an_der)
x27462	Erdgas	CC-BY 2.0 (France) Attribution: tatoeba.org #681036 (Source_VOA) & #1199487 (Espi)
x27463	Grillparty	CC-BY 2.0 (France) Attribution: tatoeba.org #1474233 (CK) & #3420261 (raggione)
x27464	Sanduhr	CC-BY 2.0 (France) Attribution: tatoeba.org #1172825 (CM) & #1808370 (Esperantostern)
x27465	Arbeitstier	CC-BY 2.0 (France) Attribution: tatoeba.org #6267036 (CK) & #8819208 (Pfirsichbaeumchen)
x27466	Hilflosigkeit	CC-BY 2.0 (France) Attribution: tatoeba.org #22653 (CM) & #701236 (Manfredo)
x27467	Bewusstlosigkeit	CC-BY 2.0 (France) Attribution: tatoeba.org #1740852 (Spamster) & #1743592 (Pfirsichbaeumchen)
x27468	gärtnern	CC-BY 2.0 (France) Attribution: tatoeba.org #251721 (CK) & #782474 (Hans_Adler)
x27469	gackern	CC-BY 2.0 (France) Attribution: tatoeba.org #9496571 (shekitten) & #9496178 (Esperantostern)
x27470	Perfektionist	CC-BY 2.0 (France) Attribution: tatoeba.org #2683157 (CH) & #2682630 (al_ex_an_der)
x27471	Verleih	CC-BY 2.0 (France) Attribution: tatoeba.org #18554 (Zifre) & #1986726 (Alois)
x27472	Frühaufsteher	CC-BY 2.0 (France) Attribution: tatoeba.org #2205972 (freddy1) & #2116233 (freddy1)
x27473	Kompost	CC-BY 2.0 (France) Attribution: tatoeba.org #2403692 (morgyn) & #8307079 (dasbeispielholz)
x27474	Ermutigung	CC-BY 2.0 (France) Attribution: tatoeba.org #317487 (CM) & #379904 (xtofu80)
x27475	frittiert	CC-BY 2.0 (France) Attribution: tatoeba.org #324822 (CM) & #771851 (Esperantostern)
x27476	Hooligan	CC-BY 2.0 (France) Attribution: tatoeba.org #10959297 (CM) & #12401588 (Naina)
x27477	Betrüger	CC-BY 2.0 (France) Attribution: tatoeba.org #12263809 (CK) & #12263834 (brauchinet)
x27478	übertreten	CC-BY 2.0 (France) Attribution: tatoeba.org #20231 (Eldad) & #396684 (xtofu80)
x27479	Amsel	CC-BY 2.0 (France) Attribution: tatoeba.org #9096828 (sundown) & #8804679 (Melang)
x27480	Ausstellungsstück	CC-BY 2.0 (France) Attribution: tatoeba.org #2571511 (sharptoothed) & #5821830 (dasbeispielholz)
x27481	Funktionär	CC-BY 2.0 (France) Attribution: tatoeba.org #681630 (Source_VOA) & #764920 (al_ex_an_der)
x27482	schneeweiß	CC-BY 2.0 (France) Attribution: tatoeba.org #3074347 (ulymarrero) & #3074920 (faehrmann)
x27483	Schneepflug	CC-BY 2.0 (France) Attribution: tatoeba.org #4853395 (Hybrid) & #4867134 (Pfirsichbaeumchen)
x27484	erbeten	CC-BY 2.0 (France) Attribution: tatoeba.org #6767353 (CK) & #6767559 (Esperantostern)
x27485	Abo	CC-BY 2.0 (France) Attribution: tatoeba.org #436889 (lukaszpp) & #3927909 (Pfirsichbaeumchen)
x27486	Habicht	CC-BY 2.0 (France) Attribution: tatoeba.org #810698 (slomox) & #967303 (Manfredo)
x27487	knospen	CC-BY 2.0 (France) Attribution: tatoeba.org #323661 (CK) & #538100 (xtofu80)
x27488	Wasserbett	CC-BY 2.0 (France) Attribution: tatoeba.org #2777081 (Hybrid) & #2911906 (Pfirsichbaeumchen)
x27489	Beendigung	CC-BY 2.0 (France) Attribution: tatoeba.org #6431705 (CK) & #7418838 (Pfirsichbaeumchen)
x27490	Sojamilch	CC-BY 2.0 (France) Attribution: tatoeba.org #1326959 (Scott) & #1326966 (samueldora)
x27491	umdenken	CC-BY 2.0 (France) Attribution: tatoeba.org #40787 (CK) & #10253501 (Yorwba)
x27492	Fingerhut	CC-BY 2.0 (France) Attribution: tatoeba.org #704397 (azulhana) & #371773 (MUIRIEL)
x27493	Lidschatten	CC-BY 2.0 (France) Attribution: tatoeba.org #6890429 (Eccles17) & #12570174 (Waldelfe)
x27494	Generalschlüssel	CC-BY 2.0 (France) Attribution: tatoeba.org #12157528 (CK) & #12670804 (Waldelfe)
x27495	Einband	CC-BY 2.0 (France) Attribution: tatoeba.org #322083 (CK) & #3387636 (Pfirsichbaeumchen)
x27496	Fachausdruck	CC-BY 2.0 (France) Attribution: tatoeba.org #273164 (CM) & #139519 (MUIRIEL)
x27497	wettmachen	CC-BY 2.0 (France) Attribution: tatoeba.org #2055676 (CK) & #2935284 (al_ex_an_der)
x27498	Kissenbezug	CC-BY 2.0 (France) Attribution: tatoeba.org #3153323 (Vanilla) & #3153332 (Pfirsichbaeumchen)
x27499	Sprachnachricht	CC-BY 2.0 (France) Attribution: tatoeba.org #5481130 (Hybrid) & #11213808 (Pfirsichbaeumchen)
x27500	unlösbar	CC-BY 2.0 (France) Attribution: tatoeba.org #8216140 (CK) & #8220781 (MisterTrouser)
x27501	Kirschblüte	CC-BY 2.0 (France) Attribution: tatoeba.org #263120 (CK) & #2355800 (Zaghawa)
x27502	Masochist	CC-BY 2.0 (France) Attribution: tatoeba.org #1169460 (CM) & #1171448 (Esperantostern)
x27503	Eierschale	CC-BY 2.0 (France) Attribution: tatoeba.org #2259906 (_undertoad) & #2344962 (Pfirsichbaeumchen)
x27504	Keramik	CC-BY 2.0 (France) Attribution: tatoeba.org #279842 (CM) & #392640 (xtofu80)
x27505	Deponie	CC-BY 2.0 (France) Attribution: tatoeba.org #8717576 (foamy) & #8717575 (foamy)
x27506	vergucken	CC-BY 2.0 (France) Attribution: tatoeba.org #3769471 (patgfisher) & #6790202 (Pfirsichbaeumchen)
x27507	unweit	CC-BY 2.0 (France) Attribution: tatoeba.org #12115004 (Kayray) & #12121201 (Pfirsichbaeumchen)
x27508	Psychotherapie	CC-BY 2.0 (France) Attribution: tatoeba.org #1502082 (darinmex) & #1796071 (Tamy)
x27509	Räucherstäbchen	CC-BY 2.0 (France) Attribution: tatoeba.org #2315338 (CK) & #2316987 (Pfirsichbaeumchen)
x27510	Lebenswandel	CC-BY 2.0 (France) Attribution: tatoeba.org #265160 (CM) & #1013902 (Sudajaengi)
x27511	Tierquälerei	CC-BY 2.0 (France) Attribution: tatoeba.org #680055 (Source_VOA) & #757015 (Pfirsichbaeumchen)
x27512	übermannen	CC-BY 2.0 (France) Attribution: tatoeba.org #20323 (CK) & #528237 (kroko)
x27513	widerstreben	CC-BY 2.0 (France) Attribution: tatoeba.org #11129754 (CK) & #9505341 (Pfirsichbaeumchen)
x27514	rosten	CC-BY 2.0 (France) Attribution: tatoeba.org #7807503 (Hybrid) & #10463269 (Pfirsichbaeumchen)
x27515	Schlamperei	CC-BY 2.0 (France) Attribution: tatoeba.org #2276484 (CK) & #11080100 (GaryGaryGary)
x27516	runzeln	CC-BY 2.0 (France) Attribution: tatoeba.org #313033 (CM) & #409893 (xtofu80)
x27517	Empfang	CC-BY 2.0 (France) Attribution: tatoeba.org #238728 (CM) & #360867 (Kerstin)
x27518	Raubvogel	CC-BY 2.0 (France) Attribution: tatoeba.org #8268307 (Adelpa) & #678215 (MUIRIEL)
x27519	ausklinken	CC-BY 2.0 (France) Attribution: tatoeba.org #1442 (CK) & #1729550 (Pfirsichbaeumchen)
x27520	Amöbe	CC-BY 2.0 (France) Attribution: tatoeba.org #2534830 (CM) & #5664779 (Pfirsichbaeumchen)
x27521	Aufstand	CC-BY 2.0 (France) Attribution: tatoeba.org #1538914 (darinmex) & #2686977 (al_ex_an_der)
x27522	lockig	CC-BY 2.0 (France) Attribution: tatoeba.org #6196122 (CK) & #8452885 (Luiaard)
x27523	schwätzen	CC-BY 2.0 (France) Attribution: tatoeba.org #2114 (Zifre) & #905 (MUIRIEL)
x27524	überliefern	CC-BY 2.0 (France) Attribution: tatoeba.org #44146 (CK) & #2437326 (Tamy)
x27525	grasen	CC-BY 2.0 (France) Attribution: tatoeba.org #281887 (CK) & #2229741 (Vortarulo)
x27526	Lauge	CC-BY 2.0 (France) Attribution: tatoeba.org #3530818 (ConqueRRoR) & #4286979 (Tamy)
x27527	durchgehend	CC-BY 2.0 (France) Attribution: tatoeba.org #7954937 (Hybrid) & #7954941 (Pfirsichbaeumchen)
x27528	Hoffnungslosigkeit	CC-BY 2.0 (France) Attribution: tatoeba.org #264440 (CK) & #352589 (MUIRIEL)
x27529	Dickicht	CC-BY 2.0 (France) Attribution: tatoeba.org #10923665 (CM) & #12472497 (Yorwba)
x27530	Zubereitung	CC-BY 2.0 (France) Attribution: tatoeba.org #313652 (CK) & #12088579 (Pfirsichbaeumchen)
x27531	fesselnd	CC-BY 2.0 (France) Attribution: tatoeba.org #7221588 (Hybrid) & #7261120 (Pfirsichbaeumchen)
x27532	Koala	CC-BY 2.0 (France) Attribution: tatoeba.org #520129 (kebukebu) & #13391291 (Vortarulo)
x27533	Libelle	CC-BY 2.0 (France) Attribution: tatoeba.org #278780 (CK) & #644745 (jakov)
x27534	verhunzen	CC-BY 2.0 (France) Attribution: tatoeba.org #2047441 (halfb1t) & #1369557 (User4473)
x27535	afroamerikanisch	CC-BY 2.0 (France) Attribution: tatoeba.org #2209611 (Hybrid) & #2932501 (Pfirsichbaeumchen)
x27536	Schachbrett	CC-BY 2.0 (France) Attribution: tatoeba.org #10263718 (carlosalberto) & #10263918 (Pfirsichbaeumchen)
x27537	Heizkörper	CC-BY 2.0 (France) Attribution: tatoeba.org #244285 (CK) & #12627196 (mayabe)
x27538	Tonart	CC-BY 2.0 (France) Attribution: tatoeba.org #2751001 (sharptoothed) & #12678625 (mayabe)
x27539	umrühren	CC-BY 2.0 (France) Attribution: tatoeba.org #2267773 (_undertoad) & #2292945 (Pfirsichbaeumchen)
x27540	Bademeister	CC-BY 2.0 (France) Attribution: tatoeba.org #246193 (CK) & #10177168 (Yorwba)
x27541	Bronchitis	CC-BY 2.0 (France) Attribution: tatoeba.org #9851376 (NurseMeeks) & #10112572 (driini)
x27542	Quantenphysik	CC-BY 2.0 (France) Attribution: tatoeba.org #669752 (CM) & #3019764 (Pfirsichbaeumchen)
x27543	Leichenstarre	CC-BY 2.0 (France) Attribution: tatoeba.org #1412069 (darinmex) & #3525880 (al_ex_an_der)
x27544	bekleckern	CC-BY 2.0 (France) Attribution: tatoeba.org #300769 (CK) & #735109 (Manfredo)
x27545	Bärenhunger	CC-BY 2.0 (France) Attribution: tatoeba.org #6633639 (Eccles17) & #407659 (xtofu80)
x27546	Verbeugung	CC-BY 2.0 (France) Attribution: tatoeba.org #267839 (CK) & #2617284 (raggione)
x27547	Städter	CC-BY 2.0 (France) Attribution: tatoeba.org #2077554 (Eldad) & #2077535 (Tamy)
x27548	Singvogel	CC-BY 2.0 (France) Attribution: tatoeba.org #9096828 (sundown) & #8804679 (Melang)
x27549	dreijährig	CC-BY 2.0 (France) Attribution: tatoeba.org #72703 (CK) & #366513 (lilygilder)
x27550	bewässern	CC-BY 2.0 (France) Attribution: tatoeba.org #1079408 (CK) & #1386762 (Pfirsichbaeumchen)
x27551	aufbürden	CC-BY 2.0 (France) Attribution: tatoeba.org #246513 (CM) & #5506188 (Pfirsichbaeumchen)
x27552	düngen	CC-BY 2.0 (France) Attribution: tatoeba.org #2255703 (_undertoad) & #2379746 (Pfirsichbaeumchen)
x27553	Stecknadel	CC-BY 2.0 (France) Attribution: tatoeba.org #2154931 (Hybrid) & #2156665 (Vortarulo)
x27554	aufmunternd	CC-BY 2.0 (France) Attribution: tatoeba.org #10788074 (sundown) & #2574924 (al_ex_an_der)
x27555	Liebesgedicht	CC-BY 2.0 (France) Attribution: tatoeba.org #681749 (Source_VOA) & #758981 (Pfirsichbaeumchen)
x27556	Telefonkonferenz	CC-BY 2.0 (France) Attribution: tatoeba.org #23780 (CK) & #1293643 (Vortarulo)
x27557	beruhigend	CC-BY 2.0 (France) Attribution: tatoeba.org #393824 (blay_paul) & #12387731 (Pfirsichbaeumchen)
x27558	Hochspannung	CC-BY 2.0 (France) Attribution: tatoeba.org #1891407 (CK) & #1893582 (Pfirsichbaeumchen)
x27559	Schweigeminute	CC-BY 2.0 (France) Attribution: tatoeba.org #2335873 (CK) & #11965360 (Naina)
x27560	Jagdgewehr	CC-BY 2.0 (France) Attribution: tatoeba.org #34953 (CK) & #724204 (Esperantostern)
x27561	Promille	CC-BY 2.0 (France) Attribution: tatoeba.org #952860 (CK) & #2690164 (Pfirsichbaeumchen)
x27562	Fastfood	CC-BY 2.0 (France) Attribution: tatoeba.org #2129 (CK) & #921 (MUIRIEL)
x27563	Zuwachs	CC-BY 2.0 (France) Attribution: tatoeba.org #841680 (CM) & #2933248 (Pfirsichbaeumchen)
x27564	Sonntagnachmittag	CC-BY 2.0 (France) Attribution: tatoeba.org #549491 (CK) & #5691870 (dasbeispielholz)
x27565	Raumfähre	CC-BY 2.0 (France) Attribution: tatoeba.org #251929 (sacredceltic) & #812119 (Manfredo)
x27566	darauffolgend	CC-BY 2.0 (France) Attribution: tatoeba.org #807433 (Source_VOA) & #2631161 (Pfirsichbaeumchen)
x27567	Grünkohl	CC-BY 2.0 (France) Attribution: tatoeba.org #8909040 (CK) & #12755554 (Waldelfe)
x27568	Kundendienst	CC-BY 2.0 (France) Attribution: tatoeba.org #2990964 (CK) & #5696255 (Pfirsichbaeumchen)
x27569	Fastenzeit	CC-BY 2.0 (France) Attribution: tatoeba.org #10000048 (CK) & #10000039 (Pfirsichbaeumchen)
x27570	bangen	CC-BY 2.0 (France) Attribution: tatoeba.org #271187 (CK) & #1995003 (Tamy)
x27571	Ziegenmilch	CC-BY 2.0 (France) Attribution: tatoeba.org #838697 (Scott) & #860333 (Esperantostern)
x27572	Warteschlange	CC-BY 2.0 (France) Attribution: tatoeba.org #291381 (CM) & #1153114 (Manfredo)
x27573	Zugfahrt	CC-BY 2.0 (France) Attribution: tatoeba.org #7815297 (CK) & #9004798 (wolfgangth)
x27574	abermals	CC-BY 2.0 (France) Attribution: tatoeba.org #322503 (CK) & #2999165 (Pfirsichbaeumchen)
x27575	Mem	CC-BY 2.0 (France) Attribution: tatoeba.org #8689160 (Luiaard) & #8689159 (Luiaard)
x27576	Schlafzimmerfenster	CC-BY 2.0 (France) Attribution: tatoeba.org #4486282 (mmorton) & #6466704 (Pfirsichbaeumchen)
x27577	Werkzeugkiste	CC-BY 2.0 (France) Attribution: tatoeba.org #3327123 (CK) & #3327145 (Pfirsichbaeumchen)
x27578	Sachlage	CC-BY 2.0 (France) Attribution: tatoeba.org #1532854 (Spamster) & #12358372 (Naina)
x27579	Vogelhaus	CC-BY 2.0 (France) Attribution: tatoeba.org #682442 (Source_VOA) & #682982 (al_ex_an_der)
x27580	unterbezahlen	CC-BY 2.0 (France) Attribution: tatoeba.org #2916688 (Hybrid) & #2916863 (raggione)
x27581	dribbeln	CC-BY 2.0 (France) Attribution: tatoeba.org #12418465 (ddnktr) & #12432480 (Yorwba)
x27582	hineinlassen	CC-BY 2.0 (France) Attribution: tatoeba.org #9984821 (shekitten) & #9993478 (Pfirsichbaeumchen)
x27583	bewahrheiten	CC-BY 2.0 (France) Attribution: tatoeba.org #1792466 (Spamster) & #1793820 (Pfirsichbaeumchen)
x27584	Karteikarte	CC-BY 2.0 (France) Attribution: tatoeba.org #9960700 (sundown) & #824507 (jakov)
x27585	elektrisieren	CC-BY 2.0 (France) Attribution: tatoeba.org #8887756 (CK) & #8887786 (mramosch)
x27586	besteuern	CC-BY 2.0 (France) Attribution: tatoeba.org #40679 (CK) & #8098002 (Pfirsichbaeumchen)
x27587	verfrüht	CC-BY 2.0 (France) Attribution: tatoeba.org #6736308 (Hybrid) & #8445842 (Pfirsichbaeumchen)
x27588	gebrannt	CC-BY 2.0 (France) Attribution: tatoeba.org #455224 (CM) & #1205919 (Esperantostern)
x27589	Geologie	CC-BY 2.0 (France) Attribution: tatoeba.org #12141694 (CK) & #12921081 (Waldelfe)
x27590	Gesichtszug	CC-BY 2.0 (France) Attribution: tatoeba.org #2266365 (_undertoad) & #2306899 (Pfirsichbaeumchen)
x27591	Reinigungsmittel	CC-BY 2.0 (France) Attribution: tatoeba.org #2332710 (orcrist) & #4281571 (raggione)
x27592	Zauberkünstler	CC-BY 2.0 (France) Attribution: tatoeba.org #6341666 (CK) & #12566651 (Waldelfe)
x27593	Zitronensaft	CC-BY 2.0 (France) Attribution: tatoeba.org #33402 (CK) & #896137 (Pfirsichbaeumchen)
x27594	Schlafentzug	CC-BY 2.0 (France) Attribution: tatoeba.org #9166023 (DJ_Saidez) & #12630939 (Waldelfe)
x27595	Schnapsidee	CC-BY 2.0 (France) Attribution: tatoeba.org #9165663 (DJ_Saidez) & #9525706 (Pfirsichbaeumchen)
x27596	Schilddrüse	CC-BY 2.0 (France) Attribution: tatoeba.org #9849588 (NurseMeeks) & #10111720 (driini)
x27597	Botaniker	CC-BY 2.0 (France) Attribution: tatoeba.org #5851335 (CK) & #8244507 (Luiaard)
x27598	Erderwärmung	CC-BY 2.0 (France) Attribution: tatoeba.org #277154 (CK) & #756122 (xtofu80)
x27599	Schuluniform	CC-BY 2.0 (France) Attribution: tatoeba.org #271257 (CK) & #368834 (Wolf)
x27600	derlei	CC-BY 2.0 (France) Attribution: tatoeba.org #1302680 (CK) & #1721853 (Pfirsichbaeumchen)
x27601	erholsam	CC-BY 2.0 (France) Attribution: tatoeba.org #7421590 (Hybrid) & #10493341 (Pfirsichbaeumchen)
x27602	emanzipieren	CC-BY 2.0 (France) Attribution: tatoeba.org #11921435 (CK) & #13019409 (Waldelfe)
x27603	farbenfroh	CC-BY 2.0 (France) Attribution: tatoeba.org #1460033 (piksea) & #6865491 (raggione)
x27604	einweichen	CC-BY 2.0 (France) Attribution: tatoeba.org #10629347 (AlanF_US) & #10629410 (Pfirsichbaeumchen)
x27605	münden	CC-BY 2.0 (France) Attribution: tatoeba.org #273207 (CK) & #8636816 (Melang)
x27606	Partylöwe	CC-BY 2.0 (France) Attribution: tatoeba.org #292353 (CK) & #594368 (samueldora)
x27607	Essstörung	CC-BY 2.0 (France) Attribution: tatoeba.org #2358977 (CK) & #12765689 (Waldelfe)
x27608	Textnachricht	CC-BY 2.0 (France) Attribution: tatoeba.org #11002929 (CK) & #12570302 (Waldelfe)
x27609	alkoholisch	CC-BY 2.0 (France) Attribution: tatoeba.org #9937325 (DJ_Saidez) & #9971319 (Pfirsichbaeumchen)
x27610	wegführen	CC-BY 2.0 (France) Attribution: tatoeba.org #1883067 (Spamster) & #3813566 (Pfirsichbaeumchen)
x27611	Wunschliste	CC-BY 2.0 (France) Attribution: tatoeba.org #12204496 (CK) & #12654963 (Waldelfe)
x27612	nordwärts	CC-BY 2.0 (France) Attribution: tatoeba.org #23065 (CK) & #4901686 (Zaghawa)
x27613	vertun	CC-BY 2.0 (France) Attribution: tatoeba.org #682370 (Source_VOA) & #1629283 (Pfirsichbaeumchen)
x27614	Eisdiele	CC-BY 2.0 (France) Attribution: tatoeba.org #1937597 (CK) & #1937603 (Pfirsichbaeumchen)
x27615	Vorzeichen	CC-BY 2.0 (France) Attribution: tatoeba.org #10317546 (sundown) & #1229938 (al_ex_an_der)
x27616	Manege	CC-BY 2.0 (France) Attribution: tatoeba.org #10465244 (AlanF_US) & #11780469 (Yorwba)
x27617	Mulch	CC-BY 2.0 (France) Attribution: tatoeba.org #1412066 (CM) & #1412073 (Pfirsichbaeumchen)
x27618	Lügner	CC-BY 2.0 (France) Attribution: tatoeba.org #1862551 (Spamster) & #1864922 (Pfirsichbaeumchen)
x27619	Nachmittag	CC-BY 2.0 (France) Attribution: tatoeba.org #242838 (CK) & #1597892 (Sudajaengi)
x27620	Unmöglichkeit	CC-BY 2.0 (France) Attribution: tatoeba.org #262484 (CK) & #2121302 (Pfirsichbaeumchen)
x27621	Lenker	CC-BY 2.0 (France) Attribution: tatoeba.org #9199867 (sundown) & #6982378 (raggione)
x27622	Geheimbund	CC-BY 2.0 (France) Attribution: tatoeba.org #10300242 (CK) & #10300248 (Pfirsichbaeumchen)
x27623	nervenaufreibend	CC-BY 2.0 (France) Attribution: tatoeba.org #10363687 (CK) & #12590935 (Waldelfe)
x27624	Intention	CC-BY 2.0 (France) Attribution: tatoeba.org #4494009 (CK) & #10070403 (Melang)
x27625	verpulvern	CC-BY 2.0 (France) Attribution: tatoeba.org #33714 (CK) & #1873602 (Tamy)
x27626	Opernsänger	CC-BY 2.0 (France) Attribution: tatoeba.org #682339 (Source_VOA) & #707058 (Pfirsichbaeumchen)
x27627	Schippe	CC-BY 2.0 (France) Attribution: tatoeba.org #18402 (CK) & #1694803 (Pfirsichbaeumchen)
x27628	alsbald	CC-BY 2.0 (France) Attribution: tatoeba.org #12538303 (sundown) & #12556401 (Waldelfe)
x27629	Reiseziel	CC-BY 2.0 (France) Attribution: tatoeba.org #9797670 (CK) & #12399007 (Pfirsichbaeumchen)
x27630	Putzfrau	CC-BY 2.0 (France) Attribution: tatoeba.org #561665 (CM) & #404770 (MUIRIEL)
x27631	Besäufnis	CC-BY 2.0 (France) Attribution: tatoeba.org #1188659 (darinmex) & #1517556 (Pfirsichbaeumchen)
x27632	befremdlich	CC-BY 2.0 (France) Attribution: tatoeba.org #9418589 (CK) & #12450476 (Waldelfe)
x27633	Eyeliner	CC-BY 2.0 (France) Attribution: tatoeba.org #2275757 (Hybrid) & #10715380 (Yorwba)
x27634	Basketballspieler	CC-BY 2.0 (France) Attribution: tatoeba.org #247729 (CK) & #581234 (Pfirsichbaeumchen)
x27635	Gastronomie	CC-BY 2.0 (France) Attribution: tatoeba.org #11013604 (sundown) & #9578252 (manese)
x27636	unlängst	CC-BY 2.0 (France) Attribution: tatoeba.org #243883 (CK) & #364976 (Wolf)
x27637	Erdkunde	CC-BY 2.0 (France) Attribution: tatoeba.org #259416 (CK) & #540047 (Manfredo)
x27638	Eigelb	CC-BY 2.0 (France) Attribution: tatoeba.org #251968 (CK) & #717250 (sigfrido)
x27639	Gepflogenheit	CC-BY 2.0 (France) Attribution: tatoeba.org #5761669 (Hybrid) & #8713583 (mramosch)
x27640	Layout	CC-BY 2.0 (France) Attribution: tatoeba.org #2032 (CK) & #822 (MUIRIEL)
x27641	Thermoskanne	CC-BY 2.0 (France) Attribution: tatoeba.org #33409 (CM) & #1862717 (Tamy)
x27642	Lastwagenfahrer	CC-BY 2.0 (France) Attribution: tatoeba.org #1816465 (CM) & #5051252 (al_ex_an_der)
x27643	Kissenschlacht	CC-BY 2.0 (France) Attribution: tatoeba.org #1655385 (Spamster) & #1655400 (Pfirsichbaeumchen)
x27644	Gesichtspunkt	CC-BY 2.0 (France) Attribution: tatoeba.org #55582 (CK) & #7493939 (raggione)
x27645	mollig	CC-BY 2.0 (France) Attribution: tatoeba.org #8928971 (CK) & #7361549 (MisterTrouser)
x27646	durchstechen	CC-BY 2.0 (France) Attribution: tatoeba.org #2724108 (Hybrid) & #7022397 (Pfirsichbaeumchen)
x27647	erheitern	CC-BY 2.0 (France) Attribution: tatoeba.org #8767133 (Hybrid) & #10954804 (Pfirsichbaeumchen)
x27648	Weinflasche	CC-BY 2.0 (France) Attribution: tatoeba.org #6793083 (CK) & #12652230 (Waldelfe)
x27649	nachfolgend	CC-BY 2.0 (France) Attribution: tatoeba.org #901549 (Spamster) & #12398709 (mayabe)
x27650	Rettungsweste	CC-BY 2.0 (France) Attribution: tatoeba.org #10794631 (sundown) & #8358506 (Yorwba)
x27651	Regenwasser	CC-BY 2.0 (France) Attribution: tatoeba.org #9777955 (helloroto) & #13595829 (Waldelfe)
x27652	verfärben	CC-BY 2.0 (France) Attribution: tatoeba.org #1362063 (CK) & #2182920 (Pfirsichbaeumchen)
x27653	Glassplitter	CC-BY 2.0 (France) Attribution: tatoeba.org #28913 (CS) & #8933681 (Pfirsichbaeumchen)
x27654	Hörsaal	CC-BY 2.0 (France) Attribution: tatoeba.org #4639602 (jberkel) & #344368 (MUIRIEL)
x27655	befahren	CC-BY 2.0 (France) Attribution: tatoeba.org #57579 (CK) & #5174836 (raggione)
x27656	Sopran	CC-BY 2.0 (France) Attribution: tatoeba.org #3613765 (sarefo) & #8843109 (wolfgangth)
x27657	Stiefbruder	CC-BY 2.0 (France) Attribution: tatoeba.org #4499935 (CK) & #6049567 (Esperantostern)
x27658	Benachrichtigung	CC-BY 2.0 (France) Attribution: tatoeba.org #2872116 (CK) & #5763638 (Pfirsichbaeumchen)
x27659	bemessen	CC-BY 2.0 (France) Attribution: tatoeba.org #42508 (CM) & #1561874 (Pfirsichbaeumchen)
x27660	Farm	CC-BY 2.0 (France) Attribution: tatoeba.org #3097137 (CK) & #3098496 (brauchinet)
x27661	Versagen	CC-BY 2.0 (France) Attribution: tatoeba.org #71393 (CK) & #2689267 (raggione)
x27662	Schreibfehler	CC-BY 2.0 (France) Attribution: tatoeba.org #12142971 (sundown) & #12107495 (mhr)
x27663	Kaffeebecher	CC-BY 2.0 (France) Attribution: tatoeba.org #6706508 (Eccles17) & #8304116 (Luiaard)
x27664	Klavierunterricht	CC-BY 2.0 (France) Attribution: tatoeba.org #3890539 (AlanF_US) & #3890568 (Pfirsichbaeumchen)
x27665	Handelsabkommen	CC-BY 2.0 (France) Attribution: tatoeba.org #4529656 (CK) & #5301613 (Sudajaengi)
x27666	Kraftstoff	CC-BY 2.0 (France) Attribution: tatoeba.org #681035 (Source_VOA) & #1195681 (Pfirsichbaeumchen)
x27667	Hirn	CC-BY 2.0 (France) Attribution: tatoeba.org #1132856 (CM) & #1152526 (Esperantostern)
x27668	Bürgerpflicht	CC-BY 2.0 (France) Attribution: tatoeba.org #1925378 (CK) & #1927693 (Pfirsichbaeumchen)
x27669	Geldsumme	CC-BY 2.0 (France) Attribution: tatoeba.org #58994 (CK) & #2908842 (Tamy)
x27670	Rezension	CC-BY 2.0 (France) Attribution: tatoeba.org #5747230 (CM) & #13029313 (Yorwba)
x27671	Ölquelle	CC-BY 2.0 (France) Attribution: tatoeba.org #5346448 (Hybrid) & #5346872 (Pfirsichbaeumchen)
x27672	schlängeln	CC-BY 2.0 (France) Attribution: tatoeba.org #267657 (CM) & #2002978 (Manfredo)
x27673	Reisfeld	CC-BY 2.0 (France) Attribution: tatoeba.org #789369 (Martha) & #789379 (Espi)
x27674	vorstrecken	CC-BY 2.0 (France) Attribution: tatoeba.org #2259273 (_undertoad) & #2352190 (Pfirsichbaeumchen)
x27675	schimmern	CC-BY 2.0 (France) Attribution: tatoeba.org #36678 (CK) & #1703810 (Pfirsichbaeumchen)
x27676	Vorsorge	CC-BY 2.0 (France) Attribution: tatoeba.org #9440286 (sundown) & #7118339 (raggione)
x27677	Scheuklappe	CC-BY 2.0 (France) Attribution: tatoeba.org #3133187 (Hybrid) & #3133247 (Pfirsichbaeumchen)
x27678	Vergütung	CC-BY 2.0 (France) Attribution: tatoeba.org #290257 (CM) & #3366989 (Pfirsichbaeumchen)
x27679	Türrahmen	CC-BY 2.0 (France) Attribution: tatoeba.org #3150956 (patgfisher) & #3150958 (Pfirsichbaeumchen)
x27680	Ringfinger	CC-BY 2.0 (France) Attribution: tatoeba.org #11228598 (ddnktr) & #13242852 (Yorwba)
x27681	Konsens	CC-BY 2.0 (France) Attribution: tatoeba.org #12321419 (Miktsoanit) & #12460257 (Waldelfe)
x27682	Souvenirladen	CC-BY 2.0 (France) Attribution: tatoeba.org #33370 (CK) & #666660 (Manfredo)
x27683	Entourage	CC-BY 2.0 (France) Attribution: tatoeba.org #265364 (CM) & #1693776 (al_ex_an_der)
x27684	Körperfunktion	CC-BY 2.0 (France) Attribution: tatoeba.org #268883 (CM) & #341903 (lilygilder)
x27685	Umkehr	CC-BY 2.0 (France) Attribution: tatoeba.org #1601043 (Spamster) & #1601053 (al_ex_an_der)
x27686	Reederei	CC-BY 2.0 (France) Attribution: tatoeba.org #22213 (CK) & #7309949 (Yorwba)
x27687	Schal	CC-BY 2.0 (France) Attribution: tatoeba.org #46441 (CM) & #1706127 (Pfirsichbaeumchen)
x27688	Firmament	CC-BY 2.0 (France) Attribution: tatoeba.org #271520 (CM) & #2298260 (Pfirsichbaeumchen)
x27689	besorgniserregend	CC-BY 2.0 (France) Attribution: tatoeba.org #42524 (CM) & #2161488 (Pfirsichbaeumchen)
x27690	Dampfschiff	CC-BY 2.0 (France) Attribution: tatoeba.org #1929075 (Scott) & #2146844 (Lars224)
x27691	schmettern	CC-BY 2.0 (France) Attribution: tatoeba.org #45347 (CM) & #1937982 (Tamy)
x27692	zuwinken	CC-BY 2.0 (France) Attribution: tatoeba.org #250124 (CK) & #4245232 (Pfirsichbaeumchen)
x27693	Zapfsäule	CC-BY 2.0 (France) Attribution: tatoeba.org #1400033 (CM) & #1400037 (Zaghawa)
x27694	entsperren	CC-BY 2.0 (France) Attribution: tatoeba.org #2187242 (CK) & #2190280 (Esperantostern)
x27695	Actionfilm	CC-BY 2.0 (France) Attribution: tatoeba.org #4530126 (CK) & #4532593 (brauchinet)
x27696	verenden	CC-BY 2.0 (France) Attribution: tatoeba.org #268778 (CM) & #959989 (Sudajaengi)
x27697	Ungeheuer	CC-BY 2.0 (France) Attribution: tatoeba.org #1839534 (CK) & #1848721 (Pfirsichbaeumchen)
x27698	zurückliegen	CC-BY 2.0 (France) Attribution: tatoeba.org #10735678 (ddnktr) & #12116297 (Pfirsichbaeumchen)
x27699	Teebeutel	CC-BY 2.0 (France) Attribution: tatoeba.org #9960999 (Hybrid) & #9986815 (Pfirsichbaeumchen)
x27700	Gegebenheit	CC-BY 2.0 (France) Attribution: tatoeba.org #2259110 (_undertoad) & #2357720 (Pfirsichbaeumchen)
x27701	Kinderbetreuung	CC-BY 2.0 (France) Attribution: tatoeba.org #7010531 (Hybrid) & #7010795 (Pfirsichbaeumchen)
x27702	Argwohn	CC-BY 2.0 (France) Attribution: tatoeba.org #51221 (CM) & #3973199 (Pfirsichbaeumchen)
x27703	Stoßdämpfer	CC-BY 2.0 (France) Attribution: tatoeba.org #11060388 (sundown) & #6584051 (brauchinet)
x27704	Kühlung	CC-BY 2.0 (France) Attribution: tatoeba.org #4101785 (fadi) & #12575727 (Yorwba)
x27705	unaufrichtig	CC-BY 2.0 (France) Attribution: tatoeba.org #49770 (CK) & #2530629 (Pfirsichbaeumchen)
x27706	Anchovis	CC-BY 2.0 (France) Attribution: tatoeba.org #941388 (Spamster) & #941565 (Fingerhut)
x27707	Freibier	CC-BY 2.0 (France) Attribution: tatoeba.org #10059392 (sundown) & #2197520 (Vortarulo)
x27708	fortbestehen	CC-BY 2.0 (France) Attribution: tatoeba.org #8907287 (The_World_Factbook) & #12362842 (Yorwba)
x27709	Analphabet	CC-BY 2.0 (France) Attribution: tatoeba.org #2202968 (CK) & #2737019 (Pfirsichbaeumchen)
x27710	türken	CC-BY 2.0 (France) Attribution: tatoeba.org #1306579 (CK) & #1306580 (al_ex_an_der)
x27711	Dichterin	CC-BY 2.0 (France) Attribution: tatoeba.org #314485 (CM) & #766254 (Esperantostern)
x27712	Benzintank	CC-BY 2.0 (France) Attribution: tatoeba.org #681039 (Source_VOA) & #759338 (raggione)
x27713	schneidern	CC-BY 2.0 (France) Attribution: tatoeba.org #52362 (CK) & #5174154 (Tamy)
x27714	Regenwurm	CC-BY 2.0 (France) Attribution: tatoeba.org #4565726 (patgfisher) & #5867648 (Pfirsichbaeumchen)
x27715	Benutzername	CC-BY 2.0 (France) Attribution: tatoeba.org #9478707 (CK) & #9478715 (Pfirsichbaeumchen)
x27716	anreden	CC-BY 2.0 (France) Attribution: tatoeba.org #4011700 (CK) & #7839561 (raggione)
x27717	Hautkrebs	CC-BY 2.0 (France) Attribution: tatoeba.org #263366 (CK) & #7795802 (bonny37)
x27718	Flugbegleiterin	CC-BY 2.0 (France) Attribution: tatoeba.org #51965 (CK) & #1620545 (Pfirsichbaeumchen)
x27719	Pfifferling	CC-BY 2.0 (France) Attribution: tatoeba.org #8775052 (JeanM) & #1728582 (Esperantostern)
x27720	Zeltplatz	CC-BY 2.0 (France) Attribution: tatoeba.org #5440948 (CK) & #5442796 (Pfirsichbaeumchen)
x27721	Tümpel	CC-BY 2.0 (France) Attribution: tatoeba.org #10036526 (sundown) & #9990995 (giefingl)
x27722	Blindenhund	CC-BY 2.0 (France) Attribution: tatoeba.org #261964 (CM) & #7743702 (Esperantostern)
x27723	unbefriedigend	CC-BY 2.0 (France) Attribution: tatoeba.org #4475930 (patgfisher) & #4476177 (raggione)
x27724	Hummel	CC-BY 2.0 (France) Attribution: tatoeba.org #10112765 (DJ_Saidez) & #13064273 (Yorwba)
x27725	Computerprogramm	CC-BY 2.0 (France) Attribution: tatoeba.org #4198323 (CK) & #4200765 (Pfirsichbaeumchen)
x27726	Ozonschicht	CC-BY 2.0 (France) Attribution: tatoeba.org #5322370 (Hybrid) & #5346271 (RandomUsername)
x27727	einlenken	CC-BY 2.0 (France) Attribution: tatoeba.org #3734852 (CK) & #3834440 (Tamy)
x27728	Kreuzfahrtschiff	CC-BY 2.0 (France) Attribution: tatoeba.org #1963069 (CK) & #1964100 (Pfirsichbaeumchen)
x27729	Pflichtbewusstsein	CC-BY 2.0 (France) Attribution: tatoeba.org #308738 (CK) & #793622 (al_ex_an_der)
x27730	Reiseleiter	CC-BY 2.0 (France) Attribution: tatoeba.org #8809671 (CK) & #8810680 (Pfirsichbaeumchen)
x27731	vorschweben	CC-BY 2.0 (France) Attribution: tatoeba.org #43137 (CK) & #744438 (samueldora)
x27732	ernstzunehmend	CC-BY 2.0 (France) Attribution: tatoeba.org #5090014 (CK) & #5136573 (Pfirsichbaeumchen)
x27733	Volkslied	CC-BY 2.0 (France) Attribution: tatoeba.org #2258790 (_undertoad) & #2365538 (Pfirsichbaeumchen)
x27734	säumen	CC-BY 2.0 (France) Attribution: tatoeba.org #61149 (CK) & #3638076 (Tamy)
x27735	Neuheit	CC-BY 2.0 (France) Attribution: tatoeba.org #10161819 (ddnktr) & #11704385 (Yorwba)
x27736	aufheizen	CC-BY 2.0 (France) Attribution: tatoeba.org #7962427 (shekitten) & #8244973 (MisterTrouser)
x27737	siedeln	CC-BY 2.0 (France) Attribution: tatoeba.org #44185 (U2FS) & #2446226 (Tamy)
x27738	grämen	CC-BY 2.0 (France) Attribution: tatoeba.org #317756 (CK) & #639018 (BraveSentry)
x27739	torpedieren	CC-BY 2.0 (France) Attribution: tatoeba.org #1963113 (CK) & #1963986 (Pfirsichbaeumchen)
x27740	Erledigung	CC-BY 2.0 (France) Attribution: tatoeba.org #10042798 (sundown) & #2229209 (freddy1)
x27741	hinschreiben	CC-BY 2.0 (France) Attribution: tatoeba.org #38547 (CK) & #359638 (MUIRIEL)
x27742	friedliebend	CC-BY 2.0 (France) Attribution: tatoeba.org #8244149 (CK) & #2251486 (Pfirsichbaeumchen)
x27743	gravierend	CC-BY 2.0 (France) Attribution: tatoeba.org #1702808 (Spamster) & #1702814 (al_ex_an_der)
x27744	Hoheitsgebiet	CC-BY 2.0 (France) Attribution: tatoeba.org #67892 (CK) & #830627 (Pfirsichbaeumchen)
x27745	Zuckerrohr	CC-BY 2.0 (France) Attribution: tatoeba.org #2196006 (acbarbosa) & #12401577 (Naina)
x27746	unbeweglich	CC-BY 2.0 (France) Attribution: tatoeba.org #704435 (Zifre) & #1494675 (Zaghawa)
x27747	Trimester	CC-BY 2.0 (France) Attribution: tatoeba.org #17019 (Zifre) & #342067 (lilygilder)
x27748	erdenken	CC-BY 2.0 (France) Attribution: tatoeba.org #23982 (CK) & #1731481 (Pfirsichbaeumchen)
x27749	Einkaufsbummel	CC-BY 2.0 (France) Attribution: tatoeba.org #261098 (Zifre) & #608512 (virgil)
x27750	neunmal	CC-BY 2.0 (France) Attribution: tatoeba.org #10291467 (ddnktr) & #10291586 (Pfirsichbaeumchen)
x27751	Windstoß	CC-BY 2.0 (France) Attribution: tatoeba.org #8293798 (sundown) & #979653 (MUIRIEL)
x27752	solid	CC-BY 2.0 (France) Attribution: tatoeba.org #682044 (Source_VOA) & #748712 (al_ex_an_der)
x27753	Äußerlichkeit	CC-BY 2.0 (France) Attribution: tatoeba.org #2285817 (CK) & #2289269 (Pfirsichbaeumchen)
x27754	Kleeblatt	CC-BY 2.0 (France) Attribution: tatoeba.org #245517 (CK) & #1510260 (Esperantostern)
x27755	Friedensverhandlung	CC-BY 2.0 (France) Attribution: tatoeba.org #325619 (CM) & #414058 (xtofu80)
x27756	gurgeln	CC-BY 2.0 (France) Attribution: tatoeba.org #9357865 (CK) & #9358046 (Pfirsichbaeumchen)
x27757	Sonnenschirm	CC-BY 2.0 (France) Attribution: tatoeba.org #10273759 (sundown) & #7728736 (brauchinet)
x27758	Aktienmarkt	CC-BY 2.0 (France) Attribution: tatoeba.org #21204 (CK) & #12527972 (mayabe)
x27759	bodenlos	CC-BY 2.0 (France) Attribution: tatoeba.org #12200321 (Miktsoanit) & #12287755 (Pfirsichbaeumchen)
x27760	verachtenswert	CC-BY 2.0 (France) Attribution: tatoeba.org #2267379 (_undertoad) & #2297202 (Pfirsichbaeumchen)
x27761	fertigbringen	CC-BY 2.0 (France) Attribution: tatoeba.org #1895703 (CK) & #1907514 (Pfirsichbaeumchen)
x27762	Anschaffung	CC-BY 2.0 (France) Attribution: tatoeba.org #6917072 (CK) & #12390784 (Pfirsichbaeumchen)
x27763	verbreitet	CC-BY 2.0 (France) Attribution: tatoeba.org #244270 (CK) & #8964784 (manese)
x27764	Präsidentschaftswahl	CC-BY 2.0 (France) Attribution: tatoeba.org #1925363 (CK) & #1927681 (Pfirsichbaeumchen)
x27765	Pamphlet	CC-BY 2.0 (France) Attribution: tatoeba.org #376834 (CM) & #641178 (al_ex_an_der)
x27766	zerschellen	CC-BY 2.0 (France) Attribution: tatoeba.org #681961 (Source_VOA) & #1986874 (Alois)
x27767	Kriegsfilm	CC-BY 2.0 (France) Attribution: tatoeba.org #906977 (CK) & #923504 (Esperantostern)
x27768	Backgammon	CC-BY 2.0 (France) Attribution: tatoeba.org #3826402 (CK) & #4020426 (pullnosemans)
x27769	Glashaus	CC-BY 2.0 (France) Attribution: tatoeba.org #1577 (CK) & #381 (MUIRIEL)
x27770	Trend	CC-BY 2.0 (France) Attribution: tatoeba.org #12177605 (sundown) & #3487552 (Zaghawa)
x27771	Weißglut	CC-BY 2.0 (France) Attribution: tatoeba.org #2258836 (_undertoad) & #2365522 (Pfirsichbaeumchen)
x27772	Gebärdensprache	CC-BY 2.0 (France) Attribution: tatoeba.org #2376103 (CK) & #6611572 (Felixjp)
x27773	Fruchtsaft	CC-BY 2.0 (France) Attribution: tatoeba.org #3205388 (CK) & #8260639 (Pfirsichbaeumchen)
x27774	Traubensaft	CC-BY 2.0 (France) Attribution: tatoeba.org #8965622 (CK) & #8966663 (Pfirsichbaeumchen)
x27775	zersetzen	CC-BY 2.0 (France) Attribution: tatoeba.org #3093919 (patgfisher) & #3103971 (Pfirsichbaeumchen)
x27776	Nebensache	CC-BY 2.0 (France) Attribution: tatoeba.org #42213 (CK) & #1684995 (al_ex_an_der)
x27777	unterbreiten	CC-BY 2.0 (France) Attribution: tatoeba.org #1936403 (CK) & #1976893 (Pfirsichbaeumchen)
x27778	Schulweg	CC-BY 2.0 (France) Attribution: tatoeba.org #10080028 (CK) & #11783859 (Pfirsichbaeumchen)
x27779	Fremdkörper	CC-BY 2.0 (France) Attribution: tatoeba.org #243560 (CM) & #1051923 (Sudajaengi)
x27780	Informatik	CC-BY 2.0 (France) Attribution: tatoeba.org #7784861 (CK) & #7785138 (wolfgangth)
x27781	Blumenbeet	CC-BY 2.0 (France) Attribution: tatoeba.org #2268682 (_undertoad) & #2290069 (Pfirsichbaeumchen)
x27782	keimen	CC-BY 2.0 (France) Attribution: tatoeba.org #2819571 (CS) & #538103 (xtofu80)
x27783	Kichererbse	CC-BY 2.0 (France) Attribution: tatoeba.org #9484488 (shekitten) & #10794188 (Yorwba)
x27784	germanisch	CC-BY 2.0 (France) Attribution: tatoeba.org #460340 (blay_paul) & #3289205 (pne)
x27785	marinieren	CC-BY 2.0 (France) Attribution: tatoeba.org #12276109 (CK) & #12584487 (Waldelfe)
x27786	Messgerät	CC-BY 2.0 (France) Attribution: tatoeba.org #796873 (BraveSentry) & #839778 (BraveSentry)
x27787	deklarieren	CC-BY 2.0 (France) Attribution: tatoeba.org #436683 (lukaszpp) & #1521201 (al_ex_an_der)
x27788	Stummfilm	CC-BY 2.0 (France) Attribution: tatoeba.org #8635612 (CK) & #8810797 (Pfirsichbaeumchen)
x27789	vermögend	CC-BY 2.0 (France) Attribution: tatoeba.org #2548401 (CK) & #6644116 (Felixjp)
x27790	verbeulen	CC-BY 2.0 (France) Attribution: tatoeba.org #2255673 (_undertoad) & #2379781 (Pfirsichbaeumchen)
x27791	Freisetzung	CC-BY 2.0 (France) Attribution: tatoeba.org #4638784 (patgfisher) & #4655103 (brauchinet)
x27792	Kurzzeitgedächtnis	CC-BY 2.0 (France) Attribution: tatoeba.org #3462069 (patgfisher) & #3461168 (freddy1)
x27793	Hehlerei	CC-BY 2.0 (France) Attribution: tatoeba.org #853242 (darinmex) & #3128444 (samueldora)
x27794	Linderung	CC-BY 2.0 (France) Attribution: tatoeba.org #43567 (CK) & #2357008 (Tamy)
x27795	Storch	CC-BY 2.0 (France) Attribution: tatoeba.org #8385078 (Luiaard) & #8385077 (Luiaard)
x27796	Kleiderbügel	CC-BY 2.0 (France) Attribution: tatoeba.org #11070830 (sundown) & #7793496 (brauchinet)
x27797	Administrator	CC-BY 2.0 (France) Attribution: tatoeba.org #328356 (fcbond) & #532248 (samueldora)
x27798	Bestrebung	CC-BY 2.0 (France) Attribution: tatoeba.org #295356 (CM) & #3076394 (Pfirsichbaeumchen)
x27799	Tierhandlung	CC-BY 2.0 (France) Attribution: tatoeba.org #45993 (CK) & #2499411 (Tamy)
x27800	Eisbahn	CC-BY 2.0 (France) Attribution: tatoeba.org #10278476 (CK) & #10271962 (Yorwba)
x27801	Zapfenstreich	CC-BY 2.0 (France) Attribution: tatoeba.org #7422220 (CK) & #7452612 (Pfirsichbaeumchen)
x27802	Ohrwurm	CC-BY 2.0 (France) Attribution: tatoeba.org #6076387 (Hybrid) & #6078744 (Pfirsichbaeumchen)
x27803	Heißluftballon	CC-BY 2.0 (France) Attribution: tatoeba.org #681949 (Source_VOA) & #754333 (Pfirsichbaeumchen)
x27804	Abonnement	CC-BY 2.0 (France) Attribution: tatoeba.org #436889 (lukaszpp) & #3927910 (Tickler)
x27805	kauern	CC-BY 2.0 (France) Attribution: tatoeba.org #317219 (CK) & #1843486 (Tamy)
x27806	keltisch	CC-BY 2.0 (France) Attribution: tatoeba.org #8904615 (The_World_Factbook) & #11078867 (Pfirsichbaeumchen)
x27807	wachhalten	CC-BY 2.0 (France) Attribution: tatoeba.org #39828 (CK) & #1203990 (Sudajaengi)
x27808	Beet	CC-BY 2.0 (France) Attribution: tatoeba.org #312005 (CK) & #527789 (xtofu80)
x27809	Seilbahn	CC-BY 2.0 (France) Attribution: tatoeba.org #262725 (CK) & #4174242 (raggione)
x27810	Volksmusik	CC-BY 2.0 (France) Attribution: tatoeba.org #6852768 (Eccles17) & #7290008 (Yorwba)
x27811	Färbung	CC-BY 2.0 (France) Attribution: tatoeba.org #325919 (CM) & #588691 (cost)
x27812	Stadtmitte	CC-BY 2.0 (France) Attribution: tatoeba.org #698333 (CK) & #703751 (Esperantostern)
x27813	redselig	CC-BY 2.0 (France) Attribution: tatoeba.org #67474 (CM) & #11211878 (Pfirsichbaeumchen)
x27814	Fußballmannschaft	CC-BY 2.0 (France) Attribution: tatoeba.org #54124 (CK) & #747150 (Manfredo)
x27815	Luftmatratze	CC-BY 2.0 (France) Attribution: tatoeba.org #11703855 (Nuel) & #12408661 (Waldelfe)
x27816	Minirock	CC-BY 2.0 (France) Attribution: tatoeba.org #32236 (CK) & #604582 (MUIRIEL)
x27817	Wildfang	CC-BY 2.0 (France) Attribution: tatoeba.org #251951 (CK) & #679735 (samueldora)
x27818	Süßwasser	CC-BY 2.0 (France) Attribution: tatoeba.org #1564966 (CK) & #455260 (xtofu80)
x27819	Dudelsack	CC-BY 2.0 (France) Attribution: tatoeba.org #9163368 (CK) & #11179708 (Vortarulo)
x27820	Milchpulver	CC-BY 2.0 (France) Attribution: tatoeba.org #5791083 (Eccles17) & #13653484 (Naina)
x27821	hygienisch	CC-BY 2.0 (France) Attribution: tatoeba.org #280808 (CM) & #1404731 (PeterR)
x27822	dramatisieren	CC-BY 2.0 (France) Attribution: tatoeba.org #4890552 (Hybrid) & #4890562 (Pfirsichbaeumchen)
x27823	hergehen	CC-BY 2.0 (France) Attribution: tatoeba.org #6102414 (mailohilohi) & #8624001 (Pfirsichbaeumchen)
x27824	dekorativ	CC-BY 2.0 (France) Attribution: tatoeba.org #1412075 (darinmex) & #1414019 (MUIRIEL)
x27825	befindlich	CC-BY 2.0 (France) Attribution: tatoeba.org #239583 (CM) & #3120875 (Pfirsichbaeumchen)
x27826	zusammenzählen	CC-BY 2.0 (France) Attribution: tatoeba.org #72723 (CK) & #1833444 (Wauzl)
x27827	umbinden	CC-BY 2.0 (France) Attribution: tatoeba.org #1454938 (CK) & #11627930 (Pfirsichbaeumchen)
x27828	Sandburg	CC-BY 2.0 (France) Attribution: tatoeba.org #10116078 (ddnktr) & #7725723 (Pfirsichbaeumchen)
x27829	verkleidet	CC-BY 2.0 (France) Attribution: tatoeba.org #9991748 (CK) & #12312542 (Pfirsichbaeumchen)
x27830	Musikinstrument	CC-BY 2.0 (France) Attribution: tatoeba.org #21260 (CK) & #356549 (MUIRIEL)
x27831	erneuerbar	CC-BY 2.0 (France) Attribution: tatoeba.org #248727 (CK) & #1693352 (Pfirsichbaeumchen)
x27832	Straßenlaterne	CC-BY 2.0 (France) Attribution: tatoeba.org #2268576 (_undertoad) & #2279476 (Vortarulo)
x27833	Wechselkurs	CC-BY 2.0 (France) Attribution: tatoeba.org #464594 (lukaszpp) & #464603 (Espi)
x27834	sputen	CC-BY 2.0 (France) Attribution: tatoeba.org #1893747 (CK) & #7091753 (Luiaard)
x27835	Zinn	CC-BY 2.0 (France) Attribution: tatoeba.org #387418 (CM) & #721369 (stefz)
x27836	Dienstreise	CC-BY 2.0 (France) Attribution: tatoeba.org #299517 (CK) & #3081104 (Manfredo)
x27837	Duschvorhang	CC-BY 2.0 (France) Attribution: tatoeba.org #11920911 (shekitten) & #12431280 (Waldelfe)
x27838	Vorwort	CC-BY 2.0 (France) Attribution: tatoeba.org #5182608 (CK) & #5119878 (Esperantostern)
x27839	Hasenfuß	CC-BY 2.0 (France) Attribution: tatoeba.org #2264769 (_undertoad) & #2331534 (Pfirsichbaeumchen)
x27840	Etui	CC-BY 2.0 (France) Attribution: tatoeba.org #11053712 (sundown) & #10738392 (Yorwba)
x27841	Raumfahrer	CC-BY 2.0 (France) Attribution: tatoeba.org #2175947 (Hybrid) & #2190192 (Pfirsichbaeumchen)
x27842	Leistenbruch	CC-BY 2.0 (France) Attribution: tatoeba.org #9853783 (NurseMeeks) & #10151312 (driini)
x27843	Schafspelz	CC-BY 2.0 (France) Attribution: tatoeba.org #1482408 (CS) & #740566 (kolonjano)
x27844	schäumen	CC-BY 2.0 (France) Attribution: tatoeba.org #1176540 (paula_guisard) & #3968694 (Dani6187)
x27845	Wäscheleine	CC-BY 2.0 (France) Attribution: tatoeba.org #7578914 (CHThiem) & #4846222 (al_ex_an_der)
x27846	Tauschhandel	CC-BY 2.0 (France) Attribution: tatoeba.org #11924477 (CK) & #12384660 (Yorwba)
x27847	Mauerblümchen	CC-BY 2.0 (France) Attribution: tatoeba.org #34666 (CM) & #688284 (Manfredo)
x27848	Straßenkampf	CC-BY 2.0 (France) Attribution: tatoeba.org #1423569 (CK) & #1798612 (Pfirsichbaeumchen)
x27849	Osterei	CC-BY 2.0 (France) Attribution: tatoeba.org #1346586 (CK) & #2696799 (Pfirsichbaeumchen)
x27850	Hotelpage	CC-BY 2.0 (France) Attribution: tatoeba.org #8910377 (sundown) & #8641554 (Melang)
x27851	verleben	CC-BY 2.0 (France) Attribution: tatoeba.org #7821035 (CK) & #7824617 (Pfirsichbaeumchen)
x27852	Amphibie	CC-BY 2.0 (France) Attribution: tatoeba.org #9509808 (melodiouschaos2) & #4423495 (al_ex_an_der)
x27853	vollführen	CC-BY 2.0 (France) Attribution: tatoeba.org #6676771 (Eccles17) & #6814846 (Pfirsichbaeumchen)
x27854	lispeln	CC-BY 2.0 (France) Attribution: tatoeba.org #1482966 (CM) & #1482968 (Zaghawa)
x27855	Empfangshalle	CC-BY 2.0 (France) Attribution: tatoeba.org #7892387 (CK) & #7892439 (Pfirsichbaeumchen)
x27856	Unkenntlichkeit	CC-BY 2.0 (France) Attribution: tatoeba.org #246374 (CM) & #452063 (xtofu80)
x27857	Irin	CC-BY 2.0 (France) Attribution: tatoeba.org #4108807 (CK) & #4108984 (Pfirsichbaeumchen)
x27858	Rubrik	CC-BY 2.0 (France) Attribution: tatoeba.org #9086231 (sundown) & #8643262 (Melang)
x27859	Klientel	CC-BY 2.0 (France) Attribution: tatoeba.org #44064 (CM) & #2422455 (Tamy)
x27860	Schmutzwäsche	CC-BY 2.0 (France) Attribution: tatoeba.org #251322 (CK) & #1828058 (Tamy)
x27861	Schuldner	CC-BY 2.0 (France) Attribution: tatoeba.org #802685 (Source_VOA) & #1511869 (al_ex_an_der)
x27862	Glückssache	CC-BY 2.0 (France) Attribution: tatoeba.org #2153646 (freddy1) & #2153643 (freddy1)
x27863	Gehsteig	CC-BY 2.0 (France) Attribution: tatoeba.org #6359678 (sundown) & #9965802 (brauchinet)
x27864	Verstauchung	CC-BY 2.0 (France) Attribution: tatoeba.org #57775 (CK) & #467084 (xtofu80)
x27865	Biegung	CC-BY 2.0 (France) Attribution: tatoeba.org #44681 (CK) & #1905826 (Tamy)
x27866	dazugeben	CC-BY 2.0 (France) Attribution: tatoeba.org #5776185 (Hybrid) & #11213835 (Pfirsichbaeumchen)
x27867	bedeutungsvoll	CC-BY 2.0 (France) Attribution: tatoeba.org #309553 (CK) & #1341652 (BraveSentry)
x27868	Austauschschüler	CC-BY 2.0 (France) Attribution: tatoeba.org #10120186 (CK) & #10120923 (Pfirsichbaeumchen)
x27869	Zauberkunst	CC-BY 2.0 (France) Attribution: tatoeba.org #1683807 (Spamster) & #1683890 (Pfirsichbaeumchen)
x27870	Kriminalroman	CC-BY 2.0 (France) Attribution: tatoeba.org #270721 (CM) & #2051159 (Nachtiris)
x27871	zusammenbinden	CC-BY 2.0 (France) Attribution: tatoeba.org #682188 (Source_VOA) & #850957 (Esperantostern)
x27872	schwelgen	CC-BY 2.0 (France) Attribution: tatoeba.org #2539626 (CK) & #2657964 (Pfirsichbaeumchen)
x27873	Buttermilch	CC-BY 2.0 (France) Attribution: tatoeba.org #2230486 (Hybrid) & #2230597 (Pfirsichbaeumchen)
x27874	Fluggast	CC-BY 2.0 (France) Attribution: tatoeba.org #12520201 (CK) & #12522286 (Waldelfe)
x27875	aufwarten	CC-BY 2.0 (France) Attribution: tatoeba.org #8584726 (CK) & #8888106 (mramosch)
x27876	Hautausschlag	CC-BY 2.0 (France) Attribution: tatoeba.org #268682 (CK) & #1805926 (Pfirsichbaeumchen)
x27877	Gesamtheit	CC-BY 2.0 (France) Attribution: tatoeba.org #667958 (CK) & #989740 (Peanutfan)
x27878	Abstellraum	CC-BY 2.0 (France) Attribution: tatoeba.org #5434211 (CK) & #5436948 (Pfirsichbaeumchen)
x27879	abertausend	CC-BY 2.0 (France) Attribution: tatoeba.org #805367 (Source_VOA) & #842249 (Espi)
x27880	Nachrede	CC-BY 2.0 (France) Attribution: tatoeba.org #46581 (CK) & #12432443 (Yorwba)
x27881	Reduzierung	CC-BY 2.0 (France) Attribution: tatoeba.org #244269 (CK) & #703391 (samueldora)
x27882	einheimsen	CC-BY 2.0 (France) Attribution: tatoeba.org #6061587 (Blabla) & #6061600 (Pfirsichbaeumchen)
x27883	Stimmzettel	CC-BY 2.0 (France) Attribution: tatoeba.org #680333 (Source_VOA) & #6997719 (Tamy)
x27884	Lieblingsbeschäftigung	CC-BY 2.0 (France) Attribution: tatoeba.org #34900 (CS) & #353736 (MUIRIEL)
x27885	verkleben	CC-BY 2.0 (France) Attribution: tatoeba.org #9851484 (NurseMeeks) & #9858883 (Pfirsichbaeumchen)
x27886	Reifenpanne	CC-BY 2.0 (France) Attribution: tatoeba.org #41127 (CK) & #813989 (al_ex_an_der)
x27887	Leistungsfähigkeit	CC-BY 2.0 (France) Attribution: tatoeba.org #56179 (CM) & #1573445 (Espi)
x27888	vermurksen	CC-BY 2.0 (France) Attribution: tatoeba.org #7111137 (CM) & #13306977 (Waldelfe)
x27889	gegenüberliegend	CC-BY 2.0 (France) Attribution: tatoeba.org #715724 (CM) & #3558056 (Manfredo)
x27890	lausen	CC-BY 2.0 (France) Attribution: tatoeba.org #25872 (CK) & #561068 (Pfirsichbaeumchen)
x27891	Zickzack	CC-BY 2.0 (France) Attribution: tatoeba.org #327880 (CK) & #10129319 (Yorwba)
x27892	stagnieren	CC-BY 2.0 (France) Attribution: tatoeba.org #8904560 (The_World_Factbook) & #12703863 (Yorwba)
x27893	überteuern	CC-BY 2.0 (France) Attribution: tatoeba.org #954165 (CK) & #1350092 (Manfredo)
x27894	ärmlich	CC-BY 2.0 (France) Attribution: tatoeba.org #681589 (Source_VOA) & #769529 (Pfirsichbaeumchen)
x27895	Ökonom	CC-BY 2.0 (France) Attribution: tatoeba.org #5752236 (CM) & #12481697 (Waldelfe)
x27896	wähnen	CC-BY 2.0 (France) Attribution: tatoeba.org #3173322 (Joseph) & #12448564 (Waldelfe)
x27897	Sandbank	CC-BY 2.0 (France) Attribution: tatoeba.org #9977587 (sundown) & #9694518 (manese)
x27898	Dienerin	CC-BY 2.0 (France) Attribution: tatoeba.org #10191954 (shekitten) & #10192506 (Pfirsichbaeumchen)
x27899	Morgensonne	CC-BY 2.0 (France) Attribution: tatoeba.org #274172 (CK) & #11828090 (Pfirsichbaeumchen)
x27900	Stelldichein	CC-BY 2.0 (France) Attribution: tatoeba.org #1442321 (CK) & #1787461 (Pfirsichbaeumchen)
x27901	Veranstalter	CC-BY 2.0 (France) Attribution: tatoeba.org #51811 (CM) & #570330 (xtofu80)
x27902	Akupunktur	CC-BY 2.0 (France) Attribution: tatoeba.org #3393682 (Hybrid) & #6306629 (Pfirsichbaeumchen)
x27903	Kilt	CC-BY 2.0 (France) Attribution: tatoeba.org #5768924 (Hybrid) & #6772044 (Pfirsichbaeumchen)
x27904	Lebensstandard	CC-BY 2.0 (France) Attribution: tatoeba.org #758906 (Gulliver) & #1508024 (Zaghawa)
x27905	Volkszählung	CC-BY 2.0 (France) Attribution: tatoeba.org #9152479 (CM) & #9152477 (Pfirsichbaeumchen)
x27906	Finanzkrise	CC-BY 2.0 (France) Attribution: tatoeba.org #3598204 (Hybrid) & #3598344 (Pfirsichbaeumchen)
x27907	Konferenzzimmer	CC-BY 2.0 (France) Attribution: tatoeba.org #12305017 (CK) & #12706579 (Waldelfe)
x27908	Tennisschläger	CC-BY 2.0 (France) Attribution: tatoeba.org #1124162 (danepo) & #10524577 (Yorwba)
x27909	Parkschein	CC-BY 2.0 (France) Attribution: tatoeba.org #57876 (CK) & #2368926 (duke)
x27910	Sinkflug	CC-BY 2.0 (France) Attribution: tatoeba.org #33270 (CK) & #1856986 (Tamy)
x27911	gutgläubig	CC-BY 2.0 (France) Attribution: tatoeba.org #326929 (CM) & #13306125 (Waldelfe)
x27912	Lesebrille	CC-BY 2.0 (France) Attribution: tatoeba.org #11383763 (ddnktr) & #13208759 (Waldelfe)
x27913	Elend	CC-BY 2.0 (France) Attribution: tatoeba.org #273286 (CK) & #518620 (xtofu80)
x27914	Friedensabkommen	CC-BY 2.0 (France) Attribution: tatoeba.org #73276 (Eldad) & #841958 (Espi)
x27915	instand	CC-BY 2.0 (France) Attribution: tatoeba.org #1744951 (Amastan) & #1745154 (al_ex_an_der)
x27916	Unfallstelle	CC-BY 2.0 (France) Attribution: tatoeba.org #9199856 (sundown) & #6867419 (raggione)
x27917	Borschtsch	CC-BY 2.0 (France) Attribution: tatoeba.org #10025934 (ddnktr) & #10025935 (Pfirsichbaeumchen)
x27918	Bettlerin	CC-BY 2.0 (France) Attribution: tatoeba.org #10164032 (CK) & #12317910 (Pfirsichbaeumchen)
x27919	Anthropologin	CC-BY 2.0 (France) Attribution: tatoeba.org #5776864 (Hybrid) & #5778495 (Pfirsichbaeumchen)
x27920	Schwermut	CC-BY 2.0 (France) Attribution: tatoeba.org #10512690 (sundown) & #2163242 (Esperantostern)
x27921	Sauferei	CC-BY 2.0 (France) Attribution: tatoeba.org #1188659 (darinmex) & #1517557 (Pfirsichbaeumchen)
x27922	belustigen	CC-BY 2.0 (France) Attribution: tatoeba.org #6331914 (Hybrid) & #7216389 (Pfirsichbaeumchen)
x27923	veräußern	CC-BY 2.0 (France) Attribution: tatoeba.org #2210790 (CK) & #3249455 (Zaghawa)
x27924	zusammenbleiben	CC-BY 2.0 (France) Attribution: tatoeba.org #3178436 (CK) & #3246768 (Trinkschokolade)
x27925	Sommerzeit	CC-BY 2.0 (France) Attribution: tatoeba.org #35088 (CM) & #1654122 (al_ex_an_der)
x27926	Margarine	CC-BY 2.0 (France) Attribution: tatoeba.org #35207 (CK) & #12538648 (Waldelfe)
x27927	Friedensgespräch	CC-BY 2.0 (France) Attribution: tatoeba.org #903703 (CK) & #12553224 (Waldelfe)
x27928	Verdauungstrakt	CC-BY 2.0 (France) Attribution: tatoeba.org #681665 (Source_VOA) & #1462386 (Manfredo)
x27929	containern	CC-BY 2.0 (France) Attribution: tatoeba.org #8396824 (Luiaard) & #8396823 (Luiaard)
x27930	Multimillionär	CC-BY 2.0 (France) Attribution: tatoeba.org #11890894 (CK) & #12706592 (Waldelfe)
x27931	Unterhaus	CC-BY 2.0 (France) Attribution: tatoeba.org #66591 (CM) & #2752548 (Pfirsichbaeumchen)
x27932	Wunschzettel	CC-BY 2.0 (France) Attribution: tatoeba.org #10624438 (CK) & #10624602 (Pfirsichbaeumchen)
x27933	Notebook	CC-BY 2.0 (France) Attribution: tatoeba.org #6271179 (CK) & #8882630 (wolfgangth)
x27934	Kriminalitätsrate	CC-BY 2.0 (France) Attribution: tatoeba.org #9411834 (DJ_Saidez) & #9249389 (Pfirsichbaeumchen)
x27935	Schornsteinfeger	CC-BY 2.0 (France) Attribution: tatoeba.org #10465144 (sundown) & #10458288 (Pfirsichbaeumchen)
x27936	betrauern	CC-BY 2.0 (France) Attribution: tatoeba.org #681526 (Source_VOA) & #772683 (Pfirsichbaeumchen)
x27937	Wohnungssuche	CC-BY 2.0 (France) Attribution: tatoeba.org #2044968 (CK) & #3207369 (Pfirsichbaeumchen)
x27938	Jauchegrube	CC-BY 2.0 (France) Attribution: tatoeba.org #12381429 (ddnktr) & #12852844 (Yorwba)
x27939	ungeteilt	CC-BY 2.0 (France) Attribution: tatoeba.org #841380 (papabear) & #932654 (Fingerhut)
x27940	zehnjährig	CC-BY 2.0 (France) Attribution: tatoeba.org #305060 (CK) & #752912 (MUIRIEL)
x27941	siebenjährig	CC-BY 2.0 (France) Attribution: tatoeba.org #254599 (Zifre) & #1811801 (pne)
x27942	Aushang	CC-BY 2.0 (France) Attribution: tatoeba.org #10990461 (CK) & #12452332 (Yorwba)
x27943	ausweglos	CC-BY 2.0 (France) Attribution: tatoeba.org #1486339 (CM) & #1486321 (Manfredo)
x27944	Stulle	CC-BY 2.0 (France) Attribution: tatoeba.org #887369 (CK) & #7335283 (Yorwba)
x27945	herumreisen	CC-BY 2.0 (France) Attribution: tatoeba.org #262144 (CK) & #752344 (Manfredo)
x27946	Biologe	CC-BY 2.0 (France) Attribution: tatoeba.org #2895026 (AlanF_US) & #3752126 (Jens_Odo)
x27947	Klemmbrett	CC-BY 2.0 (France) Attribution: tatoeba.org #3832003 (CK) & #3945668 (Kuraimegami)
x27948	Reißleine	CC-BY 2.0 (France) Attribution: tatoeba.org #1733796 (darinmex) & #3135087 (dinkel_girl)
x27949	Quantität	CC-BY 2.0 (France) Attribution: tatoeba.org #275799 (CK) & #769100 (Manfredo)
x27950	salzen	CC-BY 2.0 (France) Attribution: tatoeba.org #320649 (CK) & #741516 (Manfredo)
x27951	Kugelfisch	CC-BY 2.0 (France) Attribution: tatoeba.org #8732890 (Hybrid) & #9498734 (Pfirsichbaeumchen)
x27952	Flaschenöffner	CC-BY 2.0 (France) Attribution: tatoeba.org #3396442 (CK) & #3407390 (Pfirsichbaeumchen)
x27953	Verschlag	CC-BY 2.0 (France) Attribution: tatoeba.org #10973737 (CK) & #10973740 (Pfirsichbaeumchen)
x27954	verzollen	CC-BY 2.0 (France) Attribution: tatoeba.org #23665 (CK) & #555803 (Pfirsichbaeumchen)
x27955	Embargo	CC-BY 2.0 (France) Attribution: tatoeba.org #807328 (Source_VOA) & #944128 (Esperantostern)
x27956	Arbeitsunfall	CC-BY 2.0 (France) Attribution: tatoeba.org #257925 (adjusting) & #432621 (MUIRIEL)
x27957	Abschlussarbeit	CC-BY 2.0 (France) Attribution: tatoeba.org #60885 (CK) & #12445805 (mayabe)
x27958	Eigner	CC-BY 2.0 (France) Attribution: tatoeba.org #1963040 (CK) & #1964134 (Pfirsichbaeumchen)
x27959	Komfortzone	CC-BY 2.0 (France) Attribution: tatoeba.org #12874642 (CK) & #12883823 (Waldelfe)
x27960	Boykott	CC-BY 2.0 (France) Attribution: tatoeba.org #807536 (Source_VOA) & #2002980 (Manfredo)
x27961	Musikgeschmack	CC-BY 2.0 (France) Attribution: tatoeba.org #25435 (CK) & #10251817 (Yorwba)
x27962	Überleben	CC-BY 2.0 (France) Attribution: tatoeba.org #954230 (CK) & #12481569 (Waldelfe)
x27963	Nationalmannschaft	CC-BY 2.0 (France) Attribution: tatoeba.org #3371978 (Hybrid) & #6139769 (Pfirsichbaeumchen)
x27964	Vogelkäfig	CC-BY 2.0 (France) Attribution: tatoeba.org #42221 (CK) & #2120763 (Tamy)
x27965	Tamtam	CC-BY 2.0 (France) Attribution: tatoeba.org #5171701 (CK) & #6785635 (raggione)
x27966	Einmaleins	CC-BY 2.0 (France) Attribution: tatoeba.org #294940 (CK) & #12455912 (Waldelfe)
x27967	schwafeln	CC-BY 2.0 (France) Attribution: tatoeba.org #246356 (CM) & #1772987 (al_ex_an_der)
x27968	entwurzeln	CC-BY 2.0 (France) Attribution: tatoeba.org #8935496 (sundown) & #8636815 (Melang)
x27969	summieren	CC-BY 2.0 (France) Attribution: tatoeba.org #58281 (CK) & #2800946 (Tamy)
x27970	dampfend	CC-BY 2.0 (France) Attribution: tatoeba.org #11085806 (sundown) & #2747353 (al_ex_an_der)
x27971	Modellflugzeug	CC-BY 2.0 (France) Attribution: tatoeba.org #261960 (CK) & #10106255 (Yorwba)
x27972	Überflutung	CC-BY 2.0 (France) Attribution: tatoeba.org #10148373 (CK) & #754347 (al_ex_an_der)
x27973	Schlafraum	CC-BY 2.0 (France) Attribution: tatoeba.org #11053829 (sundown) & #1630015 (al_ex_an_der)
x27974	automatisieren	CC-BY 2.0 (France) Attribution: tatoeba.org #4478222 (Hybrid) & #6198861 (Pfirsichbaeumchen)
x27975	porträtieren	CC-BY 2.0 (France) Attribution: tatoeba.org #254258 (CK) & #5504717 (Pfirsichbaeumchen)
x27976	zergehen	CC-BY 2.0 (France) Attribution: tatoeba.org #7977551 (CK) & #7978481 (Pfirsichbaeumchen)
x27977	ausnützen	CC-BY 2.0 (France) Attribution: tatoeba.org #10832 (Zifre) & #596894 (cost)
x27978	zugegebenermaßen	CC-BY 2.0 (France) Attribution: tatoeba.org #317156 (CM) & #1835236 (Tamy)
x27979	Imker	CC-BY 2.0 (France) Attribution: tatoeba.org #9130462 (CK) & #12553574 (Waldelfe)
x27980	Ackerland	CC-BY 2.0 (France) Attribution: tatoeba.org #23908 (Dejo) & #11747681 (Yorwba)
x27981	Christbaum	CC-BY 2.0 (France) Attribution: tatoeba.org #5679177 (CK) & #5679602 (brauchinet)
x27982	Fischerei	CC-BY 2.0 (France) Attribution: tatoeba.org #8907458 (The_World_Factbook) & #11771656 (Yorwba)
x27983	Refugium	CC-BY 2.0 (France) Attribution: tatoeba.org #12114613 (CK) & #12115059 (Pfirsichbaeumchen)
x27984	väterlicherseits	CC-BY 2.0 (France) Attribution: tatoeba.org #2240022 (CK) & #2240128 (al_ex_an_der)
x27985	Fettleibigkeit	CC-BY 2.0 (France) Attribution: tatoeba.org #5288291 (Hybrid) & #6164678 (Pfirsichbaeumchen)
x27986	Chrysantheme	CC-BY 2.0 (France) Attribution: tatoeba.org #8788806 (sundown) & #2814494 (Zaghawa)
x27987	bezaubern	CC-BY 2.0 (France) Attribution: tatoeba.org #414960 (FeuDRenais) & #563811 (Manfredo)
x27988	Kräcker	CC-BY 2.0 (France) Attribution: tatoeba.org #1830555 (CK) & #3274978 (Pfirsichbaeumchen)
x27989	anbetreffen	CC-BY 2.0 (France) Attribution: tatoeba.org #1411302 (CK) & #1812037 (Pfirsichbaeumchen)
x27990	geräuschlos	CC-BY 2.0 (France) Attribution: tatoeba.org #37804 (CM) & #2994545 (raggione)
x27991	Fräulein	CC-BY 2.0 (France) Attribution: tatoeba.org #5350317 (Hybrid) & #6974300 (Pfirsichbaeumchen)
x27992	Atheist	CC-BY 2.0 (France) Attribution: tatoeba.org #379739 (CM) & #398605 (MUIRIEL)
x27993	Frühlingstag	CC-BY 2.0 (France) Attribution: tatoeba.org #3123946 (Hybrid) & #3129423 (Pfirsichbaeumchen)
x27994	Rosa	CC-BY 2.0 (France) Attribution: tatoeba.org #46151 (CM) & #369208 (lilygilder)
x27995	Wildtier	CC-BY 2.0 (France) Attribution: tatoeba.org #20611 (CK) & #10563839 (Yorwba)
x27996	Kanadierin	CC-BY 2.0 (France) Attribution: tatoeba.org #2314974 (CK) & #13063504 (Vortarulo)
x27997	Bienenkönigin	CC-BY 2.0 (France) Attribution: tatoeba.org #871291 (CM) & #899797 (Esperantostern)
x27998	reichhaltig	CC-BY 2.0 (France) Attribution: tatoeba.org #317876 (CK) & #12454753 (Augustus)
x27999	Spielfigur	CC-BY 2.0 (France) Attribution: tatoeba.org #281414 (CK) & #1055692 (xtofu80)
x28000	frösteln	CC-BY 2.0 (France) Attribution: tatoeba.org #34649 (CK) & #1732417 (Pfirsichbaeumchen)
x28001	entmachten	CC-BY 2.0 (France) Attribution: tatoeba.org #25641 (CK) & #927929 (Sudajaengi)
x28002	Cholesterinspiegel	CC-BY 2.0 (France) Attribution: tatoeba.org #3825740 (CK) & #4105291 (Pfirsichbaeumchen)
x28003	geräuschvoll	CC-BY 2.0 (France) Attribution: tatoeba.org #1934973 (Spamster) & #1935135 (Pfirsichbaeumchen)
x28004	Mordsspaß	CC-BY 2.0 (France) Attribution: tatoeba.org #8173942 (Hybrid) & #8374124 (Pfirsichbaeumchen)
x28005	Sinnlosigkeit	CC-BY 2.0 (France) Attribution: tatoeba.org #934479 (LittleBoy) & #934486 (Fingerhut)
x28006	Pagode	CC-BY 2.0 (France) Attribution: tatoeba.org #6547239 (CK) & #1464017 (Esperantostern)
x28007	Freudenträne	CC-BY 2.0 (France) Attribution: tatoeba.org #1475682 (CM) & #1475689 (al_ex_an_der)
x28008	Jesuit	CC-BY 2.0 (France) Attribution: tatoeba.org #2276592 (Hybrid) & #6068065 (Pfirsichbaeumchen)
x28009	Bewässerung	CC-BY 2.0 (France) Attribution: tatoeba.org #11118224 (CM) & #12326115 (Yorwba)
x28010	Wasseroberfläche	CC-BY 2.0 (France) Attribution: tatoeba.org #315274 (CM) & #2737080 (Pfirsichbaeumchen)
x28011	Ungleichheit	CC-BY 2.0 (France) Attribution: tatoeba.org #7523559 (Hybrid) & #13442419 (mhr)
x28012	Körpergröße	CC-BY 2.0 (France) Attribution: tatoeba.org #272935 (CK) & #1402945 (Esperantostern)
x28013	Autokennzeichen	CC-BY 2.0 (France) Attribution: tatoeba.org #2951750 (CK) & #5586283 (Vortarulo)
x28014	Referendum	CC-BY 2.0 (France) Attribution: tatoeba.org #11949128 (sundown) & #3671579 (Tamy)
x28015	bimmeln	CC-BY 2.0 (France) Attribution: tatoeba.org #19078 (CK) & #5020415 (UliDolbarge)
x28016	flau	CC-BY 2.0 (France) Attribution: tatoeba.org #318600 (CM) & #841424 (xtofu80)
x28017	Spielverderberin	CC-BY 2.0 (France) Attribution: tatoeba.org #7010702 (Hybrid) & #7010781 (Pfirsichbaeumchen)
x28018	Hefe	CC-BY 2.0 (France) Attribution: tatoeba.org #34925 (CK) & #12406096 (mayabe)
x28019	kneten	CC-BY 2.0 (France) Attribution: tatoeba.org #4121147 (Hybrid) & #9037244 (Pfirsichbaeumchen)
x28020	Redakteur	CC-BY 2.0 (France) Attribution: tatoeba.org #2977815 (patgfisher) & #2977655 (al_ex_an_der)
x28021	Fußpilz	CC-BY 2.0 (France) Attribution: tatoeba.org #270910 (Zifre) & #543593 (al_ex_an_der)
x28022	Urlauber	CC-BY 2.0 (France) Attribution: tatoeba.org #44886 (CM) & #1913574 (Tamy)
x28023	zusehends	CC-BY 2.0 (France) Attribution: tatoeba.org #47545 (CM) & #1924611 (Zaghawa)
x28024	Jungfernfahrt	CC-BY 2.0 (France) Attribution: tatoeba.org #8388443 (Hybrid) & #8393962 (Pfirsichbaeumchen)
x28025	Strauch	CC-BY 2.0 (France) Attribution: tatoeba.org #6710520 (Eccles17) & #12779303 (Yorwba)
x28026	Lieblingsspeise	CC-BY 2.0 (France) Attribution: tatoeba.org #70679 (CK) & #7566845 (raggione)
x28027	obsiegen	CC-BY 2.0 (France) Attribution: tatoeba.org #4813483 (patgfisher) & #4814978 (brauchinet)
x28028	Antisemit	CC-BY 2.0 (France) Attribution: tatoeba.org #10101365 (ddnktr) & #10101766 (Schmutti)
x28029	Tagesreise	CC-BY 2.0 (France) Attribution: tatoeba.org #302200 (CK) & #3290160 (Pfirsichbaeumchen)
x28030	Kitt	CC-BY 2.0 (France) Attribution: tatoeba.org #4502868 (CK) & #7500343 (Yorwba)
x28031	bemitleidenswert	CC-BY 2.0 (France) Attribution: tatoeba.org #46423 (CK) & #784374 (Hans_Adler)
x28032	Zwangsräumung	CC-BY 2.0 (France) Attribution: tatoeba.org #2150410 (Hybrid) & #2226441 (Pfirsichbaeumchen)
x28033	Hüttenkäse	CC-BY 2.0 (France) Attribution: tatoeba.org #1847781 (CK) & #1847920 (Tamy)
x28034	Regenfall	CC-BY 2.0 (France) Attribution: tatoeba.org #512177 (blay_paul) & #652077 (Esperantostern)
x28035	Versprecher	CC-BY 2.0 (France) Attribution: tatoeba.org #10333151 (AlanF_US) & #3841005 (raggione)
x28036	Gemeindehaus	CC-BY 2.0 (France) Attribution: tatoeba.org #8191852 (bpeel) & #8237717 (MisterTrouser)
x28037	gemeinhin	CC-BY 2.0 (France) Attribution: tatoeba.org #7817513 (Hybrid) & #8099424 (Pfirsichbaeumchen)
x28038	Busfahrt	CC-BY 2.0 (France) Attribution: tatoeba.org #12130239 (sundown) & #12193245 (Pfirsichbaeumchen)
x28039	Lesezeichen	CC-BY 2.0 (France) Attribution: tatoeba.org #1369492 (Spamster) & #7466797 (Yorwba)
x28040	Relativitätstheorie	CC-BY 2.0 (France) Attribution: tatoeba.org #71917 (CM) & #722068 (Pfirsichbaeumchen)
x28041	Entrüstung	CC-BY 2.0 (France) Attribution: tatoeba.org #2260169 (Hybrid) & #9134248 (Pfirsichbaeumchen)
x28042	schnorcheln	CC-BY 2.0 (France) Attribution: tatoeba.org #12507078 (CK) & #12508277 (Waldelfe)
x28043	Bauleiter	CC-BY 2.0 (France) Attribution: tatoeba.org #1671699 (CM) & #12331746 (Yorwba)
x28044	Seekrankheit	CC-BY 2.0 (France) Attribution: tatoeba.org #6604276 (Hybrid) & #9135578 (Pfirsichbaeumchen)
x28045	Schreibtischschublade	CC-BY 2.0 (France) Attribution: tatoeba.org #11554628 (CK) & #12574427 (Waldelfe)
x28046	Schlafmangel	CC-BY 2.0 (France) Attribution: tatoeba.org #41211 (CK) & #4959631 (Zaghawa)
x28047	Berufserfahrung	CC-BY 2.0 (France) Attribution: tatoeba.org #508311 (CM) & #1044 (MUIRIEL)
x28048	Reggae	CC-BY 2.0 (France) Attribution: tatoeba.org #5840431 (CK) & #7441600 (Pfirsichbaeumchen)
x28049	Fernsehprogramm	CC-BY 2.0 (France) Attribution: tatoeba.org #44396 (CK) & #1267543 (Vortarulo)
x28050	Eingeständnis	CC-BY 2.0 (France) Attribution: tatoeba.org #48631 (CK) & #2215510 (Zaghawa)
x28051	Zugunglück	CC-BY 2.0 (France) Attribution: tatoeba.org #682499 (Source_VOA) & #682606 (al_ex_an_der)
x28052	begnadet	CC-BY 2.0 (France) Attribution: tatoeba.org #2361890 (CK) & #8036133 (raggione)
x28053	Bindehautentzündung	CC-BY 2.0 (France) Attribution: tatoeba.org #29950 (CM) & #1019566 (Sudajaengi)
x28054	verlorengehen	CC-BY 2.0 (France) Attribution: tatoeba.org #2259683 (_undertoad) & #2351809 (Pfirsichbaeumchen)
x28055	beimessen	CC-BY 2.0 (France) Attribution: tatoeba.org #23241 (Swift) & #2908303 (Tamy)
x28056	gebunden	CC-BY 2.0 (France) Attribution: tatoeba.org #682313 (Source_VOA) & #708159 (Pfirsichbaeumchen)
x28057	herablassend	CC-BY 2.0 (France) Attribution: tatoeba.org #4497601 (CK) & #3775683 (Esperantostern)
x28058	Mitschrift	CC-BY 2.0 (France) Attribution: tatoeba.org #909519 (CK) & #5805777 (Pfirsichbaeumchen)
x28059	Lieblingsgetränk	CC-BY 2.0 (France) Attribution: tatoeba.org #906695 (CK) & #1312805 (al_ex_an_der)
x28060	Generalversammlung	CC-BY 2.0 (France) Attribution: tatoeba.org #73446 (CM) & #12406686 (Waldelfe)
x28061	Sommernacht	CC-BY 2.0 (France) Attribution: tatoeba.org #4211709 (Hybrid) & #4215953 (Pfirsichbaeumchen)
x28062	Futon	CC-BY 2.0 (France) Attribution: tatoeba.org #21193 (CK) & #8861656 (mramosch)
x28063	gebärden	CC-BY 2.0 (France) Attribution: tatoeba.org #239070 (CM) & #5303131 (Pfirsichbaeumchen)
x28064	Gelbfieber	CC-BY 2.0 (France) Attribution: tatoeba.org #807698 (Source_VOA) & #1567115 (Espi)
x28065	baldmöglichst	CC-BY 2.0 (France) Attribution: tatoeba.org #2031331 (CK) & #2834109 (raggione)
x28066	Turmuhr	CC-BY 2.0 (France) Attribution: tatoeba.org #67894 (Eldad) & #663214 (kolonjano)
x28067	Saurier	CC-BY 2.0 (France) Attribution: tatoeba.org #1690917 (Spamster) & #1692238 (al_ex_an_der)
x28068	Straßenverkehr	CC-BY 2.0 (France) Attribution: tatoeba.org #273720 (CK) & #8672342 (driini)
x28069	Schultasche	CC-BY 2.0 (France) Attribution: tatoeba.org #816974 (CM) & #816975 (Pfirsichbaeumchen)
x28070	Schnittlauch	CC-BY 2.0 (France) Attribution: tatoeba.org #10629928 (sundown) & #353369 (MUIRIEL)
x28071	Willensstärke	CC-BY 2.0 (France) Attribution: tatoeba.org #9621064 (CK) & #12827795 (Waldelfe)
x28072	Magenkrebs	CC-BY 2.0 (France) Attribution: tatoeba.org #312520 (jakov) & #567401 (jakov)
x28073	Wolkenbruch	CC-BY 2.0 (France) Attribution: tatoeba.org #3339193 (patgfisher) & #3339312 (Pfirsichbaeumchen)
x28074	Charta	CC-BY 2.0 (France) Attribution: tatoeba.org #241471 (CK) & #2256632 (Pfirsichbaeumchen)
x28075	Wohnungsschlüssel	CC-BY 2.0 (France) Attribution: tatoeba.org #10324599 (CK) & #10325664 (Pfirsichbaeumchen)
x28076	Teppichboden	CC-BY 2.0 (France) Attribution: tatoeba.org #9457010 (sundown) & #8643613 (Melang)
x28077	Invalide	CC-BY 2.0 (France) Attribution: tatoeba.org #309711 (Dejo) & #1552542 (Espi)
x28078	Kinderlähmung	CC-BY 2.0 (France) Attribution: tatoeba.org #2259477 (_undertoad) & #2351841 (Pfirsichbaeumchen)
x28079	Sprosse	CC-BY 2.0 (France) Attribution: tatoeba.org #10508570 (CK) & #12837225 (Yorwba)
x28080	Vollbesitz	CC-BY 2.0 (France) Attribution: tatoeba.org #273866 (CM) & #10254288 (wolfgangth)
x28081	Luftverschmutzung	CC-BY 2.0 (France) Attribution: tatoeba.org #275654 (orcrist) & #399728 (xtofu80)
x28082	Bauholz	CC-BY 2.0 (France) Attribution: tatoeba.org #13274262 (CK) & #13421196 (Waldelfe)
x28083	Rudern	CC-BY 2.0 (France) Attribution: tatoeba.org #5178459 (CK) & #13703817 (kumakyoo)
x28084	Stoßzahn	CC-BY 2.0 (France) Attribution: tatoeba.org #1669262 (CM) & #12507506 (Naina)
x28085	herausreden	CC-BY 2.0 (France) Attribution: tatoeba.org #6995131 (Hybrid) & #10979529 (Pfirsichbaeumchen)
x28086	atlantisch	CC-BY 2.0 (France) Attribution: tatoeba.org #275784 (contour) & #2911916 (Pfirsichbaeumchen)
x28087	Purzelbaum	CC-BY 2.0 (France) Attribution: tatoeba.org #292237 (CK) & #404355 (xtofu80)
x28088	slawisch	CC-BY 2.0 (France) Attribution: tatoeba.org #5617647 (gravnash) & #10783408 (Yorwba)
x28089	Vermehrung	CC-BY 2.0 (France) Attribution: tatoeba.org #667896 (CK) & #1792537 (Esperantostern)
x28090	auszählen	CC-BY 2.0 (France) Attribution: tatoeba.org #680333 (Source_VOA) & #6997719 (Tamy)
x28091	Kinderarbeit	CC-BY 2.0 (France) Attribution: tatoeba.org #11301814 (ddnktr) & #12578974 (Waldelfe)
x28092	Kreisel	CC-BY 2.0 (France) Attribution: tatoeba.org #963947 (darinmex) & #3141900 (faehrmann)
x28093	Buntstift	CC-BY 2.0 (France) Attribution: tatoeba.org #1764746 (CK) & #2171377 (Vortarulo)
x28094	anberaumen	CC-BY 2.0 (France) Attribution: tatoeba.org #2266011 (_undertoad) & #2322276 (Pfirsichbaeumchen)
x28095	Seegang	CC-BY 2.0 (France) Attribution: tatoeba.org #8815023 (sundown) & #3758177 (freddy1)
x28096	Überbevölkerung	CC-BY 2.0 (France) Attribution: tatoeba.org #41167 (Swift) & #806501 (xtofu80)
x28097	Pfefferminztee	CC-BY 2.0 (France) Attribution: tatoeba.org #10736323 (sundown) & #5912377 (Pfirsichbaeumchen)
x28098	Bindestrich	CC-BY 2.0 (France) Attribution: tatoeba.org #8419964 (AlanF_US) & #12623915 (Yorwba)
x28099	Quadratwurzel	CC-BY 2.0 (France) Attribution: tatoeba.org #1056333 (Mofli) & #1056633 (MUIRIEL)
x28100	Mutterschaftsurlaub	CC-BY 2.0 (France) Attribution: tatoeba.org #72297 (CK) & #11719783 (Pfirsichbaeumchen)
x28101	Hexenschuss	CC-BY 2.0 (France) Attribution: tatoeba.org #409169 (Scott) & #659104 (kroko)
x28102	kaschieren	CC-BY 2.0 (France) Attribution: tatoeba.org #1338691 (CM) & #1495177 (Pfirsichbaeumchen)
x28103	einplanen	CC-BY 2.0 (France) Attribution: tatoeba.org #3852314 (CK) & #3944578 (Kuraimegami)
x28104	Folklore	CC-BY 2.0 (France) Attribution: tatoeba.org #1526461 (pauldhunt) & #6830257 (Pfirsichbaeumchen)
x28105	Hilfeschrei	CC-BY 2.0 (France) Attribution: tatoeba.org #267189 (CK) & #691843 (Manfredo)
x28106	Glatteis	CC-BY 2.0 (France) Attribution: tatoeba.org #8838545 (sundown) & #959973 (Sudajaengi)
x28107	sichtlich	CC-BY 2.0 (France) Attribution: tatoeba.org #2327554 (Hybrid) & #2329762 (Pfirsichbaeumchen)
x28108	tummeln	CC-BY 2.0 (France) Attribution: tatoeba.org #9440123 (sundown) & #2939175 (brauchinet)
x28109	Samstagnachmittag	CC-BY 2.0 (France) Attribution: tatoeba.org #9988754 (sundown) & #9977409 (Esperantostern)
x28110	zurückschrecken	CC-BY 2.0 (France) Attribution: tatoeba.org #237710 (CK) & #1800014 (Tamy)
x28111	Nordlicht	CC-BY 2.0 (France) Attribution: tatoeba.org #2960325 (CK) & #4257040 (Pfirsichbaeumchen)
x28112	auferwecken	CC-BY 2.0 (France) Attribution: tatoeba.org #560334 (darinmex) & #763182 (Esperantostern)
x28113	Plüschtier	CC-BY 2.0 (France) Attribution: tatoeba.org #1669983 (Spamster) & #1670026 (Pfirsichbaeumchen)
x28114	Inselbewohner	CC-BY 2.0 (France) Attribution: tatoeba.org #322144 (CM) & #3235976 (Pfirsichbaeumchen)
x28115	jäten	CC-BY 2.0 (France) Attribution: tatoeba.org #10804225 (sundown) & #10816611 (Pfirsichbaeumchen)
x28116	Nachrichtensprecherin	CC-BY 2.0 (France) Attribution: tatoeba.org #68343 (CK) & #437338 (xtofu80)
x28117	vielbeschäftigt	CC-BY 2.0 (France) Attribution: tatoeba.org #2046662 (CK) & #12259905 (mayabe)
x28118	Tomatensuppe	CC-BY 2.0 (France) Attribution: tatoeba.org #7946006 (CK) & #13638731 (Waldelfe)
x28119	Rauchverbot	CC-BY 2.0 (France) Attribution: tatoeba.org #53898 (CM) & #828798 (Pfirsichbaeumchen)
x28120	Zusammenspiel	CC-BY 2.0 (France) Attribution: tatoeba.org #2199180 (Hybrid) & #6479739 (Pfirsichbaeumchen)
x28121	verbrühen	CC-BY 2.0 (France) Attribution: tatoeba.org #282143 (Iolanda) & #673305 (Pfirsichbaeumchen)
x28122	Beulenpest	CC-BY 2.0 (France) Attribution: tatoeba.org #8969609 (Hybrid) & #13712534 (Waldelfe)
x28123	Salzstreuer	CC-BY 2.0 (France) Attribution: tatoeba.org #3396574 (CK) & #3406736 (Pfirsichbaeumchen)
x28124	hängenlassen	CC-BY 2.0 (France) Attribution: tatoeba.org #1954510 (CK) & #1965937 (Pfirsichbaeumchen)
x28125	seinerseits	CC-BY 2.0 (France) Attribution: tatoeba.org #1316993 (CK) & #2230638 (Pfirsichbaeumchen)
x28126	Kumpan	CC-BY 2.0 (France) Attribution: tatoeba.org #45490 (CK) & #1951217 (Tamy)
x28127	beschränkt	CC-BY 2.0 (France) Attribution: tatoeba.org #22943 (Bing05) & #9964453 (giefingl)
x28128	Loser	CC-BY 2.0 (France) Attribution: tatoeba.org #9189127 (shekitten) & #8821350 (brauchinet)
x28129	Kreisverkehr	CC-BY 2.0 (France) Attribution: tatoeba.org #681824 (Source_VOA) & #756047 (Zaghawa)
x28130	Tagesgericht	CC-BY 2.0 (France) Attribution: tatoeba.org #2291847 (CK) & #2292523 (Pfirsichbaeumchen)
x28131	Anhäufung	CC-BY 2.0 (France) Attribution: tatoeba.org #281357 (CK) & #1052831 (Sudajaengi)
x28132	ankern	CC-BY 2.0 (France) Attribution: tatoeba.org #49927 (CK) & #3266675 (freddy1)
x28133	Druckfehler	CC-BY 2.0 (France) Attribution: tatoeba.org #3178569 (CK) & #4471186 (Pfirsichbaeumchen)
x28134	Arbeitssuche	CC-BY 2.0 (France) Attribution: tatoeba.org #3114078 (CK) & #6853410 (raggione)
x28135	Nörgler	CC-BY 2.0 (France) Attribution: tatoeba.org #1994392 (Spamster) & #1994965 (Tamy)
x28136	Abrüstung	CC-BY 2.0 (France) Attribution: tatoeba.org #682234 (Source_VOA) & #720248 (Pfirsichbaeumchen)
x28137	Gesichtsfarbe	CC-BY 2.0 (France) Attribution: tatoeba.org #281080 (Swift) & #3770641 (mauersegler)
x28138	veraltet	CC-BY 2.0 (France) Attribution: tatoeba.org #6033826 (mailohilohi) & #12358962 (Pfirsichbaeumchen)
x28139	Bodenschatz	CC-BY 2.0 (France) Attribution: tatoeba.org #58585 (CM) & #2832677 (Tamy)
x28140	dunkelblau	CC-BY 2.0 (France) Attribution: tatoeba.org #316134 (CK) & #367371 (lilygilder)
x28141	Jongleur	CC-BY 2.0 (France) Attribution: tatoeba.org #643275 (darinmex) & #676159 (Esperantostern)
x28142	Weisheitszahn	CC-BY 2.0 (France) Attribution: tatoeba.org #456493 (lukaszpp) & #5656253 (Vortarulo)
x28143	Substantiv	CC-BY 2.0 (France) Attribution: tatoeba.org #2297104 (Hybrid) & #2298060 (Pfirsichbaeumchen)
x28144	Dörfler	CC-BY 2.0 (France) Attribution: tatoeba.org #7413905 (Hybrid) & #7419730 (Pfirsichbaeumchen)
x28145	Ukulele	CC-BY 2.0 (France) Attribution: tatoeba.org #12121026 (CK) & #12691749 (Waldelfe)
x28146	Staatsbürgerin	CC-BY 2.0 (France) Attribution: tatoeba.org #9192706 (CK) & #11907493 (Naina)
x28147	Gegenwind	CC-BY 2.0 (France) Attribution: tatoeba.org #11966021 (sundown) & #11764448 (brauchinet)
x28148	Weltwirtschaft	CC-BY 2.0 (France) Attribution: tatoeba.org #271151 (CK) & #341679 (MUIRIEL)
x28149	Staubwolke	CC-BY 2.0 (France) Attribution: tatoeba.org #265444 (Dejo) & #478414 (Ullalia)
x28150	Champignon	CC-BY 2.0 (France) Attribution: tatoeba.org #8883859 (sundown) & #3298586 (Manfredo)
x28151	Heimatort	CC-BY 2.0 (France) Attribution: tatoeba.org #682213 (Source_VOA) & #730675 (al_ex_an_der)
x28152	Öffnungszeit	CC-BY 2.0 (France) Attribution: tatoeba.org #269801 (CK) & #13693651 (Waldelfe)
x28153	Einwohnerzahl	CC-BY 2.0 (France) Attribution: tatoeba.org #38968 (Swift) & #12152580 (nexx)
x28154	Steigung	CC-BY 2.0 (France) Attribution: tatoeba.org #9440257 (sundown) & #7015830 (raggione)
x28155	Helligkeit	CC-BY 2.0 (France) Attribution: tatoeba.org #319558 (CK) & #485454 (Espi)
x28156	Quorum	CC-BY 2.0 (France) Attribution: tatoeba.org #660078 (darinmex) & #661384 (Esperantostern)
x28157	härten	CC-BY 2.0 (France) Attribution: tatoeba.org #275107 (CK) & #12418624 (mayabe)
x28158	Verspannung	CC-BY 2.0 (France) Attribution: tatoeba.org #39991 (CM) & #1047488 (Sudajaengi)
x28159	Straßenschild	CC-BY 2.0 (France) Attribution: tatoeba.org #56786 (CK) & #3198921 (Pfirsichbaeumchen)
x28160	Paläontologe	CC-BY 2.0 (France) Attribution: tatoeba.org #3731904 (CM) & #3861560 (mauersegler)
x28161	regierend	CC-BY 2.0 (France) Attribution: tatoeba.org #2267425 (_undertoad) & #2297170 (Pfirsichbaeumchen)
x28162	abnorm	CC-BY 2.0 (France) Attribution: tatoeba.org #21016 (CK) & #9240919 (Pfirsichbaeumchen)
x28163	inserieren	CC-BY 2.0 (France) Attribution: tatoeba.org #258828 (CK) & #9573246 (Yorwba)
x28164	tröpfeln	CC-BY 2.0 (France) Attribution: tatoeba.org #26995 (CK) & #3102709 (Manfredo)
x28165	Stratosphäre	CC-BY 2.0 (France) Attribution: tatoeba.org #10540285 (sundown) & #9830930 (Yorwba)
x28166	Traufe	CC-BY 2.0 (France) Attribution: tatoeba.org #10275346 (sundown) & #10274904 (Yorwba)
x28167	Sanftheit	CC-BY 2.0 (France) Attribution: tatoeba.org #934481 (LittleBoy) & #934490 (Fingerhut)
x28168	auslöffeln	CC-BY 2.0 (France) Attribution: tatoeba.org #2258371 (_undertoad) & #2369807 (Pfirsichbaeumchen)
x28169	Novelle	CC-BY 2.0 (France) Attribution: tatoeba.org #807423 (Source_VOA) & #1538213 (al_ex_an_der)
x28170	kleinkariert	CC-BY 2.0 (France) Attribution: tatoeba.org #540222 (darinmex) & #3145238 (faehrmann)
x28171	Arbeitnehmer	CC-BY 2.0 (France) Attribution: tatoeba.org #326346 (CK) & #8717612 (foamy)
x28172	Katholizismus	CC-BY 2.0 (France) Attribution: tatoeba.org #387711 (Mouseneb) & #445094 (landano)
x28173	Küchenschrank	CC-BY 2.0 (France) Attribution: tatoeba.org #8585219 (sundown) & #4920136 (Manfredo)
x28174	Elternschaft	CC-BY 2.0 (France) Attribution: tatoeba.org #6552382 (Hybrid) & #6554435 (Pfirsichbaeumchen)
x28175	Bodybuilder	CC-BY 2.0 (France) Attribution: tatoeba.org #745835 (Minorojo) & #2461565 (Zaghawa)
x28176	verpennen	CC-BY 2.0 (France) Attribution: tatoeba.org #2107667 (CK) & #8597842 (Roujin)
x28177	Mäßigung	CC-BY 2.0 (France) Attribution: tatoeba.org #2265993 (_undertoad) & #2322308 (Pfirsichbaeumchen)
x28178	Titelkampf	CC-BY 2.0 (France) Attribution: tatoeba.org #33588 (CM) & #365433 (Wolf)
x28179	widerrechtlich	CC-BY 2.0 (France) Attribution: tatoeba.org #301567 (CK) & #438411 (xtofu80)
x28180	Atempause	CC-BY 2.0 (France) Attribution: tatoeba.org #10267475 (LimeGreenTeknii) & #7096206 (raggione)
x28181	Zahnweh	CC-BY 2.0 (France) Attribution: tatoeba.org #436653 (lukaszpp) & #927931 (Sudajaengi)
x28182	beengen	CC-BY 2.0 (France) Attribution: tatoeba.org #1523845 (CM) & #4111311 (Dani6187)
x28183	formlos	CC-BY 2.0 (France) Attribution: tatoeba.org #2267387 (_undertoad) & #2297197 (Pfirsichbaeumchen)
x28184	abschweifen	CC-BY 2.0 (France) Attribution: tatoeba.org #8356863 (shekitten) & #12837200 (Yorwba)
x28185	erkalten	CC-BY 2.0 (France) Attribution: tatoeba.org #285472 (CM) & #2727777 (Pfirsichbaeumchen)
x28186	weitläufig	CC-BY 2.0 (France) Attribution: tatoeba.org #54060 (CM) & #553402 (Espi)
x28187	störend	CC-BY 2.0 (France) Attribution: tatoeba.org #11636817 (CK) & #12462854 (Waldelfe)
x28188	Stellenangebot	CC-BY 2.0 (France) Attribution: tatoeba.org #3077584 (shake0615) & #9847336 (Pfirsichbaeumchen)
x28189	versteifen	CC-BY 2.0 (France) Attribution: tatoeba.org #847262 (Source_Benedict_1921) & #13292005 (Waldelfe)
x28190	Wahlergebnis	CC-BY 2.0 (France) Attribution: tatoeba.org #273536 (CK) & #403822 (xtofu80)
x28191	Seeräuber	CC-BY 2.0 (France) Attribution: tatoeba.org #2491864 (Hybrid) & #2491983 (Pfirsichbaeumchen)
x28192	Mittelalter	CC-BY 2.0 (France) Attribution: tatoeba.org #6018441 (mailohilohi) & #6018606 (brauchinet)
x28193	Lebensziel	CC-BY 2.0 (France) Attribution: tatoeba.org #1176608 (paula_guisard) & #1134678 (Esperantostern)
x28194	unverhofft	CC-BY 2.0 (France) Attribution: tatoeba.org #10804181 (sundown) & #4182604 (Pfirsichbaeumchen)
x28195	Handball	CC-BY 2.0 (France) Attribution: tatoeba.org #292461 (CK) & #1199814 (waeltken)
x28196	schürfen	CC-BY 2.0 (France) Attribution: tatoeba.org #45417 (CK) & #1944397 (Tamy)
x28197	Wahlzettel	CC-BY 2.0 (France) Attribution: tatoeba.org #680334 (Source_VOA) & #2323874 (pne)
x28198	Bestürzung	CC-BY 2.0 (France) Attribution: tatoeba.org #10253231 (AlanF_US) & #10254925 (Pfirsichbaeumchen)
x28199	indessen	CC-BY 2.0 (France) Attribution: tatoeba.org #1447 (Zifre) & #249 (MUIRIEL)
x28200	Nationalfeiertag	CC-BY 2.0 (France) Attribution: tatoeba.org #384553 (Dorenda) & #863889 (Esperantostern)
x28201	Finanzier	CC-BY 2.0 (France) Attribution: tatoeba.org #45900 (CM) & #2489168 (Tamy)
x28202	Apothekerin	CC-BY 2.0 (France) Attribution: tatoeba.org #6343409 (CK) & #11933046 (Pfirsichbaeumchen)
x28203	Hefter	CC-BY 2.0 (France) Attribution: tatoeba.org #33416 (CK) & #1718287 (Pfirsichbaeumchen)
x28204	empfehlenswert	CC-BY 2.0 (France) Attribution: tatoeba.org #329568 (fcbond) & #767048 (dima555)
x28205	Müßiggang	CC-BY 2.0 (France) Attribution: tatoeba.org #24820 (CK) & #3968614 (Dani6187)
x28206	dereinst	CC-BY 2.0 (France) Attribution: tatoeba.org #8180085 (Hybrid) & #10465265 (Pfirsichbaeumchen)
x28207	Gärtnerin	CC-BY 2.0 (France) Attribution: tatoeba.org #9268749 (CK) & #11933082 (Pfirsichbaeumchen)
x28208	Astrophysiker	CC-BY 2.0 (France) Attribution: tatoeba.org #1316 (papabear) & #118 (ludoviko)
x28209	Wohnanlage	CC-BY 2.0 (France) Attribution: tatoeba.org #1911856 (Spamster) & #1918816 (Pfirsichbaeumchen)
x28210	baufällig	CC-BY 2.0 (France) Attribution: tatoeba.org #5725912 (CM) & #12592234 (Yorwba)
x28211	fiebrig	CC-BY 2.0 (France) Attribution: tatoeba.org #316101 (Dejo) & #1714558 (al_ex_an_der)
x28212	Kassenschlager	CC-BY 2.0 (France) Attribution: tatoeba.org #1419974 (Chrikaru) & #5706556 (Pfirsichbaeumchen)
x28213	Denkmalschutz	CC-BY 2.0 (France) Attribution: tatoeba.org #2798331 (patgfisher) & #2796509 (raggione)
x28214	Lokus	CC-BY 2.0 (France) Attribution: tatoeba.org #976180 (shekitten) & #976188 (Esperantostern)
x28215	müffeln	CC-BY 2.0 (France) Attribution: tatoeba.org #12273305 (sundown) & #12281720 (Pfirsichbaeumchen)
x28216	Bahngleis	CC-BY 2.0 (France) Attribution: tatoeba.org #29256 (CK) & #1516802 (riotlake)
x28217	Tennisspiel	CC-BY 2.0 (France) Attribution: tatoeba.org #253375 (CM) & #5273067 (Sudajaengi)
x28218	leiern	CC-BY 2.0 (France) Attribution: tatoeba.org #315285 (CM) & #760467 (Esperantostern)
x28219	schlammig	CC-BY 2.0 (France) Attribution: tatoeba.org #2640294 (CK) & #2757863 (Pfirsichbaeumchen)
x28220	huschen	CC-BY 2.0 (France) Attribution: tatoeba.org #3344645 (pne) & #3760523 (Jens_Odo)
x28221	Unentschlossenheit	CC-BY 2.0 (France) Attribution: tatoeba.org #260761 (CK) & #8836649 (Pfirsichbaeumchen)
x28222	Atomenergie	CC-BY 2.0 (France) Attribution: tatoeba.org #239465 (CM) & #11822845 (Pfirsichbaeumchen)
x28223	Kaufpreis	CC-BY 2.0 (France) Attribution: tatoeba.org #42869 (CK) & #2220181 (Tamy)
x28224	Stadtviertel	CC-BY 2.0 (France) Attribution: tatoeba.org #413830 (CK) & #359022 (MUIRIEL)
x28225	Vermeidung	CC-BY 2.0 (France) Attribution: tatoeba.org #2887658 (patgfisher) & #5458228 (Pfirsichbaeumchen)
x28226	Nasenring	CC-BY 2.0 (France) Attribution: tatoeba.org #5640536 (CK) & #13378704 (Vortarulo)
x28227	Gastfreundlichkeit	CC-BY 2.0 (France) Attribution: tatoeba.org #669459 (darinmex) & #2225440 (Pfirsichbaeumchen)
x28228	Rettungskraft	CC-BY 2.0 (France) Attribution: tatoeba.org #971512 (CM) & #1800691 (Tamy)
x28229	Neumond	CC-BY 2.0 (France) Attribution: tatoeba.org #322635 (CM) & #536921 (xtofu80)
x28230	Sondergenehmigung	CC-BY 2.0 (France) Attribution: tatoeba.org #4917338 (CK) & #4917556 (Pfirsichbaeumchen)
x28231	Kehrtwende	CC-BY 2.0 (France) Attribution: tatoeba.org #1065366 (CK) & #7223117 (Pfirsichbaeumchen)
x28232	Meerrettich	CC-BY 2.0 (France) Attribution: tatoeba.org #12167706 (CK) & #12673926 (Waldelfe)
x28233	Rundschreiben	CC-BY 2.0 (France) Attribution: tatoeba.org #2258904 (_undertoad) & #2365480 (Pfirsichbaeumchen)
x28234	Kirschbaum	CC-BY 2.0 (France) Attribution: tatoeba.org #250506 (CK) & #3135576 (Pfirsichbaeumchen)
x28235	Savanne	CC-BY 2.0 (France) Attribution: tatoeba.org #3652033 (patgfisher) & #12393995 (Yorwba)
x28236	Plateau	CC-BY 2.0 (France) Attribution: tatoeba.org #325388 (CM) & #11778834 (Yorwba)
x28237	Lokalzeitung	CC-BY 2.0 (France) Attribution: tatoeba.org #1429535 (azjani) & #7009942 (driini)
x28238	Wartesaal	CC-BY 2.0 (France) Attribution: tatoeba.org #301169 (CK) & #1500513 (Pfirsichbaeumchen)
x28239	Schneemobil	CC-BY 2.0 (France) Attribution: tatoeba.org #10107923 (ddnktr) & #11831623 (Pfirsichbaeumchen)
x28240	Vanilleeis	CC-BY 2.0 (France) Attribution: tatoeba.org #1129680 (CM) & #5250892 (Sudajaengi)
x28241	ahnden	CC-BY 2.0 (France) Attribution: tatoeba.org #2276434 (Hybrid) & #2276440 (Pfirsichbaeumchen)
x28242	Gesetzentwurf	CC-BY 2.0 (France) Attribution: tatoeba.org #1478773 (CM) & #1478779 (Pfirsichbaeumchen)
x28243	Haaresbreite	CC-BY 2.0 (France) Attribution: tatoeba.org #20834 (CK) & #5363042 (RandomUsername)
x28244	Schalentier	CC-BY 2.0 (France) Attribution: tatoeba.org #10229975 (carlosalberto) & #10229086 (manese)
x28245	Verwirklichung	CC-BY 2.0 (France) Attribution: tatoeba.org #322664 (CM) & #11803182 (Pfirsichbaeumchen)
x28246	Nachteule	CC-BY 2.0 (France) Attribution: tatoeba.org #321972 (CK) & #396521 (xtofu80)
x28247	versalzen	CC-BY 2.0 (France) Attribution: tatoeba.org #9289004 (shekitten) & #2057377 (al_ex_an_der)
x28248	typischerweise	CC-BY 2.0 (France) Attribution: tatoeba.org #954200 (CK) & #13618887 (Waldelfe)
x28249	Rührung	CC-BY 2.0 (France) Attribution: tatoeba.org #313045 (CM) & #840185 (Esperantostern)
x28250	Brusttasche	CC-BY 2.0 (France) Attribution: tatoeba.org #608947 (darinmex) & #1457268 (Esperantostern)
x28251	Schokoladeneis	CC-BY 2.0 (France) Attribution: tatoeba.org #2267026 (_undertoad) & #926641 (Sudajaengi)
x28252	erquicken	CC-BY 2.0 (France) Attribution: tatoeba.org #20303 (CK) & #1694992 (Pfirsichbaeumchen)
x28253	nachfragen	CC-BY 2.0 (France) Attribution: tatoeba.org #325585 (CK) & #438271 (xtofu80)
x28254	Entwicklungsland	CC-BY 2.0 (France) Attribution: tatoeba.org #1501758 (MrShoval) & #1501764 (Zaghawa)
x28255	bebauen	CC-BY 2.0 (France) Attribution: tatoeba.org #57920 (CK) & #2752112 (Tamy)
x28256	hellblau	CC-BY 2.0 (France) Attribution: tatoeba.org #289333 (CK) & #595623 (cost)
x28257	Passfoto	CC-BY 2.0 (France) Attribution: tatoeba.org #3734773 (CK) & #3816033 (Tamy)
x28258	Doktorand	CC-BY 2.0 (France) Attribution: tatoeba.org #8246195 (CK) & #4997678 (al_ex_an_der)
x28259	eigentümlich	CC-BY 2.0 (France) Attribution: tatoeba.org #8565946 (guavalava) & #938406 (Sudajaengi)
x28260	mahnen	CC-BY 2.0 (France) Attribution: tatoeba.org #316255 (CK) & #2448353 (Pfirsichbaeumchen)
x28261	vormerken	CC-BY 2.0 (France) Attribution: tatoeba.org #5851437 (CK) & #8141130 (raggione)
x28262	Mückenstich	CC-BY 2.0 (France) Attribution: tatoeba.org #5284105 (CK) & #5285721 (Pfirsichbaeumchen)
x28263	introvertiert	CC-BY 2.0 (France) Attribution: tatoeba.org #8896885 (CK) & #8897956 (mramosch)
x28264	Errichtung	CC-BY 2.0 (France) Attribution: tatoeba.org #23432 (CK) & #486158 (xtofu80)
x28265	Fensterbrett	CC-BY 2.0 (France) Attribution: tatoeba.org #9460843 (sundown) & #3926904 (kolonjano)
x28266	dolmetschen	CC-BY 2.0 (France) Attribution: tatoeba.org #10921815 (sundown) & #8634433 (Melang)
x28267	Pessimismus	CC-BY 2.0 (France) Attribution: tatoeba.org #287342 (CK) & #368647 (xtofu80)
x28268	Spazierstock	CC-BY 2.0 (France) Attribution: tatoeba.org #6437168 (CK) & #12552968 (Waldelfe)
x28269	Vorhängeschloss	CC-BY 2.0 (France) Attribution: tatoeba.org #4016279 (CK) & #12423242 (Yorwba)
x28270	Fischfang	CC-BY 2.0 (France) Attribution: tatoeba.org #19355 (CK) & #2231516 (Pfirsichbaeumchen)
x28271	Weiher	CC-BY 2.0 (France) Attribution: tatoeba.org #1360041 (CK) & #5319717 (Sudajaengi)
x28272	Kalligraphie	CC-BY 2.0 (France) Attribution: tatoeba.org #619781 (darinmex) & #8653949 (Melang)
x28273	hapern	CC-BY 2.0 (France) Attribution: tatoeba.org #485560 (minshirui) & #8805412 (Melang)
x28274	Auffassungsgabe	CC-BY 2.0 (France) Attribution: tatoeba.org #2259132 (_undertoad) & #2357689 (Pfirsichbaeumchen)
x28275	Abschussrampe	CC-BY 2.0 (France) Attribution: tatoeba.org #29375 (Dejo) & #438388 (xtofu80)
x28276	Schneise	CC-BY 2.0 (France) Attribution: tatoeba.org #696935 (darinmex) & #12447858 (Waldelfe)
x28277	Gleichnis	CC-BY 2.0 (France) Attribution: tatoeba.org #10009492 (shekitten) & #10009622 (Pfirsichbaeumchen)
x28278	Windhauch	CC-BY 2.0 (France) Attribution: tatoeba.org #12211674 (sundown) & #4798129 (raggione)
x28279	Korrespondent	CC-BY 2.0 (France) Attribution: tatoeba.org #303076 (autuno) & #8678229 (Melang)
x28280	Streichholzschachtel	CC-BY 2.0 (France) Attribution: tatoeba.org #6954637 (CK) & #10190210 (Yorwba)
x28281	Dreh	CC-BY 2.0 (France) Attribution: tatoeba.org #10008642 (DJ_Saidez) & #10010026 (Pfirsichbaeumchen)
x28282	Schokoladenpudding	CC-BY 2.0 (France) Attribution: tatoeba.org #8281652 (sundown) & #8202140 (Pfirsichbaeumchen)
x28283	Hauptthema	CC-BY 2.0 (France) Attribution: tatoeba.org #1490393 (niceguydave) & #669770 (sigfrido)
x28284	Feldweg	CC-BY 2.0 (France) Attribution: tatoeba.org #3024049 (CK) & #13615139 (Waldelfe)
x28285	Führungsposition	CC-BY 2.0 (France) Attribution: tatoeba.org #1756916 (Spamster) & #1757643 (Pfirsichbaeumchen)
x28286	entwöhnen	CC-BY 2.0 (France) Attribution: tatoeba.org #2960821 (patgfisher) & #2964577 (brauchinet)
x28287	Olivenbaum	CC-BY 2.0 (France) Attribution: tatoeba.org #8966648 (CM) & #8966646 (Pfirsichbaeumchen)
x28288	Apfelsine	CC-BY 2.0 (France) Attribution: tatoeba.org #7492618 (CK) & #353264 (lilygilder)
x28289	entkleiden	CC-BY 2.0 (France) Attribution: tatoeba.org #9851494 (NurseMeeks) & #13627063 (Pfirsichbaeumchen)
x28290	Mondfinsternis	CC-BY 2.0 (France) Attribution: tatoeba.org #3552568 (CK) & #3552765 (Pfirsichbaeumchen)
x28291	Schwager	CC-BY 2.0 (France) Attribution: tatoeba.org #10720789 (CK) & #10961521 (toivo)
x28292	eingängig	CC-BY 2.0 (France) Attribution: tatoeba.org #10999929 (sundown) & #7058305 (quicksanddiver)
x28293	Musikstück	CC-BY 2.0 (France) Attribution: tatoeba.org #8616237 (sundown) & #5630619 (raggione)
x28294	faßt	CC-BY 2.0 (France) Attribution: tatoeba.org #2372380 (Es2Kay) & #3049560 (pne)
x28295	Feigenbaum	CC-BY 2.0 (France) Attribution: tatoeba.org #8955653 (DJ_Saidez) & #9387625 (Pfirsichbaeumchen)
x28296	Doktrin	CC-BY 2.0 (France) Attribution: tatoeba.org #305963 (CM) & #12266122 (Yorwba)
x28297	Ururgroßvater	CC-BY 2.0 (France) Attribution: tatoeba.org #3308376 (CK) & #3851237 (Pfirsichbaeumchen)
x28298	Massenproduktion	CC-BY 2.0 (France) Attribution: tatoeba.org #276002 (CM) & #9584397 (Yorwba)
x28299	Pandemie	CC-BY 2.0 (France) Attribution: tatoeba.org #10098010 (CK) & #10100113 (Pfirsichbaeumchen)
x28300	Joystick	CC-BY 2.0 (France) Attribution: tatoeba.org #1820280 (Spamster) & #3713617 (Tamy)
x28301	Schraubendreher	CC-BY 2.0 (France) Attribution: tatoeba.org #3314719 (CM) & #12293906 (mayabe)
x28302	Arithmetik	CC-BY 2.0 (France) Attribution: tatoeba.org #9419343 (sundown) & #7748562 (restcoser)
x28303	Antiquariat	CC-BY 2.0 (France) Attribution: tatoeba.org #33530 (CK) & #781971 (Hans_Adler)
x28304	Fort	CC-BY 2.0 (France) Attribution: tatoeba.org #802714 (Source_VOA) & #1524621 (al_ex_an_der)
x28305	wässern	CC-BY 2.0 (France) Attribution: tatoeba.org #796133 (awynands) & #10135567 (Yorwba)
x28306	überhitzen	CC-BY 2.0 (France) Attribution: tatoeba.org #4498290 (CK) & #8485995 (Luiaard)
x28307	Schreibweise	CC-BY 2.0 (France) Attribution: tatoeba.org #547181 (darinmex) & #547222 (Espi)
x28308	Geldschrank	CC-BY 2.0 (France) Attribution: tatoeba.org #1003552 (CK) & #1074903 (Manfredo)
x28309	Handstand	CC-BY 2.0 (France) Attribution: tatoeba.org #2214696 (CK) & #2214735 (Pfirsichbaeumchen)
x28310	Bahnübergang	CC-BY 2.0 (France) Attribution: tatoeba.org #682028 (Source_VOA) & #748800 (Zaghawa)
x28311	Rückfahrkarte	CC-BY 2.0 (France) Attribution: tatoeba.org #56257 (CK) & #431956 (MUIRIEL)
x28312	Restaurierung	CC-BY 2.0 (France) Attribution: tatoeba.org #9199752 (sundown) & #6396649 (raggione)
x28313	Tagtraum	CC-BY 2.0 (France) Attribution: tatoeba.org #7821201 (CK) & #7824603 (Pfirsichbaeumchen)
x28314	Posaune	CC-BY 2.0 (France) Attribution: tatoeba.org #3264772 (CK) & #3265262 (dinkel_girl)
x28315	essentiell	CC-BY 2.0 (France) Attribution: tatoeba.org #1388971 (CK) & #6833931 (raggione)
x28316	hinaufgehen	CC-BY 2.0 (France) Attribution: tatoeba.org #16214 (Swift) & #366460 (Wolf)
x28317	Backware	CC-BY 2.0 (France) Attribution: tatoeba.org #553871 (darinmex) & #1516753 (riotlake)
x28318	Barzahlung	CC-BY 2.0 (France) Attribution: tatoeba.org #2269584 (CM) & #3421435 (pne)
x28319	Läufer	CC-BY 2.0 (France) Attribution: tatoeba.org #2259375 (_undertoad) & #2351949 (Pfirsichbaeumchen)
x28320	Regentag	CC-BY 2.0 (France) Attribution: tatoeba.org #61285 (CM) & #3228527 (al_ex_an_der)
x28321	watscheln	CC-BY 2.0 (France) Attribution: tatoeba.org #8589415 (CK) & #8888031 (mramosch)
x28322	befüllen	CC-BY 2.0 (France) Attribution: tatoeba.org #4902559 (Hybrid) & #4904076 (raggione)
x28323	Kartenspieler	CC-BY 2.0 (France) Attribution: tatoeba.org #11890817 (CK) & #12645044 (Waldelfe)
x28324	häkeln	CC-BY 2.0 (France) Attribution: tatoeba.org #3494641 (patgfisher) & #1293511 (PeterR)
x28325	cremig	CC-BY 2.0 (France) Attribution: tatoeba.org #682175 (Source_VOA) & #734536 (al_ex_an_der)
x28326	weithin	CC-BY 2.0 (France) Attribution: tatoeba.org #1401588 (Spamster) & #1695470 (Pfirsichbaeumchen)
x28327	Schlot	CC-BY 2.0 (France) Attribution: tatoeba.org #676299 (darinmex) & #2696005 (Pfirsichbaeumchen)
x28328	Abonnent	CC-BY 2.0 (France) Attribution: tatoeba.org #59204 (CK) & #643228 (Huluk)
x28329	Himmelfahrtskommando	CC-BY 2.0 (France) Attribution: tatoeba.org #3822395 (CK) & #5708527 (Pfirsichbaeumchen)
x28330	Mitbewohnerin	CC-BY 2.0 (France) Attribution: tatoeba.org #12240170 (CK) & #12424829 (Waldelfe)
x28331	Posten	CC-BY 2.0 (France) Attribution: tatoeba.org #2013035 (CK) & #4220065 (Pfirsichbaeumchen)
x28332	Zenit	CC-BY 2.0 (France) Attribution: tatoeba.org #35992 (CM) & #450490 (al_ex_an_der)
x28333	Raumtemperatur	CC-BY 2.0 (France) Attribution: tatoeba.org #3454418 (CM) & #3495738 (Pfirsichbaeumchen)
x28334	mäßig	CC-BY 2.0 (France) Attribution: tatoeba.org #542831 (CK) & #705988 (Esperantostern)
x28335	Gegenfrage	CC-BY 2.0 (France) Attribution: tatoeba.org #16782 (CK) & #8599237 (Roujin)
x28336	Legastheniker	CC-BY 2.0 (France) Attribution: tatoeba.org #4745483 (danepo) & #12407909 (mayabe)
x28337	Straßenkarte	CC-BY 2.0 (France) Attribution: tatoeba.org #55484 (CK) & #341696 (MUIRIEL)
x28338	Lila	CC-BY 2.0 (France) Attribution: tatoeba.org #435114 (lukaszpp) & #10003933 (wolfgangth)
x28339	kompakt	CC-BY 2.0 (France) Attribution: tatoeba.org #65394 (CK) & #11930654 (Pfirsichbaeumchen)
x28340	waschecht	CC-BY 2.0 (France) Attribution: tatoeba.org #2258575 (_undertoad) & #2369709 (Pfirsichbaeumchen)
x28341	Zentralheizung	CC-BY 2.0 (France) Attribution: tatoeba.org #1088103 (Scott) & #10119298 (Yorwba)
x28342	Eignung	CC-BY 2.0 (France) Attribution: tatoeba.org #308062 (CK) & #1109024 (jast)
x28343	entgegnen	CC-BY 2.0 (France) Attribution: tatoeba.org #521014 (darinmex) & #937974 (Esperantostern)
x28344	Erläuterung	CC-BY 2.0 (France) Attribution: tatoeba.org #10055135 (CK) & #7576136 (raggione)
x28345	hochhackig	CC-BY 2.0 (France) Attribution: tatoeba.org #4133531 (CK) & #6911276 (Pfirsichbaeumchen)
x28346	enttäuschend	CC-BY 2.0 (France) Attribution: tatoeba.org #45195 (CM) & #1929598 (Tamy)
x28347	Minderwertigkeitskomplex	CC-BY 2.0 (France) Attribution: tatoeba.org #2932648 (patgfisher) & #2932382 (Esperantostern)
x28348	unerwidert	CC-BY 2.0 (France) Attribution: tatoeba.org #3255794 (patgfisher) & #3258982 (Pfirsichbaeumchen)
x28349	namhaft	CC-BY 2.0 (France) Attribution: tatoeba.org #294531 (CK) & #437819 (xtofu80)
x28350	Beere	CC-BY 2.0 (France) Attribution: tatoeba.org #58802 (CK) & #12816326 (Vortarulo)
x28351	Auffälligkeit	CC-BY 2.0 (France) Attribution: tatoeba.org #72151 (CK) & #363331 (Wolf)
x28352	Herzenslust	CC-BY 2.0 (France) Attribution: tatoeba.org #315120 (CM) & #699701 (Manfredo)
x28353	enträtseln	CC-BY 2.0 (France) Attribution: tatoeba.org #58332 (CK) & #2802014 (Tamy)
x28354	etwaig	CC-BY 2.0 (France) Attribution: tatoeba.org #671659 (darinmex) & #3002192 (Pfirsichbaeumchen)
x28355	Fußweg	CC-BY 2.0 (France) Attribution: tatoeba.org #10918511 (sundown) & #3244066 (raggione)
x28356	Knauf	CC-BY 2.0 (France) Attribution: tatoeba.org #35749 (CK) & #2171967 (Pfirsichbaeumchen)
x28357	schönreden	CC-BY 2.0 (France) Attribution: tatoeba.org #5732921 (CM) & #12395901 (Pfirsichbaeumchen)
x28358	Spalier	CC-BY 2.0 (France) Attribution: tatoeba.org #9977554 (sundown) & #11552573 (Pfirsichbaeumchen)
x28359	Majo	CC-BY 2.0 (France) Attribution: tatoeba.org #10251031 (bekindtoall) & #10201082 (Yorwba)
x28360	Fensterplatz	CC-BY 2.0 (France) Attribution: tatoeba.org #274252 (CK) & #10178817 (Yorwba)
x28361	Lebensbedingung	CC-BY 2.0 (France) Attribution: tatoeba.org #903696 (CK) & #1695914 (Pfirsichbaeumchen)
x28362	Handelsvertreter	CC-BY 2.0 (France) Attribution: tatoeba.org #256155 (CK) & #1528962 (Pfirsichbaeumchen)
x28363	Abbitte	CC-BY 2.0 (France) Attribution: tatoeba.org #1745665 (Spamster) & #1745825 (Pfirsichbaeumchen)
x28364	Kopfstand	CC-BY 2.0 (France) Attribution: tatoeba.org #3527397 (Hybrid) & #6079918 (raggione)
x28365	fantasievoll	CC-BY 2.0 (France) Attribution: tatoeba.org #291588 (CK) & #8809120 (wolfgangth)
x28366	Gruppenzwang	CC-BY 2.0 (France) Attribution: tatoeba.org #545682 (darinmex) & #1561001 (Pfirsichbaeumchen)
x28367	umklammern	CC-BY 2.0 (France) Attribution: tatoeba.org #290081 (CK) & #8884374 (Yorwba)
x28368	undurchsichtig	CC-BY 2.0 (France) Attribution: tatoeba.org #8905710 (The_World_Factbook) & #12393991 (Yorwba)
x28369	Religionsfreiheit	CC-BY 2.0 (France) Attribution: tatoeba.org #2268728 (_undertoad) & #2289542 (Pfirsichbaeumchen)
x28370	vorausahnen	CC-BY 2.0 (France) Attribution: tatoeba.org #2245609 (CK) & #8968979 (wolfgangth)
x28371	Treibstofftank	CC-BY 2.0 (France) Attribution: tatoeba.org #63753 (CK) & #1551251 (samueldora)
x28372	inländisch	CC-BY 2.0 (France) Attribution: tatoeba.org #22614 (Dejo) & #1790388 (Esperantostern)
x28373	Liebesfilm	CC-BY 2.0 (France) Attribution: tatoeba.org #6661316 (CK) & #7769194 (Pfirsichbaeumchen)
x28374	annektieren	CC-BY 2.0 (France) Attribution: tatoeba.org #8904485 (The_World_Factbook) & #12276183 (Yorwba)
x28375	Kameramann	CC-BY 2.0 (France) Attribution: tatoeba.org #5853169 (CK) & #12443930 (Waldelfe)
x28376	Körpergewicht	CC-BY 2.0 (France) Attribution: tatoeba.org #9199861 (sundown) & #6633893 (raggione)
x28377	Stängel	CC-BY 2.0 (France) Attribution: tatoeba.org #35070 (CM) & #985365 (Espi)
x28378	Cembalo	CC-BY 2.0 (France) Attribution: tatoeba.org #8983743 (sundown) & #5107012 (kolonjano)
x28379	Sklavenhalter	CC-BY 2.0 (France) Attribution: tatoeba.org #807228 (Source_VOA) & #12910195 (Waldelfe)
x28380	Silberhochzeit	CC-BY 2.0 (France) Attribution: tatoeba.org #6030409 (Chrikaru) & #6032722 (wolfgangth)
x28381	Scheitern	CC-BY 2.0 (France) Attribution: tatoeba.org #59523 (CM) & #3536814 (JWeighardt)
x28382	Quäker	CC-BY 2.0 (France) Attribution: tatoeba.org #807453 (Source_VOA) & #820321 (Manfredo)
x28383	Naturschutz	CC-BY 2.0 (France) Attribution: tatoeba.org #293740 (U2FS) & #593957 (samueldora)
x28384	Drehmoment	CC-BY 2.0 (France) Attribution: tatoeba.org #9948806 (AlanF_US) & #9948812 (Pfirsichbaeumchen)
x28385	Rechteck	CC-BY 2.0 (France) Attribution: tatoeba.org #12316596 (Miktsoanit) & #12317099 (Pfirsichbaeumchen)
x28386	Dreiviertelstunde	CC-BY 2.0 (France) Attribution: tatoeba.org #1893933 (CK) & #1893954 (Pfirsichbaeumchen)
x28387	Gitarrenkoffer	CC-BY 2.0 (France) Attribution: tatoeba.org #923368 (CK) & #928738 (Fingerhut)
x28388	Schneefall	CC-BY 2.0 (France) Attribution: tatoeba.org #10687236 (sundown) & #6672206 (brauchinet)
x28389	richtigstellen	CC-BY 2.0 (France) Attribution: tatoeba.org #2033612 (CK) & #6091947 (al_ex_an_der)
x28390	verwässern	CC-BY 2.0 (France) Attribution: tatoeba.org #68645 (CM) & #7775170 (Yorwba)
x28391	geschichtlich	CC-BY 2.0 (France) Attribution: tatoeba.org #8948037 (CK) & #2723126 (al_ex_an_der)
x28392	zermartern	CC-BY 2.0 (France) Attribution: tatoeba.org #2267230 (_undertoad) & #2297299 (Pfirsichbaeumchen)
x28393	erwirtschaften	CC-BY 2.0 (France) Attribution: tatoeba.org #350645 (human600) & #6172 (MUIRIEL)
x28394	Vogelnest	CC-BY 2.0 (France) Attribution: tatoeba.org #7532567 (CK) & #7533138 (raggione)
x28395	Oberarm	CC-BY 2.0 (France) Attribution: tatoeba.org #10127226 (sundown) & #2263422 (al_ex_an_der)
x28396	Trennwand	CC-BY 2.0 (France) Attribution: tatoeba.org #33651 (CM) & #435329 (xtofu80)
x28397	schallend	CC-BY 2.0 (France) Attribution: tatoeba.org #1690414 (Spamster) & #1690572 (Pfirsichbaeumchen)
x28398	Nahrungsquelle	CC-BY 2.0 (France) Attribution: tatoeba.org #2814533 (carlosalberto) & #2814540 (al_ex_an_der)
x28399	Log	CC-BY 2.0 (France) Attribution: tatoeba.org #45334 (CK) & #1937943 (Tamy)
x28400	Posteingang	CC-BY 2.0 (France) Attribution: tatoeba.org #12278553 (sundown) & #1746024 (Pfirsichbaeumchen)
x28401	Radium	CC-BY 2.0 (France) Attribution: tatoeba.org #276275 (CK) & #576289 (cost)
x28402	metrisch	CC-BY 2.0 (France) Attribution: tatoeba.org #10305490 (Hybrid) & #10305809 (Pfirsichbaeumchen)
x28403	Adapter	CC-BY 2.0 (France) Attribution: tatoeba.org #12103753 (CK) & #12555896 (Waldelfe)
x28404	Jungspund	CC-BY 2.0 (France) Attribution: tatoeba.org #4728083 (paper1n0) & #10208862 (Yorwba)
x28405	Luftpost	CC-BY 2.0 (France) Attribution: tatoeba.org #1176914 (bart) & #5301558 (Sudajaengi)
x28406	Kohlenmonoxid	CC-BY 2.0 (France) Attribution: tatoeba.org #328645 (fcbond) & #895478 (samueldora)
x28407	Hammelfleisch	CC-BY 2.0 (France) Attribution: tatoeba.org #8763694 (deniko) & #12484866 (Yorwba)
x28408	Friedensnobelpreis	CC-BY 2.0 (France) Attribution: tatoeba.org #8396776 (Luiaard) & #8396761 (Luiaard)
x28409	Eröffnungsfeier	CC-BY 2.0 (France) Attribution: tatoeba.org #22053 (CK) & #1811364 (Tamy)
x28410	Lagerplatz	CC-BY 2.0 (France) Attribution: tatoeba.org #8894113 (CK) & #8898235 (mramosch)
x28411	Hörweite	CC-BY 2.0 (France) Attribution: tatoeba.org #285659 (CK) & #4755806 (bonny37)
x28412	tätig	CC-BY 2.0 (France) Attribution: tatoeba.org #279320 (Eldad) & #11682025 (Pfirsichbaeumchen)
x28413	Höchstleistung	CC-BY 2.0 (France) Attribution: tatoeba.org #2684423 (Hybrid) & #2689180 (Pfirsichbaeumchen)
x28414	Stricknadel	CC-BY 2.0 (France) Attribution: tatoeba.org #8935440 (sundown) & #8639208 (Melang)
x28415	Emoji	CC-BY 2.0 (France) Attribution: tatoeba.org #9179985 (DJ_Saidez) & #9641970 (Pfirsichbaeumchen)
x28416	Silizium	CC-BY 2.0 (France) Attribution: tatoeba.org #2326701 (Hybrid) & #2327461 (Tamy)
x28417	Öffner	CC-BY 2.0 (France) Attribution: tatoeba.org #10171244 (CK) & #10171507 (Pfirsichbaeumchen)
x28418	hochintelligent	CC-BY 2.0 (France) Attribution: tatoeba.org #249968 (CM) & #943676 (Sudajaengi)
x28419	Ghostwriter	CC-BY 2.0 (France) Attribution: tatoeba.org #1629152 (Spamster) & #5394472 (Yakuwari)
x28420	Erstattung	CC-BY 2.0 (France) Attribution: tatoeba.org #2869141 (Hybrid) & #6149729 (Pfirsichbaeumchen)
x28421	Wetterfrosch	CC-BY 2.0 (France) Attribution: tatoeba.org #5129621 (eritain) & #5320248 (Pfirsichbaeumchen)
x28422	Klassenkameradin	CC-BY 2.0 (France) Attribution: tatoeba.org #321453 (CK) & #969051 (Sudajaengi)
x28423	Garagenverkauf	CC-BY 2.0 (France) Attribution: tatoeba.org #5337096 (Hybrid) & #6139745 (Pfirsichbaeumchen)
x28424	Kugel	CC-BY 2.0 (France) Attribution: tatoeba.org #277122 (CK) & #12706869 (mayabe)
x28425	Dividende	CC-BY 2.0 (France) Attribution: tatoeba.org #5725724 (CM) & #12484817 (Yorwba)
x28426	Staatsangehörigkeit	CC-BY 2.0 (France) Attribution: tatoeba.org #2713454 (CK) & #3077604 (Pfirsichbaeumchen)
x28427	geregelt	CC-BY 2.0 (France) Attribution: tatoeba.org #6071778 (CK) & #7780679 (Pfirsichbaeumchen)
x28428	Kirchenlied	CC-BY 2.0 (France) Attribution: tatoeba.org #277763 (CM) & #597306 (juwu)
x28429	Zigarettenstummel	CC-BY 2.0 (France) Attribution: tatoeba.org #23825 (CK) & #1806337 (Pfirsichbaeumchen)
x28430	Berggipfel	CC-BY 2.0 (France) Attribution: tatoeba.org #47721 (CM) & #406407 (xtofu80)
x28431	formatieren	CC-BY 2.0 (France) Attribution: tatoeba.org #954672 (CK) & #1009276 (Sudajaengi)
x28432	Weichspüler	CC-BY 2.0 (France) Attribution: tatoeba.org #10349389 (sundown) & #10325458 (Yorwba)
x28433	Plünderer	CC-BY 2.0 (France) Attribution: tatoeba.org #1773979 (Spamster) & #2225756 (Pfirsichbaeumchen)
x28434	köcheln	CC-BY 2.0 (France) Attribution: tatoeba.org #327210 (CK) & #560616 (cost)
x28435	Juwelier	CC-BY 2.0 (France) Attribution: tatoeba.org #320987 (CM) & #9756801 (Yorwba)
x28436	Anstand	CC-BY 2.0 (France) Attribution: tatoeba.org #38654 (CK) & #1735367 (Pfirsichbaeumchen)
x28437	Umzäunung	CC-BY 2.0 (France) Attribution: tatoeba.org #56774 (CM) & #331904 (SeeVogel)
x28438	Gewohnheitstier	CC-BY 2.0 (France) Attribution: tatoeba.org #2200286 (freddy1) & #444480 (Espi)
x28439	entgegensehen	CC-BY 2.0 (France) Attribution: tatoeba.org #42535 (CM) & #2166501 (Tamy)
x28440	Fußballfeld	CC-BY 2.0 (France) Attribution: tatoeba.org #10532133 (AlanF_US) & #12393925 (Yorwba)
x28441	Löwenanteil	CC-BY 2.0 (France) Attribution: tatoeba.org #66090 (CM) & #1474308 (Manfredo)
x28442	Verkündung	CC-BY 2.0 (France) Attribution: tatoeba.org #8905580 (The_World_Factbook) & #12254537 (Yorwba)
x28443	Kleinbauer	CC-BY 2.0 (France) Attribution: tatoeba.org #41987 (Swift) & #2081959 (Tamy)
x28444	Schale	CC-BY 2.0 (France) Attribution: tatoeba.org #6691664 (Eccles17) & #6814728 (Pfirsichbaeumchen)
x28445	driften	CC-BY 2.0 (France) Attribution: tatoeba.org #45668 (CK) & #1960942 (Tamy)
x28446	Trauerspiel	CC-BY 2.0 (France) Attribution: tatoeba.org #10900131 (CM) & #13528912 (Waldelfe)
x28447	Katzensprung	CC-BY 2.0 (France) Attribution: tatoeba.org #294792 (CK) & #5613358 (Vortarulo)
x28448	Kurort	CC-BY 2.0 (France) Attribution: tatoeba.org #306360 (CK) & #483750 (xtofu80)
x28449	Abfertigung	CC-BY 2.0 (France) Attribution: tatoeba.org #3185884 (CK) & #3186371 (brauchinet)
x28450	Sparsamkeit	CC-BY 2.0 (France) Attribution: tatoeba.org #9649523 (jayrod84) & #1716782 (Pfirsichbaeumchen)
x28451	Hörbuch	CC-BY 2.0 (France) Attribution: tatoeba.org #9936541 (CK) & #9943094 (Pfirsichbaeumchen)
x28452	Tabu	CC-BY 2.0 (France) Attribution: tatoeba.org #1702651 (Spamster) & #1703036 (al_ex_an_der)
x28453	heraufkommen	CC-BY 2.0 (France) Attribution: tatoeba.org #7008048 (Hybrid) & #7008082 (Pfirsichbaeumchen)
x28454	Digitalkamera	CC-BY 2.0 (France) Attribution: tatoeba.org #2432335 (CK) & #2432387 (Pfirsichbaeumchen)
x28455	Unachtsamkeit	CC-BY 2.0 (France) Attribution: tatoeba.org #274853 (CM) & #3564996 (Pfirsichbaeumchen)
x28456	Wehrpflicht	CC-BY 2.0 (France) Attribution: tatoeba.org #1141871 (AKINCI81) & #1926188 (Pfirsichbaeumchen)
x28457	Fass	CC-BY 2.0 (France) Attribution: tatoeba.org #12255844 (JameezTranslates) & #8227221 (manese)
x28458	herangehen	CC-BY 2.0 (France) Attribution: tatoeba.org #11479394 (CK) & #12660188 (Waldelfe)
x28459	Rechtschreibfehler	CC-BY 2.0 (France) Attribution: tatoeba.org #5246490 (Objectivesea) & #5246491 (Pfirsichbaeumchen)
x28460	Telefonhörer	CC-BY 2.0 (France) Attribution: tatoeba.org #315944 (CM) & #8775966 (Yorwba)
x28461	Anfänger	CC-BY 2.0 (France) Attribution: tatoeba.org #1409198 (CK) & #1812105 (Pfirsichbaeumchen)
x28462	Pkw	CC-BY 2.0 (France) Attribution: tatoeba.org #67091 (CK) & #1030359 (Sudajaengi)
x28463	Mandoline	CC-BY 2.0 (France) Attribution: tatoeba.org #2050579 (CK) & #2303198 (Zaghawa)
x28464	emsig	CC-BY 2.0 (France) Attribution: tatoeba.org #1904812 (CK) & #1906004 (Pfirsichbaeumchen)
x28465	Ölgemälde	CC-BY 2.0 (France) Attribution: tatoeba.org #56551 (CM) & #4860186 (Manfredo)
x28466	Bundesrepublik	CC-BY 2.0 (France) Attribution: tatoeba.org #1555177 (lutao) & #452610 (Pfirsichbaeumchen)
x28467	Aufstieg	CC-BY 2.0 (France) Attribution: tatoeba.org #1229609 (CM) & #1857407 (al_ex_an_der)
x28468	verhältnismäßig	CC-BY 2.0 (France) Attribution: tatoeba.org #6954595 (CK) & #7590086 (Pfirsichbaeumchen)
x28469	Milchreis	CC-BY 2.0 (France) Attribution: tatoeba.org #10119818 (sundown) & #7465809 (Pfirsichbaeumchen)
x28470	Herzdame	CC-BY 2.0 (France) Attribution: tatoeba.org #10485210 (Ooneykcall) & #10485208 (Yorwba)
x28471	Vulkanausbruch	CC-BY 2.0 (France) Attribution: tatoeba.org #23845 (CK) & #969601 (MUIRIEL)
x28472	Tänzer	CC-BY 2.0 (France) Attribution: tatoeba.org #6263611 (CK) & #12612260 (Waldelfe)
x28473	Kleinwagen	CC-BY 2.0 (France) Attribution: tatoeba.org #267594 (CK) & #823394 (al_ex_an_der)
x28474	außerstande	CC-BY 2.0 (France) Attribution: tatoeba.org #47448 (CK) & #12313045 (Pfirsichbaeumchen)
x28475	durchringen	CC-BY 2.0 (France) Attribution: tatoeba.org #254866 (CK) & #449665 (al_ex_an_der)
x28476	Ruhepause	CC-BY 2.0 (France) Attribution: tatoeba.org #2308088 (CK) & #2740791 (raggione)
x28477	unumkehrbar	CC-BY 2.0 (France) Attribution: tatoeba.org #10059670 (tatoebashrek) & #10060046 (Pfirsichbaeumchen)
x28478	Seeweg	CC-BY 2.0 (France) Attribution: tatoeba.org #54935 (CK) & #1832887 (Tamy)
x28479	Trockenheit	CC-BY 2.0 (France) Attribution: tatoeba.org #243067 (CM) & #976604 (Esperantostern)
x28480	Einkommenssteuer	CC-BY 2.0 (France) Attribution: tatoeba.org #263566 (CM) & #392548 (xtofu80)
x28481	Syntax	CC-BY 2.0 (France) Attribution: tatoeba.org #1006279 (sysko) & #12484870 (Yorwba)
x28482	huldigen	CC-BY 2.0 (France) Attribution: tatoeba.org #44183 (CK) & #2446222 (Tamy)
x28483	entrichten	CC-BY 2.0 (France) Attribution: tatoeba.org #57423 (CK) & #2680294 (Tamy)
x28484	Träger	CC-BY 2.0 (France) Attribution: tatoeba.org #456862 (blay_paul) & #457354 (xtofu80)
x28485	Bakterie	CC-BY 2.0 (France) Attribution: tatoeba.org #1209655 (CK) & #1562599 (Pfirsichbaeumchen)
x28486	verzetteln	CC-BY 2.0 (France) Attribution: tatoeba.org #3631498 (hsilver) & #12384697 (Yorwba)
x28487	Ölpreis	CC-BY 2.0 (France) Attribution: tatoeba.org #10512827 (sundown) & #5026128 (UliDolbarge)
x28488	Wahlurne	CC-BY 2.0 (France) Attribution: tatoeba.org #4300685 (patgfisher) & #4301868 (Hannes)
x28489	gebürtig	CC-BY 2.0 (France) Attribution: tatoeba.org #300466 (CM) & #2147743 (al_ex_an_der)
x28490	böhmisch	CC-BY 2.0 (France) Attribution: tatoeba.org #249797 (Zifre) & #1416104 (al_ex_an_der)
x28491	Gläubiger	CC-BY 2.0 (France) Attribution: tatoeba.org #3549401 (patgfisher) & #1489279 (Esperantostern)
x28492	Wagemut	CC-BY 2.0 (France) Attribution: tatoeba.org #6873120 (CK) & #935934 (Sudajaengi)
x28493	stieren	CC-BY 2.0 (France) Attribution: tatoeba.org #1912007 (Spamster) & #1918646 (Pfirsichbaeumchen)
x28494	Kirchgänger	CC-BY 2.0 (France) Attribution: tatoeba.org #11890962 (CK) & #12726499 (Waldelfe)
x28495	aufrücken	CC-BY 2.0 (France) Attribution: tatoeba.org #10953941 (sundown) & #8313737 (driini)
x28496	Gebrauchtwagenhändler	CC-BY 2.0 (France) Attribution: tatoeba.org #6243901 (CK) & #7423972 (Pfirsichbaeumchen)
x28497	Spinnrad	CC-BY 2.0 (France) Attribution: tatoeba.org #263338 (CK) & #784677 (al_ex_an_der)
x28498	Gärtner	CC-BY 2.0 (France) Attribution: tatoeba.org #2546183 (CK) & #10060311 (wolfgangth)
x28499	Klavierlehrerin	CC-BY 2.0 (France) Attribution: tatoeba.org #10597374 (CK) & #12630368 (Waldelfe)
x28500	Missstand	CC-BY 2.0 (France) Attribution: tatoeba.org #6058302 (mailohilohi) & #12464914 (Waldelfe)
x28501	Markise	CC-BY 2.0 (France) Attribution: tatoeba.org #709111 (darinmex) & #784189 (Hans_Adler)
x28502	spornen	CC-BY 2.0 (France) Attribution: tatoeba.org #309074 (CM) & #392388 (xtofu80)
x28503	Regenschauer	CC-BY 2.0 (France) Attribution: tatoeba.org #324682 (CK) & #8596129 (Roujin)
x28504	uneben	CC-BY 2.0 (France) Attribution: tatoeba.org #10540362 (sundown) & #10063562 (Yorwba)
x28505	Scheunentor	CC-BY 2.0 (France) Attribution: tatoeba.org #4144889 (Hybrid) & #4146971 (raggione)
x28506	unwillkürlich	CC-BY 2.0 (France) Attribution: tatoeba.org #275905 (CK) & #1811339 (Tamy)
x28507	gleichgeschlechtlich	CC-BY 2.0 (France) Attribution: tatoeba.org #1754176 (Spamster) & #1757808 (Pfirsichbaeumchen)
x28508	Fahrenheit	CC-BY 2.0 (France) Attribution: tatoeba.org #2308026 (CK) & #3766396 (Zaghawa)
x28509	Schlichtheit	CC-BY 2.0 (France) Attribution: tatoeba.org #5418224 (mailohilohi) & #3136299 (al_ex_an_der)
x28510	erblassen	CC-BY 2.0 (France) Attribution: tatoeba.org #33909 (al_ex_an_der) & #867739 (Espi)
x28511	Regelwerk	CC-BY 2.0 (France) Attribution: tatoeba.org #12197988 (CK) & #12901490 (Waldelfe)
x28512	Auswanderer	CC-BY 2.0 (France) Attribution: tatoeba.org #1343452 (Chrikaru) & #3032900 (Pfirsichbaeumchen)
x28513	Sanierung	CC-BY 2.0 (France) Attribution: tatoeba.org #9998901 (sundown) & #7467041 (kutschektar)
x28514	Staubwedel	CC-BY 2.0 (France) Attribution: tatoeba.org #11937809 (CK) & #12596414 (Waldelfe)
x28515	Schachspieler	CC-BY 2.0 (France) Attribution: tatoeba.org #1539598 (madhatter5) & #1539612 (Espi)
x28516	umformulieren	CC-BY 2.0 (France) Attribution: tatoeba.org #2735270 (catcher) & #2735275 (Pfirsichbaeumchen)
x28517	Problemlöser	CC-BY 2.0 (France) Attribution: tatoeba.org #5325867 (Hybrid) & #5325951 (Esperantostern)
x28518	Esslöffel	CC-BY 2.0 (France) Attribution: tatoeba.org #2399387 (orcrist) & #2619539 (Pfirsichbaeumchen)
x28519	zusammenstürzen	CC-BY 2.0 (France) Attribution: tatoeba.org #9152669 (Hybrid) & #12272830 (Pfirsichbaeumchen)
x28520	wachrufen	CC-BY 2.0 (France) Attribution: tatoeba.org #718490 (darinmex) & #1021357 (MUIRIEL)
x28521	walisisch	CC-BY 2.0 (France) Attribution: tatoeba.org #3152637 (Vanilla) & #6138714 (al_ex_an_der)
x28522	Preisnachlass	CC-BY 2.0 (France) Attribution: tatoeba.org #31283 (CK) & #1519248 (Espi)
x28523	Katzenstreu	CC-BY 2.0 (France) Attribution: tatoeba.org #5769632 (Hybrid) & #8021607 (Pfirsichbaeumchen)
x28524	Archäologin	CC-BY 2.0 (France) Attribution: tatoeba.org #7760485 (Hybrid) & #11227073 (Pfirsichbaeumchen)
x28525	Dur	CC-BY 2.0 (France) Attribution: tatoeba.org #2763430 (sharptoothed) & #8787561 (Yorwba)
x28526	Mansarde	CC-BY 2.0 (France) Attribution: tatoeba.org #11049398 (sundown) & #5920539 (brauchinet)
x28527	festziehen	CC-BY 2.0 (France) Attribution: tatoeba.org #3823218 (CK) & #7327406 (Pfirsichbaeumchen)
x28528	Walfisch	CC-BY 2.0 (France) Attribution: tatoeba.org #7328334 (AlanF_US) & #6322171 (raggione)
x28529	aufbekommen	CC-BY 2.0 (France) Attribution: tatoeba.org #3238176 (CK) & #3238547 (freddy1)
x28530	Flachs	CC-BY 2.0 (France) Attribution: tatoeba.org #11121986 (CM) & #12607248 (Yorwba)
x28531	Englischunterricht	CC-BY 2.0 (France) Attribution: tatoeba.org #250933 (CK) & #6157898 (raggione)
x28532	Hilfestellung	CC-BY 2.0 (France) Attribution: tatoeba.org #895418 (CK) & #1510140 (raggione)
x28533	Linguist	CC-BY 2.0 (France) Attribution: tatoeba.org #2216463 (Hybrid) & #2217128 (Pfirsichbaeumchen)
x28534	Mitleidenschaft	CC-BY 2.0 (France) Attribution: tatoeba.org #2053296 (darinmex) & #2061573 (Tamy)
x28535	hellhäutig	CC-BY 2.0 (France) Attribution: tatoeba.org #1779777 (Spamster) & #1779845 (Pfirsichbaeumchen)
x28536	Klarstellung	CC-BY 2.0 (France) Attribution: tatoeba.org #4496564 (CK) & #9972021 (Yorwba)
x28537	Absolventin	CC-BY 2.0 (France) Attribution: tatoeba.org #10864309 (CK) & #12693897 (Waldelfe)
x28538	dazwischenfunken	CC-BY 2.0 (France) Attribution: tatoeba.org #2814144 (patgfisher) & #2813587 (raggione)
x28539	Schneebesen	CC-BY 2.0 (France) Attribution: tatoeba.org #823600 (papabear) & #823671 (MUIRIEL)
x28540	Abendzeitung	CC-BY 2.0 (France) Attribution: tatoeba.org #3650073 (karloelkebekio) & #5739969 (raggione)
x28541	Frauenarbeit	CC-BY 2.0 (France) Attribution: tatoeba.org #1956300 (Spamster) & #1956765 (Pfirsichbaeumchen)
x28542	klumpig	CC-BY 2.0 (France) Attribution: tatoeba.org #1954878 (CK) & #4176082 (Dani6187)
x28543	Zugvogel	CC-BY 2.0 (France) Attribution: tatoeba.org #2912974 (patgfisher) & #1853017 (al_ex_an_der)
x28544	Sojabohne	CC-BY 2.0 (France) Attribution: tatoeba.org #680897 (Source_VOA) & #12029653 (Pfirsichbaeumchen)
x28545	aufhaben	CC-BY 2.0 (France) Attribution: tatoeba.org #12723959 (CK) & #12825283 (Yorwba)
x28546	Unfallversicherung	CC-BY 2.0 (France) Attribution: tatoeba.org #2258481 (_undertoad) & #2369763 (Pfirsichbaeumchen)
x28547	Passkontrolle	CC-BY 2.0 (France) Attribution: tatoeba.org #7096581 (robbieheslop) & #7097461 (raggione)
x28548	einkalkulieren	CC-BY 2.0 (France) Attribution: tatoeba.org #774117 (CM) & #782789 (Chris)
x28549	Küchengerät	CC-BY 2.0 (France) Attribution: tatoeba.org #10171144 (sundown) & #3205466 (raggione)
x28550	Nussbaum	CC-BY 2.0 (France) Attribution: tatoeba.org #11327751 (sundown) & #1428682 (Esperantostern)
x28551	Kordel	CC-BY 2.0 (France) Attribution: tatoeba.org #57443 (papabear) & #2685151 (Tamy)
x28552	Heimatdorf	CC-BY 2.0 (France) Attribution: tatoeba.org #296166 (CK) & #656423 (Manfredo)
x28553	Angelsachse	CC-BY 2.0 (France) Attribution: tatoeba.org #72399 (CM) & #445104 (landano)
x28554	Gänze	CC-BY 2.0 (France) Attribution: tatoeba.org #24978 (CK) & #13725166 (Waldelfe)
x28555	Autobatterie	CC-BY 2.0 (France) Attribution: tatoeba.org #265495 (CK) & #446595 (al_ex_an_der)
x28556	Kopfsalat	CC-BY 2.0 (France) Attribution: tatoeba.org #898538 (CK) & #1695692 (Pfirsichbaeumchen)
x28557	Graffiti	CC-BY 2.0 (France) Attribution: tatoeba.org #320272 (shanghainese) & #644386 (Manfredo)
x28558	nachtaktiv	CC-BY 2.0 (France) Attribution: tatoeba.org #1795438 (Spamster) & #1796272 (Pfirsichbaeumchen)
x28559	Schneeballsystem	CC-BY 2.0 (France) Attribution: tatoeba.org #1473324 (CM) & #1473328 (al_ex_an_der)
x28560	haltmachen	CC-BY 2.0 (France) Attribution: tatoeba.org #10159529 (shekitten) & #10160603 (Pfirsichbaeumchen)
x28561	Steckenpferd	CC-BY 2.0 (France) Attribution: tatoeba.org #6547700 (CK) & #6845088 (Esperantostern)
x28562	Stadtbewohner	CC-BY 2.0 (France) Attribution: tatoeba.org #44813 (CM) & #1911245 (Tamy)
x28563	Sonate	CC-BY 2.0 (France) Attribution: tatoeba.org #50751 (CK) & #355364 (MUIRIEL)
x28564	fadenscheinig	CC-BY 2.0 (France) Attribution: tatoeba.org #8100895 (Hybrid) & #11009610 (Pfirsichbaeumchen)
x28565	Violinist	CC-BY 2.0 (France) Attribution: tatoeba.org #292360 (CK) & #912909 (Esperantostern)
x28566	Treibhauseffekt	CC-BY 2.0 (France) Attribution: tatoeba.org #727306 (CM) & #2937476 (Pfirsichbaeumchen)
x28567	Kalmar	CC-BY 2.0 (France) Attribution: tatoeba.org #10794635 (sundown) & #8378068 (Yorwba)
x28568	Skifahrer	CC-BY 2.0 (France) Attribution: tatoeba.org #7782537 (Hybrid) & #9869304 (Pfirsichbaeumchen)
x28569	verschießen	CC-BY 2.0 (France) Attribution: tatoeba.org #5821487 (Hybrid) & #5821489 (Pfirsichbaeumchen)
x28570	Kündigungsfrist	CC-BY 2.0 (France) Attribution: tatoeba.org #66625 (CM) & #789391 (Espi)
x28571	gegebenenfalls	CC-BY 2.0 (France) Attribution: tatoeba.org #250227 (Eldad) & #465246 (Peanutfan)
x28572	Kunstsammler	CC-BY 2.0 (France) Attribution: tatoeba.org #11906049 (CK) & #12959784 (Waldelfe)
x28573	Steinwurf	CC-BY 2.0 (France) Attribution: tatoeba.org #294792 (CK) & #752897 (Vortarulo)
x28574	entlanggehen	CC-BY 2.0 (France) Attribution: tatoeba.org #278391 (CM) & #1677923 (Pfirsichbaeumchen)
x28575	Wahlsieg	CC-BY 2.0 (France) Attribution: tatoeba.org #682322 (Source_VOA) & #707536 (Pfirsichbaeumchen)
x28576	genesen	CC-BY 2.0 (France) Attribution: tatoeba.org #2924668 (Hybrid) & #2926935 (Pfirsichbaeumchen)
x28577	Erzeugung	CC-BY 2.0 (France) Attribution: tatoeba.org #65445 (CM) & #1865298 (Zaghawa)
x28578	Ausstoß	CC-BY 2.0 (France) Attribution: tatoeba.org #4806325 (Hybrid) & #5746514 (Pfirsichbaeumchen)
x28579	phantasieren	CC-BY 2.0 (France) Attribution: tatoeba.org #2045353 (CK) & #2632957 (Pfirsichbaeumchen)
x28580	Blasenentzündung	CC-BY 2.0 (France) Attribution: tatoeba.org #272701 (CK) & #677062 (al_ex_an_der)
x28581	bewenden	CC-BY 2.0 (France) Attribution: tatoeba.org #9171781 (CK) & #9173057 (brauchinet)
x28582	Betätigung	CC-BY 2.0 (France) Attribution: tatoeba.org #52866 (CK) & #12528225 (mayabe)
x28583	Strohhut	CC-BY 2.0 (France) Attribution: tatoeba.org #10632196 (CK) & #10632255 (Pfirsichbaeumchen)
x28584	Unwissen	CC-BY 2.0 (France) Attribution: tatoeba.org #267417 (CK) & #7193892 (Pfirsichbaeumchen)
x28585	Solo	CC-BY 2.0 (France) Attribution: tatoeba.org #2078122 (CK) & #2082900 (Pfirsichbaeumchen)
x28586	Lappe	CC-BY 2.0 (France) Attribution: tatoeba.org #312171 (CK) & #1055560 (xtofu80)
x28587	seichen	CC-BY 2.0 (France) Attribution: tatoeba.org #58141 (CM) & #1908362 (Tamy)
x28588	Festigkeit	CC-BY 2.0 (France) Attribution: tatoeba.org #2163122 (Source_VOA) & #2164508 (Espi)
x28589	zusenden	CC-BY 2.0 (France) Attribution: tatoeba.org #28396 (CK) & #397979 (xtofu80)
x28590	Atomkraft	CC-BY 2.0 (France) Attribution: tatoeba.org #56965 (CM) & #2599883 (Tamy)
x28591	Schoß	CC-BY 2.0 (France) Attribution: tatoeba.org #245677 (CK) & #362790 (Wolf)
x28592	befeuchten	CC-BY 2.0 (France) Attribution: tatoeba.org #291604 (CM) & #406822 (MUIRIEL)
x28593	ausgewogen	CC-BY 2.0 (France) Attribution: tatoeba.org #7507023 (CK) & #12405408 (Waldelfe)
x28594	Blockhaus	CC-BY 2.0 (France) Attribution: tatoeba.org #241323 (CK) & #640566 (al_ex_an_der)
x28595	beängstigen	CC-BY 2.0 (France) Attribution: tatoeba.org #3774668 (Hybrid) & #3783280 (Pfirsichbaeumchen)
x28596	Fernsehgerät	CC-BY 2.0 (France) Attribution: tatoeba.org #39257 (CK) & #788403 (Manfredo)
x28597	Nadelöhr	CC-BY 2.0 (France) Attribution: tatoeba.org #318762 (CM) & #2127659 (Pfirsichbaeumchen)
x28598	Stadtrundfahrt	CC-BY 2.0 (France) Attribution: tatoeba.org #10288753 (ddnktr) & #10289150 (Pfirsichbaeumchen)
x28599	Acker	CC-BY 2.0 (France) Attribution: tatoeba.org #282310 (CK) & #959985 (Sudajaengi)
x28600	spätabends	CC-BY 2.0 (France) Attribution: tatoeba.org #304493 (CK) & #1601776 (Sudajaengi)
x28601	Schneeballschlacht	CC-BY 2.0 (France) Attribution: tatoeba.org #248966 (CK) & #582669 (samueldora)
x28602	Öltanker	CC-BY 2.0 (France) Attribution: tatoeba.org #40326 (Swift) & #2815327 (al_ex_an_der)
x28603	kurzerhand	CC-BY 2.0 (France) Attribution: tatoeba.org #43507 (CM) & #2346974 (Tamy)
x28604	Wasserstand	CC-BY 2.0 (France) Attribution: tatoeba.org #8433273 (Hybrid) & #11742825 (Pfirsichbaeumchen)
x28605	Schneckentempo	CC-BY 2.0 (France) Attribution: tatoeba.org #6054511 (Hybrid) & #6055988 (Pfirsichbaeumchen)
x28606	Massenmedium	CC-BY 2.0 (France) Attribution: tatoeba.org #269374 (CK) & #8875687 (Pfirsichbaeumchen)
x28607	Scheinheiligkeit	CC-BY 2.0 (France) Attribution: tatoeba.org #2245680 (CK) & #3078285 (al_ex_an_der)
x28608	Konservendose	CC-BY 2.0 (France) Attribution: tatoeba.org #289602 (CK) & #13660789 (Waldelfe)
x28609	unaufgefordert	CC-BY 2.0 (France) Attribution: tatoeba.org #7112441 (CM) & #12794490 (Naina)
x28610	Kassenbon	CC-BY 2.0 (France) Attribution: tatoeba.org #12459622 (CK) & #12459661 (Waldelfe)
x28611	Heidenspaß	CC-BY 2.0 (France) Attribution: tatoeba.org #1893648 (CK) & #1898459 (Pfirsichbaeumchen)
x28612	Landweg	CC-BY 2.0 (France) Attribution: tatoeba.org #9056207 (CK) & #1542964 (Pfirsichbaeumchen)
x28613	Gasherd	CC-BY 2.0 (France) Attribution: tatoeba.org #63754 (CM) & #1856307 (Tamy)
x28614	Kinderärztin	CC-BY 2.0 (France) Attribution: tatoeba.org #7114164 (CM) & #10060471 (wolfgangth)
x28615	Ampere	CC-BY 2.0 (France) Attribution: tatoeba.org #10628620 (AlanF_US) & #12440930 (Waldelfe)
x28616	Stausee	CC-BY 2.0 (France) Attribution: tatoeba.org #10215819 (sundown) & #8649325 (Melang)
x28617	Fuhrwerk	CC-BY 2.0 (France) Attribution: tatoeba.org #264510 (CM) & #8861705 (mramosch)
x28618	verkochen	CC-BY 2.0 (France) Attribution: tatoeba.org #2206604 (Hybrid) & #6460964 (Pfirsichbaeumchen)
x28619	künden	CC-BY 2.0 (France) Attribution: tatoeba.org #241492 (CM) & #140010 (MUIRIEL)
x28620	Knopfloch	CC-BY 2.0 (France) Attribution: tatoeba.org #292740 (CK) & #1555965 (Pfirsichbaeumchen)
x28621	zusammensuchen	CC-BY 2.0 (France) Attribution: tatoeba.org #681058 (Source_VOA) & #759349 (Pfirsichbaeumchen)
x28622	beipflichten	CC-BY 2.0 (France) Attribution: tatoeba.org #44846 (CM) & #1912715 (Tamy)
x28623	reinlich	CC-BY 2.0 (France) Attribution: tatoeba.org #281762 (CM) & #1181592 (Sudajaengi)
x28624	Klavierlehrer	CC-BY 2.0 (France) Attribution: tatoeba.org #10597374 (CK) & #12630364 (Waldelfe)
x28625	Zungenbrecher	CC-BY 2.0 (France) Attribution: tatoeba.org #1543869 (wallebot) & #1544221 (Pfirsichbaeumchen)
x28626	Gefrierpunkt	CC-BY 2.0 (France) Attribution: tatoeba.org #9779320 (CK) & #13396171 (Waldelfe)
x28627	Ungeschicklichkeit	CC-BY 2.0 (France) Attribution: tatoeba.org #264979 (CK) & #766214 (Esperantostern)
x28628	Busfahrkarte	CC-BY 2.0 (France) Attribution: tatoeba.org #35222 (CK) & #431951 (MUIRIEL)
x28629	Begründer	CC-BY 2.0 (France) Attribution: tatoeba.org #509727 (CK) & #509842 (Espi)
x28630	Weltmeer	CC-BY 2.0 (France) Attribution: tatoeba.org #5322582 (Hybrid) & #9191639 (Pfirsichbaeumchen)
x28631	Magermilch	CC-BY 2.0 (France) Attribution: tatoeba.org #901554 (joeycrunch) & #396537 (xtofu80)
x28632	Methanol	CC-BY 2.0 (France) Attribution: tatoeba.org #7813189 (Hybrid) & #8043859 (Pfirsichbaeumchen)
x28633	Setzling	CC-BY 2.0 (France) Attribution: tatoeba.org #8217285 (Hybrid) & #8237599 (MisterTrouser)
x28634	Schleife	CC-BY 2.0 (France) Attribution: tatoeba.org #2264755 (_undertoad) & #2331539 (Pfirsichbaeumchen)
x28635	Missetäter	CC-BY 2.0 (France) Attribution: tatoeba.org #3638684 (Hybrid) & #7993859 (Pfirsichbaeumchen)
x28636	schulisch	CC-BY 2.0 (France) Attribution: tatoeba.org #315632 (CK) & #934406 (Fingerhut)
x28637	verknallen	CC-BY 2.0 (France) Attribution: tatoeba.org #1699209 (Spamster) & #1699235 (Pfirsichbaeumchen)
x28638	Buchmesse	CC-BY 2.0 (France) Attribution: tatoeba.org #1522306 (erikspen) & #9056532 (Yorwba)
x28639	Unikat	CC-BY 2.0 (France) Attribution: tatoeba.org #1012557 (U2FS) & #11987366 (Pfirsichbaeumchen)
x28640	Prostatakrebs	CC-BY 2.0 (France) Attribution: tatoeba.org #3801998 (patgfisher) & #3803136 (Tickler)
x28641	Unterlage	CC-BY 2.0 (France) Attribution: tatoeba.org #3330588 (CK) & #3337623 (Pfirsichbaeumchen)
x28642	Lieblingsfach	CC-BY 2.0 (France) Attribution: tatoeba.org #319980 (CK) & #353729 (MUIRIEL)
x28643	Sonnenenergie	CC-BY 2.0 (France) Attribution: tatoeba.org #4241443 (Hybrid) & #4242084 (raggione)
x28644	Wetterlage	CC-BY 2.0 (France) Attribution: tatoeba.org #3732832 (CK) & #4077550 (raggione)
x28645	Relativität	CC-BY 2.0 (France) Attribution: tatoeba.org #71918 (CM) & #455653 (MUIRIEL)
x28646	durchschreiten	CC-BY 2.0 (France) Attribution: tatoeba.org #8867499 (CK) & #8867743 (Pfirsichbaeumchen)
x28647	Rechtsstaat	CC-BY 2.0 (France) Attribution: tatoeba.org #9382411 (CM) & #13029575 (Yorwba)
x28648	Sonnenuhr	CC-BY 2.0 (France) Attribution: tatoeba.org #8910356 (sundown) & #8641160 (Melang)
x28649	zwanzigmal	CC-BY 2.0 (France) Attribution: tatoeba.org #277494 (CM) & #765627 (MUIRIEL)
x28650	Handelsware	CC-BY 2.0 (France) Attribution: tatoeba.org #2268956 (_undertoad) & #2289476 (Pfirsichbaeumchen)
x28651	sieden	CC-BY 2.0 (France) Attribution: tatoeba.org #272857 (minshirui) & #362799 (Wolf)
x28652	Autobus	CC-BY 2.0 (France) Attribution: tatoeba.org #8174634 (shekitten) & #672707 (Manfredo)
x28653	Gegenrichtung	CC-BY 2.0 (France) Attribution: tatoeba.org #1230823 (CK) & #4901723 (al_ex_an_der)
x28654	Zigarettenpause	CC-BY 2.0 (France) Attribution: tatoeba.org #291748 (CK) & #649595 (samueldora)
x28655	Koryphäe	CC-BY 2.0 (France) Attribution: tatoeba.org #295712 (CM) & #438915 (xtofu80)
x28656	vorbestellen	CC-BY 2.0 (France) Attribution: tatoeba.org #33363 (CK) & #1862229 (Tamy)
x28657	Viehzucht	CC-BY 2.0 (France) Attribution: tatoeba.org #8907458 (The_World_Factbook) & #11771656 (Yorwba)
x28658	Geschwindigkeitsbegrenzung	CC-BY 2.0 (France) Attribution: tatoeba.org #10540440 (sundown) & #10109066 (Yorwba)
x28659	Sandpapier	CC-BY 2.0 (France) Attribution: tatoeba.org #9747100 (CK) & #12779020 (Vortarulo)
x28660	hineinbringen	CC-BY 2.0 (France) Attribution: tatoeba.org #2269092 (_undertoad) & #2289392 (Pfirsichbaeumchen)
x28661	Adler	CC-BY 2.0 (France) Attribution: tatoeba.org #4728326 (paper1n0) & #10065972 (Yorwba)
x28662	Klavierkonzert	CC-BY 2.0 (France) Attribution: tatoeba.org #6377808 (Hybrid) & #11979803 (Pfirsichbaeumchen)
x28663	vierjährig	CC-BY 2.0 (France) Attribution: tatoeba.org #2208788 (CK) & #2437493 (Pfirsichbaeumchen)
x28664	Schnabel	CC-BY 2.0 (France) Attribution: tatoeba.org #6956313 (shekitten) & #8222875 (Luiaard)
x28665	Sprachfehler	CC-BY 2.0 (France) Attribution: tatoeba.org #4284580 (patgfisher) & #4302469 (Pfirsichbaeumchen)
x28666	Hausbau	CC-BY 2.0 (France) Attribution: tatoeba.org #305726 (CK) & #2992450 (raggione)
x28667	Romancier	CC-BY 2.0 (France) Attribution: tatoeba.org #251268 (CM) & #2797116 (Pfirsichbaeumchen)
x28668	Autohersteller	CC-BY 2.0 (France) Attribution: tatoeba.org #9763343 (shekitten) & #12394004 (Yorwba)
x28669	Haken	CC-BY 2.0 (France) Attribution: tatoeba.org #321125 (CK) & #725108 (Esperantostern)
x28670	weiteressen	CC-BY 2.0 (France) Attribution: tatoeba.org #10081525 (CK) & #11810966 (Naina)
x28671	verrauchen	CC-BY 2.0 (France) Attribution: tatoeba.org #10263568 (sundown) & #10256218 (sakslane)
x28672	anbraten	CC-BY 2.0 (France) Attribution: tatoeba.org #10683654 (sundown) & #8427548 (Yorwba)
x28673	Attribut	CC-BY 2.0 (France) Attribution: tatoeba.org #2703246 (Hybrid) & #2703254 (Pfirsichbaeumchen)
x28674	Abstinenzler	CC-BY 2.0 (France) Attribution: tatoeba.org #1108095 (Scott) & #3979642 (Dani6187)
x28675	Studienzeit	CC-BY 2.0 (France) Attribution: tatoeba.org #29117 (CK) & #5222887 (Pfirsichbaeumchen)
x28676	Pflanzenfresser	CC-BY 2.0 (France) Attribution: tatoeba.org #10576024 (CK) & #12511990 (Naina)
x28677	zweischneidig	CC-BY 2.0 (France) Attribution: tatoeba.org #11086232 (shekitten) & #11171961 (Pfirsichbaeumchen)
x28678	Stimmbruch	CC-BY 2.0 (France) Attribution: tatoeba.org #73339 (CM) & #4489932 (Pfirsichbaeumchen)
x28679	Kanji	CC-BY 2.0 (France) Attribution: tatoeba.org #2180645 (CK) & #2181047 (Pfirsichbaeumchen)
x28680	Humus	CC-BY 2.0 (France) Attribution: tatoeba.org #327105 (CM) & #690829 (Manfredo)
x28681	Wirrkopf	CC-BY 2.0 (France) Attribution: tatoeba.org #2258900 (_undertoad) & #2365475 (Pfirsichbaeumchen)
x28682	Totenstille	CC-BY 2.0 (France) Attribution: tatoeba.org #3722190 (CM) & #4488165 (raggione)
x28683	Stadtleben	CC-BY 2.0 (France) Attribution: tatoeba.org #259639 (CK) & #636102 (Pfirsichbaeumchen)
x28684	Notunterkunft	CC-BY 2.0 (France) Attribution: tatoeba.org #8433277 (Hybrid) & #10212720 (Pfirsichbaeumchen)
x28685	Niederländer	CC-BY 2.0 (France) Attribution: tatoeba.org #807512 (Source_VOA) & #2051008 (Tamy)
x28686	Eiskunstlauf	CC-BY 2.0 (France) Attribution: tatoeba.org #3001781 (CK) & #3002784 (Pfirsichbaeumchen)
x28687	notgedrungen	CC-BY 2.0 (France) Attribution: tatoeba.org #12303522 (CK) & #13076192 (Waldelfe)
x28688	Snowboard	CC-BY 2.0 (France) Attribution: tatoeba.org #6718076 (CK) & #8088415 (Luiaard)
x28689	Biotechnologie	CC-BY 2.0 (France) Attribution: tatoeba.org #73821 (CK) & #576221 (cost)
x28690	Kaffeesahne	CC-BY 2.0 (France) Attribution: tatoeba.org #62862 (CK) & #368242 (lilygilder)
x28691	Amtsinhaber	CC-BY 2.0 (France) Attribution: tatoeba.org #10153562 (sundown) & #1562228 (Pfirsichbaeumchen)
x28692	Lampenschirm	CC-BY 2.0 (France) Attribution: tatoeba.org #521018 (darinmex) & #937977 (Esperantostern)
x28693	beschlagen	CC-BY 2.0 (France) Attribution: tatoeba.org #268556 (CK) & #2880188 (Pfirsichbaeumchen)
x28694	Rohöl	CC-BY 2.0 (France) Attribution: tatoeba.org #281573 (CK) & #651623 (sigfrido)
x28695	Abdankung	CC-BY 2.0 (France) Attribution: tatoeba.org #790326 (Eldad) & #842402 (Esperantostern)
x28696	Dachterrasse	CC-BY 2.0 (France) Attribution: tatoeba.org #8464148 (shekitten) & #6766860 (brauchinet)
x28697	Neujahrstag	CC-BY 2.0 (France) Attribution: tatoeba.org #239448 (CK) & #331664 (SeeVogel)
x28698	gelüsten	CC-BY 2.0 (France) Attribution: tatoeba.org #31446 (CK) & #2208201 (Tamy)
x28699	Verkehrsregel	CC-BY 2.0 (France) Attribution: tatoeba.org #10167421 (CK) & #10168497 (Pfirsichbaeumchen)
x28700	Korrektheit	CC-BY 2.0 (France) Attribution: tatoeba.org #320961 (CK) & #616345 (samueldora)
x28701	Einbildungskraft	CC-BY 2.0 (France) Attribution: tatoeba.org #2158515 (Hybrid) & #2226506 (Pfirsichbaeumchen)
x28702	hochsteigen	CC-BY 2.0 (France) Attribution: tatoeba.org #1130098 (cntrational) & #2530217 (raggione)
x28703	süßlich	CC-BY 2.0 (France) Attribution: tatoeba.org #10736246 (sundown) & #2601378 (al_ex_an_der)
x28704	Mountainbike	CC-BY 2.0 (France) Attribution: tatoeba.org #320896 (CM) & #369931 (kriskelvin)
x28705	Unterseeboot	CC-BY 2.0 (France) Attribution: tatoeba.org #2268578 (_undertoad) & #2290133 (Pfirsichbaeumchen)
x28706	Sauwetter	CC-BY 2.0 (France) Attribution: tatoeba.org #1475903 (niceguydave) & #921080 (Esperantostern)
x28707	Füllfederhalter	CC-BY 2.0 (France) Attribution: tatoeba.org #56794 (CK) & #2575822 (Tamy)
x28708	deinerseits	CC-BY 2.0 (France) Attribution: tatoeba.org #2274133 (sharptoothed) & #3271509 (raggione)
x28709	wiederholt	CC-BY 2.0 (France) Attribution: tatoeba.org #3396566 (CK) & #3406754 (Pfirsichbaeumchen)
x28710	Omnibus	CC-BY 2.0 (France) Attribution: tatoeba.org #3798934 (Eldad) & #3800711 (Esperantostern)
x28711	Ethanol	CC-BY 2.0 (France) Attribution: tatoeba.org #7813186 (Hybrid) & #8220454 (Pfirsichbaeumchen)
x28712	Verschwender	CC-BY 2.0 (France) Attribution: tatoeba.org #2203571 (CK) & #2205483 (Pfirsichbaeumchen)
x28713	aufraffen	CC-BY 2.0 (France) Attribution: tatoeba.org #256402 (CK) & #1030883 (al_ex_an_der)
x28714	Geschäftsstelle	CC-BY 2.0 (France) Attribution: tatoeba.org #247546 (CK) & #642618 (al_ex_an_der)
x28715	absinken	CC-BY 2.0 (France) Attribution: tatoeba.org #260684 (CM) & #943248 (Miyako)
x28716	zweijährig	CC-BY 2.0 (France) Attribution: tatoeba.org #72879 (CK) & #1499660 (samueldora)
x28717	Schutzhelm	CC-BY 2.0 (France) Attribution: tatoeba.org #5858879 (CK) & #12094649 (Augustus)
x28718	Sommerurlaub	CC-BY 2.0 (France) Attribution: tatoeba.org #2613706 (CK) & #2614431 (brauchinet)
x28719	Kinderkrankheit	CC-BY 2.0 (France) Attribution: tatoeba.org #680380 (Source_VOA) & #960608 (sigfrido)
x28720	Katzenminze	CC-BY 2.0 (France) Attribution: tatoeba.org #1806275 (Spamster) & #1806282 (Pfirsichbaeumchen)
x28721	Doppelkinn	CC-BY 2.0 (France) Attribution: tatoeba.org #2131392 (freddy1) & #2131391 (freddy1)
x28722	Sachverstand	CC-BY 2.0 (France) Attribution: tatoeba.org #682142 (Source_VOA) & #738146 (al_ex_an_der)
x28723	Pathos	CC-BY 2.0 (France) Attribution: tatoeba.org #1745626 (Spamster) & #1745637 (al_ex_an_der)
x28724	Einfuhr	CC-BY 2.0 (France) Attribution: tatoeba.org #10273772 (sundown) & #7726695 (brauchinet)
x28725	Grobheit	CC-BY 2.0 (France) Attribution: tatoeba.org #260640 (CK) & #551608 (Pfirsichbaeumchen)
x28726	Selbstverständlichkeit	CC-BY 2.0 (France) Attribution: tatoeba.org #2256874 (CK) & #2019578 (Tamy)
x28727	gesalzen	CC-BY 2.0 (France) Attribution: tatoeba.org #631172 (CM) & #714483 (Manfredo)
x28728	Bauarbeiter	CC-BY 2.0 (France) Attribution: tatoeba.org #1740827 (Spamster) & #1743606 (Pfirsichbaeumchen)
x28729	Traumfrau	CC-BY 2.0 (France) Attribution: tatoeba.org #317018 (CC) & #2802167 (BraveSentry)
x28730	Großfamilie	CC-BY 2.0 (France) Attribution: tatoeba.org #285731 (CK) & #1361415 (SeeVogel)
x28731	Holzklotz	CC-BY 2.0 (France) Attribution: tatoeba.org #3174723 (Hybrid) & #3180583 (Pfirsichbaeumchen)
x28732	Plagiat	CC-BY 2.0 (France) Attribution: tatoeba.org #587628 (darinmex) & #951575 (Sudajaengi)
x28733	Fachbegriff	CC-BY 2.0 (France) Attribution: tatoeba.org #10528373 (sundown) & #8641817 (Melang)
x28734	Lüfter	CC-BY 2.0 (France) Attribution: tatoeba.org #41390 (CM) & #480341 (Ullalia)
x28735	Wanderweg	CC-BY 2.0 (France) Attribution: tatoeba.org #8885189 (CK) & #8902226 (Pfirsichbaeumchen)
x28736	Abendausgabe	CC-BY 2.0 (France) Attribution: tatoeba.org #273536 (CK) & #403822 (xtofu80)
x28737	Badetuch	CC-BY 2.0 (France) Attribution: tatoeba.org #6615526 (Eccles17) & #12689259 (Waldelfe)
x28738	Geldanlage	CC-BY 2.0 (France) Attribution: tatoeba.org #1796825 (CK) & #1796694 (Tamy)
x28739	Zigarettenanzünder	CC-BY 2.0 (France) Attribution: tatoeba.org #3890626 (Hybrid) & #3924186 (brauchinet)
x28740	registriert	CC-BY 2.0 (France) Attribution: tatoeba.org #42521 (CM) & #2161454 (Tamy)
x28741	Afrikaner	CC-BY 2.0 (France) Attribution: tatoeba.org #1761397 (Amastan) & #1986188 (Pfirsichbaeumchen)
x28742	Zither	CC-BY 2.0 (France) Attribution: tatoeba.org #2060651 (CK) & #2062409 (Pfirsichbaeumchen)
x28743	Sashimi	CC-BY 2.0 (France) Attribution: tatoeba.org #245498 (CK) & #923609 (Fingerhut)
x28744	Bahnstation	CC-BY 2.0 (France) Attribution: tatoeba.org #11690828 (sundown) & #3541457 (al_ex_an_der)
x28745	Hauswand	CC-BY 2.0 (France) Attribution: tatoeba.org #10068415 (CK) & #3275969 (raggione)
x28746	Sternstunde	CC-BY 2.0 (France) Attribution: tatoeba.org #10104817 (sundown) & #10092657 (sakslane)
x28747	Umtrunk	CC-BY 2.0 (France) Attribution: tatoeba.org #681231 (Source_VOA) & #2682154 (Pfirsichbaeumchen)
x28748	Mohrrübe	CC-BY 2.0 (France) Attribution: tatoeba.org #255297 (CK) & #511225 (al_ex_an_der)
x28749	Deich	CC-BY 2.0 (France) Attribution: tatoeba.org #10808910 (sundown) & #1355280 (Esperantostern)
x28750	Stubenhocker	CC-BY 2.0 (France) Attribution: tatoeba.org #2328107 (CK) & #4180366 (Pfirsichbaeumchen)
x28751	Garnitur	CC-BY 2.0 (France) Attribution: tatoeba.org #7528369 (CK) & #7528642 (raggione)
x28752	Rehkitz	CC-BY 2.0 (France) Attribution: tatoeba.org #53504 (CK) & #782801 (Hans_Adler)
x28753	Rumpelkammer	CC-BY 2.0 (France) Attribution: tatoeba.org #2548144 (CK) & #3235969 (Pfirsichbaeumchen)
x28754	Profilbild	CC-BY 2.0 (France) Attribution: tatoeba.org #7900306 (shekitten) & #8828028 (Pfirsichbaeumchen)
x28755	Wintersonnenwende	CC-BY 2.0 (France) Attribution: tatoeba.org #10130038 (sundown) & #8862040 (Pfirsichbaeumchen)
x28756	Muslima	CC-BY 2.0 (France) Attribution: tatoeba.org #8201105 (Amastan) & #9167677 (Pfirsichbaeumchen)
x28757	Kegelbahn	CC-BY 2.0 (France) Attribution: tatoeba.org #1935256 (Spamster) & #1935353 (Pfirsichbaeumchen)
x28758	Grippeimpfung	CC-BY 2.0 (France) Attribution: tatoeba.org #12515216 (CK) & #13533609 (Waldelfe)
x28759	tatkräftig	CC-BY 2.0 (France) Attribution: tatoeba.org #2258587 (_undertoad) & #2369715 (Pfirsichbaeumchen)
x28760	Bücherschrank	CC-BY 2.0 (France) Attribution: tatoeba.org #56798 (CK) & #2575836 (Tamy)
x28761	Ägypter	CC-BY 2.0 (France) Attribution: tatoeba.org #6863235 (Hybrid) & #7027538 (Pfirsichbaeumchen)
x28762	Siedepunkt	CC-BY 2.0 (France) Attribution: tatoeba.org #11246093 (sundown) & #1717086 (fenris)
x28763	Mittwochnachmittag	CC-BY 2.0 (France) Attribution: tatoeba.org #575346 (CM) & #3466187 (Esperantostern)
x28764	Regenwetter	CC-BY 2.0 (France) Attribution: tatoeba.org #4959444 (CM) & #4960607 (Pfirsichbaeumchen)
x28765	entkoffeiniert	CC-BY 2.0 (France) Attribution: tatoeba.org #2361661 (CK) & #2660248 (Pfirsichbaeumchen)
x28766	Anwältin	CC-BY 2.0 (France) Attribution: tatoeba.org #681810 (Source_VOA) & #756060 (al_ex_an_der)
x28767	erwehren	CC-BY 2.0 (France) Attribution: tatoeba.org #12262559 (CK) & #12262560 (brauchinet)
x28768	Zigarettenrauch	CC-BY 2.0 (France) Attribution: tatoeba.org #3636204 (CK) & #3817791 (Esperantostern)
x28769	Emigrant	CC-BY 2.0 (France) Attribution: tatoeba.org #45684 (CK) & #1963019 (Tamy)
x28770	zusammenkleben	CC-BY 2.0 (France) Attribution: tatoeba.org #12121624 (CK) & #12572147 (Waldelfe)
x28771	raspeln	CC-BY 2.0 (France) Attribution: tatoeba.org #11097792 (sundown) & #10673071 (Yorwba)
x28772	Garant	CC-BY 2.0 (France) Attribution: tatoeba.org #6447269 (Hybrid) & #6447541 (Pfirsichbaeumchen)
x28773	scheel	CC-BY 2.0 (France) Attribution: tatoeba.org #316736 (CM) & #2449753 (Manfredo)
x28774	Verdauungsstörung	CC-BY 2.0 (France) Attribution: tatoeba.org #10660430 (AlanF_US) & #2943731 (al_ex_an_der)
x28775	Stemmeisen	CC-BY 2.0 (France) Attribution: tatoeba.org #11097808 (sundown) & #1922534 (Pfirsichbaeumchen)
x28776	Schwall	CC-BY 2.0 (France) Attribution: tatoeba.org #10746421 (CK) & #12537066 (Yorwba)
x28777	Schriftart	CC-BY 2.0 (France) Attribution: tatoeba.org #1744619 (Amastan) & #1746028 (Pfirsichbaeumchen)
x28778	Biologin	CC-BY 2.0 (France) Attribution: tatoeba.org #5858261 (CK) & #8447800 (Luiaard)
x28779	Sonnenmilch	CC-BY 2.0 (France) Attribution: tatoeba.org #6957805 (Hybrid) & #11112231 (Pfirsichbaeumchen)
x28780	Nachbarin	CC-BY 2.0 (France) Attribution: tatoeba.org #11856449 (CK) & #12238169 (Naina)
x28781	Lächerlichkeit	CC-BY 2.0 (France) Attribution: tatoeba.org #41601 (CK) & #2010857 (Tamy)
x28782	apportieren	CC-BY 2.0 (France) Attribution: tatoeba.org #5544748 (Hybrid) & #5551936 (Pfirsichbaeumchen)
x28783	Gitarrenspiel	CC-BY 2.0 (France) Attribution: tatoeba.org #1739475 (Amastan) & #1743819 (Pfirsichbaeumchen)
x28784	bedachen	CC-BY 2.0 (France) Attribution: tatoeba.org #1702324 (Spamster) & #1708151 (al_ex_an_der)
x28785	Exfreund	CC-BY 2.0 (France) Attribution: tatoeba.org #3416677 (Hybrid) & #3428772 (Pfirsichbaeumchen)
x28786	muten	CC-BY 2.0 (France) Attribution: tatoeba.org #5231061 (CK) & #5233749 (Pfirsichbaeumchen)
x28787	Tagesende	CC-BY 2.0 (France) Attribution: tatoeba.org #279830 (CK) & #11758512 (Yorwba)
x28788	Elastizität	CC-BY 2.0 (France) Attribution: tatoeba.org #56402 (CM) & #457865 (xtofu80)
x28789	aufleuchten	CC-BY 2.0 (France) Attribution: tatoeba.org #34104 (CM) & #966138 (Sudajaengi)
x28790	Kassenzettel	CC-BY 2.0 (France) Attribution: tatoeba.org #10110907 (ddnktr) & #12820352 (mhr)
x28791	hinauskommen	CC-BY 2.0 (France) Attribution: tatoeba.org #2049742 (CK) & #2049980 (Tamy)
x28792	Metronom	CC-BY 2.0 (France) Attribution: tatoeba.org #9199917 (sundown) & #7153275 (raggione)
x28793	Eieruhr	CC-BY 2.0 (France) Attribution: tatoeba.org #10741875 (CK) & #11825906 (Pfirsichbaeumchen)
x28794	Alkoholmissbrauch	CC-BY 2.0 (France) Attribution: tatoeba.org #1141313 (Source_VOA) & #2672315 (Pfirsichbaeumchen)
x28795	Industrialisierung	CC-BY 2.0 (France) Attribution: tatoeba.org #45146 (CK) & #1927550 (Tamy)
x28796	hobeln	CC-BY 2.0 (France) Attribution: tatoeba.org #443755 (CM) & #1258866 (Esperantostern)
x28797	Becken	CC-BY 2.0 (France) Attribution: tatoeba.org #2794076 (Hybrid) & #7015322 (Pfirsichbaeumchen)
x28798	Wahlbeteiligung	CC-BY 2.0 (France) Attribution: tatoeba.org #9440195 (sundown) & #2753969 (raggione)
x28799	Gewichtszunahme	CC-BY 2.0 (France) Attribution: tatoeba.org #2960821 (patgfisher) & #2964577 (brauchinet)
x28800	Meerestier	CC-BY 2.0 (France) Attribution: tatoeba.org #12901869 (CK) & #12907851 (Waldelfe)
x28801	Schiffsrumpf	CC-BY 2.0 (France) Attribution: tatoeba.org #2259377 (_undertoad) & #2351890 (Pfirsichbaeumchen)
x28802	Einkaufstasche	CC-BY 2.0 (France) Attribution: tatoeba.org #689903 (ulyssemc1) & #711584 (Esperantostern)
x28803	Personenschützer	CC-BY 2.0 (France) Attribution: tatoeba.org #8533488 (Amastan) & #8567105 (Pfirsichbaeumchen)
x28804	Fagott	CC-BY 2.0 (France) Attribution: tatoeba.org #2050677 (CK) & #2051409 (Pfirsichbaeumchen)
x28805	herausgehen	CC-BY 2.0 (France) Attribution: tatoeba.org #326340 (CM) & #660989 (Manfredo)
x28806	Unterstützer	CC-BY 2.0 (France) Attribution: tatoeba.org #287306 (CK) & #1511288 (Esperantostern)
x28807	Informatiker	CC-BY 2.0 (France) Attribution: tatoeba.org #483268 (CM) & #620754 (cost)
x28808	Stadtbücherei	CC-BY 2.0 (France) Attribution: tatoeba.org #3142028 (patgfisher) & #3142243 (Pfirsichbaeumchen)
x28809	überwuchern	CC-BY 2.0 (France) Attribution: tatoeba.org #12086617 (sundown) & #4817183 (Esperantostern)
x28810	schwanen	CC-BY 2.0 (France) Attribution: tatoeba.org #10106867 (CK) & #12607285 (Yorwba)
x28811	Brillenträgerin	CC-BY 2.0 (France) Attribution: tatoeba.org #1920431 (Spamster) & #1920781 (Pfirsichbaeumchen)
x28812	eingetragen	CC-BY 2.0 (France) Attribution: tatoeba.org #60146 (Zifre) & #3879376 (Zaghawa)
x28813	hager	CC-BY 2.0 (France) Attribution: tatoeba.org #802930 (Source_VOA) & #2732767 (Pfirsichbaeumchen)
x28814	Lob	CC-BY 2.0 (France) Attribution: tatoeba.org #10265910 (LimeGreenTeknii) & #10267461 (Pfirsichbaeumchen)
x28815	Obstbaum	CC-BY 2.0 (France) Attribution: tatoeba.org #11922769 (CK) & #12623664 (Waldelfe)
x28816	Urheberrecht	CC-BY 2.0 (France) Attribution: tatoeba.org #57006 (CK) & #2606130 (Tamy)
x28817	Volljährigkeit	CC-BY 2.0 (France) Attribution: tatoeba.org #315305 (CM) & #760481 (Esperantostern)
x28818	Buslinie	CC-BY 2.0 (France) Attribution: tatoeba.org #24454 (CK) & #7855385 (Pfirsichbaeumchen)
x28819	überragen	CC-BY 2.0 (France) Attribution: tatoeba.org #2268922 (_undertoad) & #5557274 (wolfgangth)
x28820	Schiebetür	CC-BY 2.0 (France) Attribution: tatoeba.org #9459040 (CK) & #9459483 (Pfirsichbaeumchen)
x28821	sehenswert	CC-BY 2.0 (France) Attribution: tatoeba.org #29406 (CK) & #738118 (Manfredo)
x28822	Kühlerhaube	CC-BY 2.0 (France) Attribution: tatoeba.org #558473 (darinmex) & #558619 (cost)
x28823	Kurpfuscher	CC-BY 2.0 (France) Attribution: tatoeba.org #402465 (Grayster) & #2672286 (Pfirsichbaeumchen)
x28824	Gesundung	CC-BY 2.0 (France) Attribution: tatoeba.org #58346 (CK) & #2802028 (Tamy)
x28825	Betreten	CC-BY 2.0 (France) Attribution: tatoeba.org #11936325 (CK) & #12544532 (Waldelfe)
x28826	Arbeitspensum	CC-BY 2.0 (France) Attribution: tatoeba.org #1481808 (al_ex_an_der) & #4792134 (al_ex_an_der)
x28827	auseinandergehen	CC-BY 2.0 (France) Attribution: tatoeba.org #6572365 (Hybrid) & #9841897 (Pfirsichbaeumchen)
x28828	Härte	CC-BY 2.0 (France) Attribution: tatoeba.org #2265995 (_undertoad) & #2322310 (Pfirsichbaeumchen)
x28829	blutjung	CC-BY 2.0 (France) Attribution: tatoeba.org #2258423 (_undertoad) & #2369791 (Pfirsichbaeumchen)
x28830	Wintersport	CC-BY 2.0 (France) Attribution: tatoeba.org #274905 (CK) & #4723770 (bonny37)
x28831	Briefmarkensammlung	CC-BY 2.0 (France) Attribution: tatoeba.org #259027 (CK) & #362267 (Wolf)
x28832	Tesafilm	CC-BY 2.0 (France) Attribution: tatoeba.org #434560 (lukaszpp) & #3888612 (pne)
x28833	Marktanteil	CC-BY 2.0 (France) Attribution: tatoeba.org #262591 (CK) & #786549 (Hans_Adler)
x28834	Nagelknipser	CC-BY 2.0 (France) Attribution: tatoeba.org #923369 (CK) & #928736 (Fingerhut)
x28835	Zwiebelsuppe	CC-BY 2.0 (France) Attribution: tatoeba.org #6805736 (CK) & #12511601 (Naina)
x28836	aalen	CC-BY 2.0 (France) Attribution: tatoeba.org #2324076 (Hybrid) & #2327482 (Tamy)
x28837	gernhaben	CC-BY 2.0 (France) Attribution: tatoeba.org #2243563 (CK) & #6642982 (Felixjp)
x28838	Reiterei	CC-BY 2.0 (France) Attribution: tatoeba.org #2259279 (_undertoad) & #2352146 (Pfirsichbaeumchen)
x28839	Geburtshaus	CC-BY 2.0 (France) Attribution: tatoeba.org #55453 (CK) & #2193192 (Pfirsichbaeumchen)
x28840	Hergang	CC-BY 2.0 (France) Attribution: tatoeba.org #8544328 (CK) & #11937399 (Pfirsichbaeumchen)
x28841	dusselig	CC-BY 2.0 (France) Attribution: tatoeba.org #2711918 (CK) & #3238651 (freddy1)
x28842	Toastbrot	CC-BY 2.0 (France) Attribution: tatoeba.org #11045308 (sundown) & #13692311 (Vortarulo)
x28843	entschlafen	CC-BY 2.0 (France) Attribution: tatoeba.org #273898 (CK) & #675839 (kroko)
x28844	Wasserstoffperoxid	CC-BY 2.0 (France) Attribution: tatoeba.org #10151076 (ddnktr) & #11995284 (Pfirsichbaeumchen)
x28845	Konzertsaal	CC-BY 2.0 (France) Attribution: tatoeba.org #6044538 (zumley) & #3754981 (raggione)
x28846	Gehässigkeit	CC-BY 2.0 (France) Attribution: tatoeba.org #644625 (darinmex) & #903921 (Sudajaengi)
x28847	Zahnärztin	CC-BY 2.0 (France) Attribution: tatoeba.org #10359573 (CK) & #12603841 (Waldelfe)
x28848	Simulant	CC-BY 2.0 (France) Attribution: tatoeba.org #2415783 (Hybrid) & #2438795 (Pfirsichbaeumchen)
x28849	beheizen	CC-BY 2.0 (France) Attribution: tatoeba.org #49345 (CK) & #2356632 (Espi)
x28850	Präsens	CC-BY 2.0 (France) Attribution: tatoeba.org #2242959 (CK) & #2244077 (Pfirsichbaeumchen)
x28851	Einzahl	CC-BY 2.0 (France) Attribution: tatoeba.org #3017188 (patgfisher) & #3017006 (raggione)
x28852	vereint	CC-BY 2.0 (France) Attribution: tatoeba.org #682262 (Source_VOA) & #714639 (Pfirsichbaeumchen)
x28853	Gerichtsurteil	CC-BY 2.0 (France) Attribution: tatoeba.org #2266009 (_undertoad) & #2322261 (Pfirsichbaeumchen)
x28854	Kanapee	CC-BY 2.0 (France) Attribution: tatoeba.org #43237 (CK) & #530145 (Manfredo)
x28855	Pfannenwender	CC-BY 2.0 (France) Attribution: tatoeba.org #8398578 (CK) & #8473350 (Luiaard)
x28856	Heidelbeere	CC-BY 2.0 (France) Attribution: tatoeba.org #4135471 (CK) & #4136214 (brauchinet)
x28857	buschig	CC-BY 2.0 (France) Attribution: tatoeba.org #519429 (darinmex) & #925696 (Esperantostern)
x28858	anspitzen	CC-BY 2.0 (France) Attribution: tatoeba.org #6661313 (CK) & #7535927 (Pfirsichbaeumchen)
x28859	Einrad	CC-BY 2.0 (France) Attribution: tatoeba.org #7022068 (CK) & #7063191 (quicksanddiver)
x28860	zeitlebens	CC-BY 2.0 (France) Attribution: tatoeba.org #251193 (CK) & #1822089 (Tamy)
x28861	Hack	CC-BY 2.0 (France) Attribution: tatoeba.org #7771647 (CK) & #11242478 (Yorwba)
x28862	vierblättrig	CC-BY 2.0 (France) Attribution: tatoeba.org #245517 (CK) & #5059553 (brauchinet)
x28863	verscheiden	CC-BY 2.0 (France) Attribution: tatoeba.org #285285 (CK) & #403018 (MUIRIEL)
x28864	chilenisch	CC-BY 2.0 (France) Attribution: tatoeba.org #6337136 (CK) & #12161258 (Pfirsichbaeumchen)
x28865	Linguistik	CC-BY 2.0 (France) Attribution: tatoeba.org #2819531 (CS) & #943771 (Miyako)
x28866	Heizöl	CC-BY 2.0 (France) Attribution: tatoeba.org #694085 (darinmex) & #806770 (BraveSentry)
x28867	Blutarmut	CC-BY 2.0 (France) Attribution: tatoeba.org #318537 (CM) & #4943073 (Hans_Adler)
x28868	verlachen	CC-BY 2.0 (France) Attribution: tatoeba.org #10569547 (sundown) & #1536108 (Pfirsichbaeumchen)
x28869	Geldbetrag	CC-BY 2.0 (France) Attribution: tatoeba.org #5725788 (CM) & #11780470 (Pfirsichbaeumchen)
x28870	herüberkommen	CC-BY 2.0 (France) Attribution: tatoeba.org #5161101 (CK) & #5164197 (Pfirsichbaeumchen)
x28871	Fahrtrichtung	CC-BY 2.0 (France) Attribution: tatoeba.org #438731 (beauzavier) & #439077 (xtofu80)
x28872	heranwachsend	CC-BY 2.0 (France) Attribution: tatoeba.org #271346 (Eldad) & #2997933 (pne)
x28873	Pantoffelheld	CC-BY 2.0 (France) Attribution: tatoeba.org #1493814 (niceguydave) & #1311862 (PeterR)
x28874	Drittklässler	CC-BY 2.0 (France) Attribution: tatoeba.org #9456073 (CK) & #9456913 (Pfirsichbaeumchen)
x28875	Naschkatze	CC-BY 2.0 (France) Attribution: tatoeba.org #256724 (CK) & #752674 (xtofu80)
x28876	Stoßzeit	CC-BY 2.0 (France) Attribution: tatoeba.org #2249237 (CK) & #2356901 (Espi)
